id,product_id,manufacturer_id,cat_id,root_cat_id,date,hits,clicks,last_modified
34817620,211757,722,11573,101,2021-08-27,4,0,2021-08-28 05:11:36.199285
34796949,211757,722,11573,101,2021-08-26,1,0,2021-08-27 05:33:40.291549
34763798,211757,722,11573,101,2021-08-25,1,0,2021-08-26 05:37:55.177134
34724382,211757,722,11573,101,2021-08-24,2,0,2021-08-25 05:21:18.105922
34634245,211757,722,11573,101,2021-08-21,3,3,2021-08-22 05:15:01.960611
34611924,211757,722,11573,101,2021-08-20,1,0,2021-08-21 05:55:45.422814
34537796,211757,722,11573,101,2021-08-18,2,0,2021-08-19 05:25:56.532656
34467880,211757,722,11573,101,2021-08-16,2,0,2021-08-17 05:27:29.624209
34439012,211757,722,11573,101,2021-08-15,1,1,2021-08-16 05:42:30.162939
34334396,211757,722,11573,101,2021-08-12,1,0,2021-08-13 05:42:17.418333
34291469,211757,722,11573,101,2021-08-11,2,0,2021-08-12 05:26:21.674007
34262453,211757,722,11573,101,2021-08-10,1,1,2021-08-11 05:44:54.107440
34122063,211757,722,11573,101,2021-08-06,1,1,2021-08-07 05:34:52.218073
34087908,211757,722,11573,101,2021-08-05,1,0,2021-08-06 05:40:55.356341
34045536,211757,722,11573,101,2021-08-04,2,0,2021-08-05 05:25:23.203756
34017036,211757,722,11573,101,2021-08-03,1,1,2021-08-04 05:42:06.175933
33968411,211757,722,11573,101,2021-08-02,4,1,2021-08-03 05:18:29.889585
33910266,211757,722,11573,101,2021-07-31,1,0,2021-08-01 05:33:35.497994
33825671,211757,722,11573,101,2021-07-29,4,2,2021-07-30 05:17:06.018676
33766149,211757,722,11573,101,2021-07-27,1,0,2021-07-28 05:43:31.095317
33730383,211757,722,11573,101,2021-07-26,1,1,2021-07-27 05:44:00.906105
33691863,211757,722,11573,101,2021-07-25,2,1,2021-07-26 05:18:00.913690
33668309,211757,722,11573,101,2021-07-24,1,0,2021-07-25 05:24:36.353644
33639065,211757,722,11573,101,2021-07-23,1,0,2021-07-24 05:28:08.482636
33596634,211757,722,11573,101,2021-07-22,4,4,2021-07-23 05:14:06.229635
33542326,211757,722,11573,101,2021-07-20,1,0,2021-07-21 05:38:01.085705
33501387,211757,722,11573,101,2021-07-19,2,2,2021-07-20 05:27:53.071490
33460151,211757,722,11573,101,2021-07-18,7,2,2021-07-19 05:10:14.204309
33436445,211757,722,11573,101,2021-07-17,2,1,2021-07-18 05:18:12.487841
33405874,211757,722,11573,101,2021-07-16,2,1,2021-07-17 05:18:57.387304
33144522,211757,722,11573,101,2021-07-08,4,3,2021-07-09 05:14:51.454304
33114918,211757,722,11573,101,2021-07-07,2,1,2021-07-08 05:25:58.693275
33070630,211757,722,11573,101,2021-07-06,4,4,2021-07-07 05:17:31.527317
33007031,211757,722,11573,101,2021-07-04,2,1,2021-07-05 05:25:01.546473
32982199,211757,722,11573,101,2021-07-03,1,1,2021-07-04 05:26:04.215642
32922616,211757,722,11573,101,2021-07-01,1,0,2021-07-02 05:33:09.133079
32787269,211757,722,11573,101,2021-06-27,1,0,2021-06-28 05:41:35.692320
32745781,211757,722,11573,101,2021-06-26,3,1,2021-06-27 05:16:27.266024
32723529,211757,722,11573,101,2021-06-25,1,0,2021-06-26 05:32:16.966553
32681446,211757,722,11573,101,2021-06-24,3,0,2021-06-25 05:17:59.121323
32658372,211757,722,11573,101,2021-06-23,1,0,2021-06-24 05:34:55.015444
32617604,211757,722,11573,101,2021-06-22,2,1,2021-06-23 05:29:25.052614
32577034,211757,722,11573,101,2021-06-21,3,1,2021-06-22 05:26:05.172810
32550329,211757,722,11573,101,2021-06-20,1,0,2021-06-21 05:48:23.127987
32507532,211757,722,11573,101,2021-06-19,2,0,2021-06-20 05:27:33.792288
32479841,211757,722,11573,101,2021-06-18,1,0,2021-06-19 05:36:17.049921
32368135,211757,722,11573,101,2021-06-15,2,0,2021-06-16 05:29:36.381134
32338303,211757,722,11573,101,2021-06-14,1,1,2021-06-15 05:55:36.438773
32285415,211757,722,11573,101,2021-06-13,5,2,2021-06-14 05:15:51.754705
32261200,211757,722,11573,101,2021-06-12,1,1,2021-06-13 05:38:59.996202
32186659,211757,722,11573,101,2021-06-10,2,0,2021-06-11 05:25:40.644332
32159604,211757,722,11573,101,2021-06-09,1,0,2021-06-10 05:36:52.111758
32114394,211757,722,11573,101,2021-06-08,4,0,2021-06-09 05:17:50.155990
32049526,211757,722,11573,101,2021-06-06,2,4,2021-06-07 05:29:22.364783
31993035,211757,722,11573,101,2021-06-04,1,1,2021-06-05 05:31:46.830230
31817692,211757,722,11573,101,2021-05-30,3,0,2021-05-31 05:20:21.509730
31699849,211757,722,11573,101,2021-05-26,1,1,2021-05-27 05:45:01.271964
31655800,211757,722,11573,101,2021-05-25,2,0,2021-05-26 05:33:03.344917
31612061,211757,722,11573,101,2021-05-24,4,1,2021-05-25 05:20:56.215011
31510361,211757,722,11573,101,2021-05-21,3,2,2021-05-22 05:17:55.961480
31486049,211757,722,11573,101,2021-05-20,1,0,2021-05-21 05:42:31.424944
31410429,211757,722,11573,101,2021-05-18,1,2,2021-05-19 05:50:12.216302
31336873,211757,722,11573,101,2021-05-16,2,1,2021-05-17 05:22:58.785018
31265877,211757,722,11573,101,2021-05-14,3,0,2021-05-15 05:19:04.282169
31234802,211757,722,11573,101,2021-05-13,2,1,2021-05-14 05:24:49.212131
31207264,211757,722,11573,101,2021-05-12,1,1,2021-05-13 05:35:04.560903
31161175,211757,722,11573,101,2021-05-11,4,0,2021-05-12 05:17:36.610873
31092454,211757,722,11573,101,2021-05-09,2,0,2021-05-10 05:34:43.774131
31030564,211757,722,11573,101,2021-05-07,1,0,2021-05-08 05:36:40.448275
30954297,211757,722,11573,101,2021-05-05,2,0,2021-05-06 05:28:56.326675
30887814,211757,722,11573,101,2021-05-03,1,0,2021-05-04 05:55:01.037036
30838862,211757,722,11573,101,2021-05-02,3,1,2021-05-03 05:24:23.457185
30702612,211757,722,11573,101,2021-04-28,2,0,2021-04-29 05:28:25.929645
30627944,211757,722,11573,101,2021-04-26,2,0,2021-04-27 05:35:33.158175
30512252,211757,722,11573,101,2021-04-23,2,0,2021-04-24 05:26:49.578027
30469466,211757,722,11573,101,2021-04-22,5,1,2021-04-23 05:15:17.898700
30446209,211757,722,11573,101,2021-04-21,1,0,2021-04-22 05:49:37.612904
30371044,211757,722,11573,101,2021-04-19,1,0,2021-04-20 05:53:23.877523
30292940,211757,722,11573,101,2021-04-17,2,0,2021-04-18 05:23:49.328654
30231101,211757,722,11573,101,2021-04-15,1,0,2021-04-16 05:46:48.501083
30156260,211757,722,11573,101,2021-04-13,1,0,2021-04-14 05:50:54.760115
30078051,211757,722,11573,101,2021-04-11,1,1,2021-04-12 05:56:56.136213
30039446,211757,722,11573,101,2021-04-10,1,0,2021-04-11 05:44:49.094164
29991505,211757,722,11573,101,2021-04-09,3,0,2021-04-10 05:20:57.697924
29914673,211757,722,11573,101,2021-04-07,3,1,2021-04-08 05:26:45.196183
29886959,211757,722,11573,101,2021-04-06,1,0,2021-04-07 05:58:29.324487
29762191,211757,722,11573,101,2021-04-03,3,0,2021-04-04 05:16:52.718162
29739000,211757,722,11573,101,2021-04-02,1,0,2021-04-03 05:36:42.081034
29705451,211757,722,11573,101,2021-04-01,1,0,2021-04-02 05:32:38.388819
29623204,211757,722,11573,101,2021-03-30,3,0,2021-03-31 05:19:52.082615
29582550,211757,722,11573,101,2021-03-29,6,2,2021-03-30 05:13:36.999173
29553842,211757,722,11573,101,2021-03-28,2,0,2021-03-29 05:27:26.773420
29515737,211757,722,11573,101,2021-03-27,3,3,2021-03-28 05:19:00.997041
29485248,211757,722,11573,101,2021-03-26,2,2,2021-03-27 05:22:19.472162
29458302,211757,722,11573,101,2021-03-25,1,0,2021-03-26 05:38:28.432116
29410425,211757,722,11573,101,2021-03-24,4,0,2021-03-25 05:17:01.933873
29386494,211757,722,11573,101,2021-03-23,1,0,2021-03-24 05:47:23.322521
29309990,211757,722,11573,101,2021-03-21,1,0,2021-03-22 05:55:01.866668
29225463,211757,722,11573,101,2021-03-19,3,1,2021-03-20 05:17:44.830523
29200721,211757,722,11573,101,2021-03-18,1,2,2021-03-19 05:40:51.671308
29153582,211757,722,11573,101,2021-03-17,3,2,2021-03-18 05:20:28.627911
29120417,211757,722,11573,101,2021-03-16,2,0,2021-03-17 05:28:46.248022
29083176,211757,722,11573,101,2021-03-15,2,1,2021-03-16 05:30:24.483529
29035937,211757,722,11573,101,2021-03-14,8,1,2021-03-15 05:11:32.229030
29015974,211757,722,11573,101,2021-03-13,1,0,2021-03-14 05:37:46.732775
28931364,211757,722,11573,101,2021-03-11,6,3,2021-03-12 05:12:10.610431
28902564,211757,722,11573,101,2021-03-10,2,0,2021-03-11 05:26:18.577550
28858551,211757,722,11573,101,2021-03-09,6,2,2021-03-10 05:12:27.521249
28837153,211757,722,11573,101,2021-03-08,1,0,2021-03-09 05:43:16.385951
28758572,211757,722,11573,101,2021-03-06,2,0,2021-03-07 05:23:24.620341
28724959,211757,722,11573,101,2021-03-05,2,0,2021-03-06 05:20:25.490480
28663188,211757,722,11573,101,2021-03-03,1,2,2021-03-04 05:40:26.794312
28618612,211757,722,11573,101,2021-03-02,2,0,2021-03-03 05:27:05.549978
28576651,211757,722,11573,101,2021-03-01,3,1,2021-03-02 05:22:51.697921
28543201,211757,722,11573,101,2021-02-28,2,1,2021-03-01 05:25:30.690771
28475124,211757,722,11573,101,2021-02-26,2,1,2021-02-27 05:20:57.054567
28369347,211757,722,11573,101,2021-02-23,2,0,2021-02-24 05:26:31.556175
28329217,211757,722,11573,101,2021-02-22,3,2,2021-02-23 05:24:12.465445
28296172,211757,722,11573,101,2021-02-21,2,0,2021-02-22 05:26:48.206369
28260595,211757,722,11573,101,2021-02-20,2,0,2021-02-21 05:22:32.356966
28233870,211757,722,11573,101,2021-02-19,1,1,2021-02-20 05:34:08.249419
28193631,211757,722,11573,101,2021-02-18,2,0,2021-02-19 05:24:04.126821
28158754,211757,722,11573,101,2021-02-17,2,0,2021-02-18 05:26:14.754402
28122951,211757,722,11573,101,2021-02-16,2,2,2021-02-17 05:27:28.637988
28085989,211757,722,11573,101,2021-02-15,2,2,2021-02-16 05:31:44.403880
28041652,211757,722,11573,101,2021-02-14,7,3,2021-02-15 05:10:52.349672
28009467,211757,722,11573,101,2021-02-13,5,0,2021-02-14 05:12:20.914416
27973434,211757,722,11573,101,2021-02-12,10,8,2021-02-13 05:08:42.097427
27948233,211757,722,11573,101,2021-02-11,2,0,2021-02-12 08:52:12.246152
27883865,211757,722,11573,101,2021-02-10,1,4,2021-02-11 21:12:39.247767
27670790,211757,722,11573,101,2021-02-08,8,6,2021-02-09 05:12:09.159905
27587185,211757,722,11573,101,2021-02-07,4,3,2021-02-08 05:20:09.883456
27562924,211757,722,11573,101,2021-02-06,1,1,2021-02-07 05:41:47.287600
27520513,211757,722,11573,101,2021-02-05,2,2,2021-02-06 05:26:24.920891
27484620,211757,722,11573,101,2021-02-04,2,1,2021-02-05 05:35:16.244741
27454669,211757,722,11573,101,2021-02-03,1,0,2021-02-04 05:53:53.333815
27365530,211757,722,11573,101,2021-02-01,4,1,2021-02-02 05:24:10.164973
27329474,211757,722,11573,101,2021-01-31,3,0,2021-02-01 05:26:58.066735
27289680,211757,722,11573,101,2021-01-30,5,2,2021-01-31 05:14:59.283258
27267606,211757,722,11573,101,2021-01-29,1,3,2021-01-30 05:41:41.260549
27231891,211757,722,11573,101,2021-01-28,1,0,2021-01-29 05:46:57.052694
27187387,211757,722,11573,101,2021-01-27,2,2,2021-01-28 05:30:26.305462
27146391,211757,722,11573,101,2021-01-26,3,2,2021-01-27 05:25:16.745502
27101465,211757,722,11573,101,2021-01-25,9,5,2021-01-26 05:12:17.035070
27072893,211757,722,11573,101,2021-01-24,2,1,2021-01-25 05:33:45.663196
26996489,211757,722,11573,101,2021-01-22,3,1,2021-01-23 05:19:17.573781
26955849,211757,722,11573,101,2021-01-21,5,1,2021-01-22 05:15:56.212335
26921994,211757,722,11573,101,2021-01-20,3,1,2021-01-21 05:22:49.067544
26839899,211757,722,11573,101,2021-01-18,5,1,2021-01-19 05:21:51.237478
27633312,211757,722,11573,101,2021-01-17,5,1,2021-02-08 18:53:56.002187
26728422,211757,722,11573,101,2021-01-16,2,0,2021-01-17 05:34:55.076502
26687024,211757,722,11573,101,2021-01-15,3,4,2021-01-16 05:23:39.512029
26608802,211757,722,11573,101,2021-01-13,3,0,2021-01-14 05:28:36.203947
26572407,211757,722,11573,101,2021-01-12,2,0,2021-01-13 05:43:46.380253
26531858,211757,722,11573,101,2021-01-11,2,0,2021-01-12 05:48:16.816668
26486754,211757,722,11573,101,2021-01-10,3,5,2021-01-11 08:25:05.916814
26446885,211757,722,11573,101,2021-01-09,3,2,2021-01-10 09:26:01.705461
26405630,211757,722,11573,101,2021-01-08,4,0,2021-01-09 07:47:04.570789
26380201,211757,722,11573,101,2021-01-07,1,1,2021-01-08 20:07:12.790481
26306362,211757,722,11573,101,2021-01-06,5,2,2021-01-07 06:51:34.532583
27855113,211757,722,11573,101,2021-01-03,0,2,2021-02-11 16:07:00.294370
26166693,211757,722,11573,101,2020-12-31,1,1,2021-01-01 05:11:00.959660
26137898,211757,722,11573,101,2020-12-29,1,1,2020-12-30 05:20:00.117788
26023875,211757,722,11573,101,2020-12-21,2,0,2020-12-22 05:09:20.514554
25998468,211757,722,11573,101,2020-12-19,1,0,2020-12-20 05:13:53.031417
25970506,211757,722,11573,101,2020-12-17,1,3,2020-12-18 05:15:42.990999
25955304,211757,722,11573,101,2020-12-16,1,0,2020-12-17 05:18:38.155352
25904729,211757,722,11573,101,2020-12-13,1,1,2020-12-14 05:23:14.821238
25871867,211757,722,11573,101,2020-12-11,1,0,2020-12-12 05:18:21.218960
25855274,211757,722,11573,101,2020-12-10,1,2,2020-12-11 05:22:58.839780
25592300,211757,722,11573,101,2020-11-27,2,0,2020-11-28 07:53:01.409336
25448182,211757,722,11573,101,2020-11-22,2,0,2020-11-23 07:46:44.076998
25411237,211757,722,11573,101,2020-11-21,1,0,2020-11-22 08:09:53.368580
25355991,211757,722,11573,101,2020-11-20,2,0,2020-11-21 06:58:43.907396
25261516,211757,722,11573,101,2020-11-18,4,1,2020-11-19 05:35:34.086443
25238692,211757,722,11573,101,2020-11-17,3,0,2020-11-18 05:38:42.783376
25196715,211757,722,11573,101,2020-11-16,3,1,2020-11-17 05:41:03.758113
25110735,211757,722,11573,101,2020-11-14,4,1,2020-11-15 05:24:01.795571
25085008,211757,722,11573,101,2020-11-13,1,0,2020-11-14 05:59:55.967781
25027242,211757,722,11573,101,2020-11-12,7,1,2020-11-13 05:20:16.759258
24995686,211757,722,11573,101,2020-11-11,2,0,2020-11-12 06:17:39.898852
24962080,211757,722,11573,101,2020-11-10,1,0,2020-11-11 06:13:29.481551
24910496,211757,722,11573,101,2020-11-09,3,0,2020-11-10 05:30:15.672784
24883563,211757,722,11573,101,2020-11-08,1,0,2020-11-09 05:54:58.067073
24838762,211757,722,11573,101,2020-11-07,2,0,2020-11-08 05:28:04.899583
24803799,211757,722,11573,101,2020-11-06,2,2,2020-11-07 05:25:09.176162
24731768,211757,722,11573,101,2020-11-04,2,0,2020-11-05 05:27:59.305636
24695877,211757,722,11573,101,2020-11-03,2,0,2020-11-04 05:29:30.418920
24659356,211757,722,11573,101,2020-11-02,2,0,2020-11-03 05:32:21.886706
24622030,211757,722,11573,101,2020-11-01,2,0,2020-11-02 05:30:53.672883
24593657,211757,722,11573,101,2020-10-31,1,1,2020-11-01 05:33:57.195725
24549147,211757,722,11573,101,2020-10-30,4,0,2020-10-31 05:13:22.237732
24517184,211757,722,11573,101,2020-10-29,3,1,2020-10-30 05:19:55.739072
24480078,211757,722,11573,101,2020-10-28,4,0,2020-10-29 05:16:31.847337
24457396,211757,722,11573,101,2020-10-27,1,1,2020-10-28 05:45:44.198889
24421608,211757,722,11573,101,2020-10-26,1,1,2020-10-27 05:42:26.113095
24370156,211757,722,11573,101,2020-10-25,4,2,2020-10-26 05:19:03.922290
24347100,211757,722,11573,101,2020-10-24,1,0,2020-10-25 05:34:16.399055
24273718,211757,722,11573,101,2020-10-22,2,1,2020-10-23 05:25:29.011744
24235322,211757,722,11573,101,2020-10-21,3,3,2020-10-22 05:19:30.371684
24199343,211757,722,11573,101,2020-10-20,3,1,2020-10-21 05:23:41.472114
24132324,211757,722,11573,101,2020-10-18,2,0,2020-10-19 05:25:00.887748
24061861,211757,722,11573,101,2020-10-16,5,1,2020-10-17 05:10:49.923164
24027544,211757,722,11573,101,2020-10-15,8,1,2020-10-16 05:08:32.793857
24002477,211757,722,11573,101,2020-10-14,2,1,2020-10-15 05:23:37.867826
23975627,211757,722,11573,101,2020-10-13,1,1,2020-10-14 05:37:17.512499
23907169,211757,722,11573,101,2020-10-11,1,0,2020-10-12 05:35:47.395981
23862770,211757,722,11573,101,2020-10-10,4,0,2020-10-11 05:12:37.231662
23842200,211757,722,11573,101,2020-10-09,1,1,2020-10-10 05:32:19.234830
23810096,211757,722,11573,101,2020-10-08,1,1,2020-10-09 05:32:57.268911
23762209,211757,722,11573,101,2020-10-07,5,1,2020-10-08 05:12:39.922682
23731271,211757,722,11573,101,2020-10-06,3,0,2020-10-07 05:20:07.810177
23693921,211757,722,11573,101,2020-10-05,5,1,2020-10-06 05:14:24.446819
23540992,211757,722,11573,101,2020-09-30,2,0,2020-10-01 05:22:36.553797
23514913,211757,722,11573,101,2020-09-29,1,0,2020-09-30 05:36:54.171905
23472547,211757,722,11573,101,2020-09-28,2,0,2020-09-29 05:24:10.025491
23446443,211757,722,11573,101,2020-09-27,1,2,2020-09-28 05:34:50.189992
23383093,211757,722,11573,101,2020-09-25,1,0,2020-09-26 05:33:01.627234
23345254,211757,722,11573,101,2020-09-24,2,1,2020-09-25 05:23:57.375350
23279631,211757,722,11573,101,2020-09-22,1,0,2020-09-23 05:42:39.037340
23237202,211757,722,11573,101,2020-09-21,2,1,2020-09-22 05:27:52.617131
23149814,211757,722,11573,101,2020-09-19,3,0,2020-09-20 05:11:41.342367
23072206,211757,722,11573,101,2020-09-18,1,1,2020-09-19 05:44:59.400516
22965980,211757,722,11573,101,2020-09-17,2,0,2020-09-18 05:32:59.202538
22901498,211757,722,11573,101,2020-09-16,4,1,2020-09-17 05:15:11.204863
22872971,211757,722,11573,101,2020-09-15,2,0,2020-09-16 05:23:01.864784
22830341,211757,722,11573,101,2020-09-14,8,3,2020-09-15 05:11:13.655357
22802160,211757,722,11573,101,2020-09-13,3,1,2020-09-14 05:19:05.390415
22773190,211757,722,11573,101,2020-09-12,2,0,2020-09-13 05:22:04.443673
22741337,211757,722,11573,101,2020-09-11,2,1,2020-09-12 05:19:52.492339
22715948,211757,722,11573,101,2020-09-10,1,0,2020-09-11 05:32:01.187284
22671962,211757,722,11573,101,2020-09-09,4,1,2020-09-10 05:14:48.216323
22640332,211757,722,11573,101,2020-09-08,3,0,2020-09-09 05:18:20.780533
22616827,211757,722,11573,101,2020-09-07,1,0,2020-09-08 05:39:19.220397
22550390,211757,722,11573,101,2020-09-05,1,0,2020-09-06 05:28:45.019795
22481766,211757,722,11573,101,2020-09-03,2,1,2020-09-04 05:20:44.634152
22449887,211757,722,11573,101,2020-09-02,2,0,2020-09-03 05:20:16.465159
22424657,211757,722,11573,101,2020-09-01,1,1,2020-09-02 05:35:23.049142
22392137,211757,722,11573,101,2020-08-31,1,2,2020-09-01 05:36:13.059642
22359464,211757,722,11573,101,2020-08-30,1,0,2020-08-31 05:33:40.818101
22288826,211757,722,11573,101,2020-08-28,3,1,2020-08-29 05:14:06.652236
22260909,211757,722,11573,101,2020-08-27,2,0,2020-08-28 05:21:24.642899
22197159,211757,722,11573,101,2020-08-25,2,0,2020-08-26 05:23:19.229215
22171083,211757,722,11573,101,2020-08-24,1,0,2020-08-25 05:39:30.517017
22129706,211757,722,11573,101,2020-08-23,2,0,2020-08-24 05:26:31.205453
22096406,211757,722,11573,101,2020-08-22,2,0,2020-08-23 05:22:09.844296
22031961,211757,722,11573,101,2020-08-20,2,1,2020-08-21 05:22:06.849597
21881253,211757,722,11573,101,2020-08-15,1,0,2020-08-16 05:28:22.966453
21813922,211757,722,11573,101,2020-08-13,2,0,2020-08-14 05:22:58.551448
21788775,211757,722,11573,101,2020-08-12,1,0,2020-08-13 05:32:27.658426
21718046,211757,722,11573,101,2020-08-10,2,1,2020-08-11 05:24:39.669442
21693062,211757,722,11573,101,2020-08-09,1,1,2020-08-10 05:29:40.861128
21655446,211757,722,11573,101,2020-08-08,3,0,2020-08-09 05:13:13.727244
21626580,211757,722,11573,101,2020-08-07,3,4,2020-08-08 05:15:03.321030
21598984,211757,722,11573,101,2020-08-06,2,0,2020-08-07 05:26:55.550313
21572205,211757,722,11573,101,2020-08-05,1,0,2020-08-06 05:46:44.084908
21493182,211757,722,11573,101,2020-08-03,3,2,2020-08-04 05:22:24.786063
21460451,211757,722,11573,101,2020-08-02,3,2,2020-08-03 05:17:51.869120
21440183,211757,722,11573,101,2020-08-01,1,0,2020-08-02 05:23:12.321021
21378006,211757,722,11573,101,2020-07-30,2,0,2020-07-31 05:21:05.997043
21342860,211757,722,11573,101,2020-07-29,3,1,2020-07-30 05:18:20.757270
21312353,211757,722,11573,101,2020-07-28,2,1,2020-07-29 05:25:35.965334
21284603,211757,722,11573,101,2020-07-27,1,1,2020-07-28 05:42:24.433069
21239534,211757,722,11573,101,2020-07-26,4,4,2020-07-27 05:14:08.897703
21215618,211757,722,11573,101,2020-07-25,2,0,2020-07-26 05:16:56.387041
21134927,211757,722,11573,101,2020-07-22,1,0,2020-07-23 05:31:00.406276
21103808,211757,722,11573,101,2020-07-21,1,0,2020-07-22 05:38:20.910188
21040091,211757,722,11573,101,2020-07-19,1,0,2020-07-20 05:29:58.445734
21010100,211757,722,11573,101,2020-07-18,1,1,2020-07-19 05:28:03.233965
20971494,211757,722,11573,101,2020-07-17,3,0,2020-07-18 05:15:02.689821
20951263,211757,722,11573,101,2020-07-16,1,0,2020-07-17 05:27:22.868708
20913165,211757,722,11573,101,2020-07-15,3,1,2020-07-16 05:15:17.344382
20891384,211757,722,11573,101,2020-07-14,1,1,2020-07-15 05:39:03.159832
20853131,211757,722,11573,101,2020-07-13,2,0,2020-07-14 05:24:00.766290
20828252,211757,722,11573,101,2020-07-12,1,0,2020-07-13 05:32:29.752030
20787740,211757,722,11573,101,2020-07-11,5,1,2020-07-12 05:11:20.826274
20770432,211757,722,11573,101,2020-07-10,1,0,2020-07-11 05:29:30.992553
20633902,211757,722,11573,101,2020-07-06,3,3,2020-07-07 05:22:57.554570
20548937,211757,722,11573,101,2020-07-03,1,0,2020-07-04 05:31:48.257164
20439880,211757,722,11573,101,2020-06-30,10,0,2020-07-01 05:09:25.740972
20422995,211757,722,11573,101,2020-06-29,1,1,2020-06-30 05:43:02.647763
20361478,211757,722,11573,101,2020-06-27,1,0,2020-06-28 05:22:13.318141
20308539,211757,722,11573,101,2020-06-25,1,0,2020-06-26 05:30:39.056274
20250701,211757,722,11573,101,2020-06-23,1,0,2020-06-24 05:35:18.718862
20157971,211757,722,11573,101,2020-06-20,1,0,2020-06-21 05:29:07.791849
20098930,211757,722,11573,101,2020-06-18,2,0,2020-06-19 05:21:13.119482
20010929,211757,722,11573,101,2020-06-15,2,2,2020-06-16 05:26:59.218606
19986815,211757,722,11573,101,2020-06-14,1,0,2020-06-15 05:32:28.297659
19953201,211757,722,11573,101,2020-06-13,2,0,2020-06-14 05:17:16.685659
19931617,211757,722,11573,101,2020-06-12,1,1,2020-06-13 05:25:55.176725
19903933,211757,722,11573,101,2020-06-11,1,0,2020-06-12 05:29:43.835659
19874203,211757,722,11573,101,2020-06-10,1,0,2020-06-11 05:32:43.412543
19800505,211757,722,11573,101,2020-06-08,3,1,2020-06-09 05:22:04.926599
19743357,211757,722,11573,101,2020-06-06,1,0,2020-06-07 05:34:39.427756
19640071,211757,722,11573,101,2020-06-03,3,1,2020-06-04 05:18:56.788750
19612477,211757,722,11573,101,2020-06-02,2,2,2020-06-03 05:25:34.891699
19553413,211757,722,11573,101,2020-05-31,3,2,2020-06-01 05:12:56.023881
19535962,211757,722,11573,101,2020-05-30,1,0,2020-05-31 05:21:43.222728
19510294,211757,722,11573,101,2020-05-29,1,0,2020-05-30 05:26:11.964300
19439774,211757,722,11573,101,2020-05-27,4,0,2020-05-28 05:15:03.031464
19419075,211757,722,11573,101,2020-05-26,1,0,2020-05-27 05:39:17.408781
19376776,211757,722,11573,101,2020-05-25,3,1,2020-05-26 05:21:41.123303
19346522,211757,722,11573,101,2020-05-24,2,1,2020-05-25 05:28:34.564636
19319425,211757,722,11573,101,2020-05-23,1,0,2020-05-24 05:34:39.912905
19274031,211757,722,11573,101,2020-05-22,5,3,2020-05-23 05:13:44.220698
19255077,211757,722,11573,101,2020-05-21,1,1,2020-05-22 05:33:50.984290
19224250,211757,722,11573,101,2020-05-20,1,2,2020-05-21 05:29:33.691612
19194093,211757,722,11573,101,2020-05-19,1,0,2020-05-20 05:35:13.702500
19156328,211757,722,11573,101,2020-05-18,2,0,2020-05-19 05:25:13.521999
19132620,211757,722,11573,101,2020-05-17,1,0,2020-05-18 05:21:30.126614
19032152,211757,722,11573,101,2020-05-14,4,0,2020-05-15 05:16:49.500418
18996863,211757,722,11573,101,2020-05-13,8,3,2020-05-14 05:10:06.703974
18979283,211757,722,11573,101,2020-05-12,1,0,2020-05-13 05:40:24.006661
18912382,211757,722,11573,101,2020-05-10,1,0,2020-05-11 05:49:08.616939
18871376,211757,722,11573,101,2020-05-09,3,1,2020-05-10 05:17:00.431874
18844177,211757,722,11573,101,2020-05-08,2,0,2020-05-09 05:23:58.551769
18813824,211757,722,11573,101,2020-05-07,2,1,2020-05-08 05:24:03.710330
18779097,211757,722,11573,101,2020-05-06,3,0,2020-05-07 05:20:14.177368
18756638,211757,722,11573,101,2020-05-05,1,0,2020-05-06 05:41:57.567603
18715021,211757,722,11573,101,2020-05-04,3,0,2020-05-05 05:24:06.698209
18692383,211757,722,11573,101,2020-05-03,1,0,2020-05-04 05:41:59.480210
18592551,211757,722,11573,101,2020-04-30,3,1,2020-05-01 05:16:36.196030
18535411,211757,722,11573,101,2020-04-28,2,0,2020-04-29 05:27:41.580239
18477305,211757,722,11573,101,2020-04-26,1,0,2020-04-27 05:49:40.589028
18373795,211757,722,11573,101,2020-04-23,4,0,2020-04-24 05:19:25.349503
18354687,211757,722,11573,101,2020-04-22,1,0,2020-04-23 05:38:15.061599
18265067,211757,722,11573,101,2020-04-19,1,1,2020-04-20 05:42:14.904128
18229275,211757,722,11573,101,2020-04-18,2,1,2020-04-19 05:22:00.847118
18175230,211757,722,11573,101,2020-04-16,1,0,2020-04-17 05:50:05.461724
18070885,211757,722,11573,101,2020-04-13,2,0,2020-04-14 05:29:18.628927
18045945,211757,722,11573,101,2020-04-12,1,0,2020-04-13 05:35:53.607607
18007862,211757,722,11573,101,2020-04-11,3,0,2020-04-12 05:16:39.846451
17988278,211757,722,11573,101,2020-04-10,1,1,2020-04-11 05:29:02.885228
17955678,211757,722,11573,101,2020-04-09,2,2,2020-04-10 05:18:42.858301
17933213,211757,722,11573,101,2020-04-08,1,0,2020-04-09 05:32:49.227975
17904651,211757,722,11573,101,2020-04-07,1,0,2020-04-08 05:32:15.910583
17876263,211757,722,11573,101,2020-04-06,1,0,2020-04-07 05:39:04.499300
17840038,211757,722,11573,101,2020-04-05,2,0,2020-04-06 05:25:07.458858
17810892,211757,722,11573,101,2020-04-04,2,1,2020-04-05 05:21:01.467748
17702115,211757,722,11573,101,2020-03-31,1,2,2020-04-01 05:34:04.979870
17664165,211757,722,11573,101,2020-03-30,3,1,2020-03-31 05:18:43.681224
17633580,211757,722,11573,101,2020-03-29,4,2,2020-03-30 05:14:06.711743
17582732,211757,722,11573,101,2020-03-27,2,0,2020-03-28 05:18:57.830868
17553514,211757,722,11573,101,2020-03-26,3,1,2020-03-27 05:14:54.733054
17534379,211757,722,11573,101,2020-03-25,1,0,2020-03-26 05:28:43.887503
17507942,211757,722,11573,101,2020-03-24,1,0,2020-03-25 05:29:13.984943
17448989,211757,722,11573,101,2020-03-22,2,0,2020-03-23 05:19:29.752047
17397830,211757,722,11573,101,2020-03-20,3,1,2020-03-21 05:11:32.857195
17381424,211757,722,11573,101,2020-03-19,1,0,2020-03-20 05:22:48.757781
17352683,211757,722,11573,101,2020-03-18,2,0,2020-03-19 05:13:45.202013
17329969,211757,722,11573,101,2020-03-17,2,0,2020-03-18 05:13:38.551557
17304284,211757,722,11573,101,2020-03-16,4,1,2020-03-17 05:08:57.132670
17289961,211757,722,11573,101,2020-03-15,1,0,2020-03-16 05:18:58.661177
17268432,211757,722,11573,101,2020-03-14,1,0,2020-03-15 05:17:23.525318
17244085,211757,722,11573,101,2020-03-13,2,2,2020-03-14 05:10:25.373761
17229167,211757,722,11573,101,2020-03-12,1,0,2020-03-13 05:14:40.941598
17201758,211757,722,11573,101,2020-03-11,4,2,2020-03-12 05:08:59.009233
17127574,211757,722,11573,101,2020-03-08,1,0,2020-03-09 05:21:56.048549
17017275,211757,722,11573,101,2020-03-06,1,4,2020-03-07 05:18:31.653604
16979815,211757,722,11573,101,2020-03-05,2,0,2020-03-06 05:13:00.502750
16961506,211757,722,11573,101,2020-03-04,1,0,2020-03-05 05:18:01.324598
16861082,211757,722,11573,101,2020-03-01,3,0,2020-03-02 05:11:22.189024
16803460,211757,722,11573,101,2020-02-28,1,0,2020-02-29 05:22:38.842457
16778810,211757,722,11573,101,2020-02-27,1,0,2020-02-28 05:18:46.323788
16748677,211757,722,11573,101,2020-02-26,3,2,2020-02-27 05:10:24.502263
16727300,211757,722,11573,101,2020-02-25,2,1,2020-02-26 05:13:41.719456
16707886,211757,722,11573,101,2020-02-24,1,0,2020-02-25 05:22:20.738208
16678589,211757,722,11573,101,2020-02-23,2,2,2020-02-24 05:13:26.951984
16637835,211757,722,11573,101,2020-02-21,1,0,2020-02-22 05:17:35.268208
16585934,211757,722,11573,101,2020-02-19,2,0,2020-02-20 05:12:44.186760
16559870,211757,722,11573,101,2020-02-18,3,2,2020-02-19 05:11:07.526118
16508910,211757,722,11573,101,2020-02-16,4,0,2020-02-17 05:10:24.696304
16487090,211757,722,11573,101,2020-02-15,3,2,2020-02-16 05:10:17.230607
16420409,211757,722,11573,101,2020-02-12,2,1,2020-02-13 05:13:01.447146
16401475,211757,722,11573,101,2020-02-11,1,0,2020-02-12 05:21:12.563200
16368061,211757,722,11573,101,2020-02-10,4,1,2020-02-11 05:10:15.046306
16328884,211757,722,11573,101,2020-02-08,1,0,2020-02-09 05:20:12.553255
16284180,211757,722,11573,101,2020-02-06,1,0,2020-02-07 05:17:06.528311
16238159,211757,722,11573,101,2020-02-04,1,0,2020-02-05 05:19:03.947002
16214285,211757,722,11573,101,2020-02-03,1,0,2020-02-04 05:19:32.098231
16185360,211757,722,11573,101,2020-02-02,2,1,2020-02-03 05:12:38.444566
16118184,211757,722,11573,101,2020-01-30,2,0,2020-01-31 05:12:38.058380
16094961,211757,722,11573,101,2020-01-29,2,2,2020-01-30 05:13:11.018758
16067684,211757,722,11573,101,2020-01-28,4,1,2020-01-29 05:08:44.318781
16047182,211757,722,11573,101,2020-01-27,2,1,2020-01-28 05:14:40.404510
16027731,211757,722,11573,101,2020-01-26,1,0,2020-01-27 05:20:06.049357
16004915,211757,722,11573,101,2020-01-25,1,0,2020-01-26 05:17:46.499339
15975831,211757,722,11573,101,2020-01-24,3,1,2020-01-25 05:09:20.247367
15953014,211757,722,11573,101,2020-01-23,3,0,2020-01-24 05:09:51.347211
15931691,211757,722,11573,101,2020-01-22,2,1,2020-01-23 05:13:25.653415
15862700,211757,722,11573,101,2020-01-19,1,1,2020-01-20 05:23:57.817548
27621936,211757,722,11573,101,2020-01-18,0,1,2021-02-08 15:29:46.899359
15743204,211757,722,11573,101,2020-01-14,1,0,2020-01-15 05:23:31.787110
15706859,211757,722,11573,101,2020-01-13,6,0,2020-01-14 05:08:08.851805
15687272,211757,722,11573,101,2020-01-12,2,0,2020-01-13 05:16:32.203733
15658918,211757,722,11573,101,2020-01-11,4,0,2020-01-12 05:10:32.577610
15643364,211757,722,11573,101,2020-01-10,1,1,2020-01-11 05:21:39.781279
15584672,211757,722,11573,101,2020-01-08,4,3,2020-01-09 05:16:40.351942
15536319,211757,722,11573,101,2020-01-06,2,1,2020-01-07 06:41:42.481447
15515114,211757,722,11573,101,2020-01-05,1,0,2020-01-06 07:32:43.859982
15462552,211757,722,11573,101,2020-01-03,1,1,2020-01-04 06:35:44.293175
15423308,211757,722,11573,101,2020-01-02,5,2,2020-01-03 05:22:13.616981
15396622,211757,722,11573,101,2020-01-01,6,0,2020-01-02 05:05:32.916147
15378358,211757,722,11573,101,2019-12-31,3,1,2020-01-01 05:10:12.562251
15362640,211757,722,11573,101,2019-12-30,1,0,2019-12-31 05:31:25.164573
15337021,211757,722,11573,101,2019-12-29,1,0,2019-12-30 05:30:10.257036
15280929,211757,722,11573,101,2019-12-27,2,1,2019-12-28 05:24:28.599274
15251481,211757,722,11573,101,2019-12-26,4,1,2019-12-27 05:13:18.494954
15190342,211757,722,11573,101,2019-12-23,2,1,2019-12-24 05:11:48.629268
15151577,211757,722,11573,101,2019-12-21,1,1,2019-12-22 05:20:53.599520
15122384,211757,722,11573,101,2019-12-20,3,0,2019-12-21 05:11:50.375363
15100880,211757,722,11573,101,2019-12-19,2,0,2019-12-20 05:17:25.081111
15047059,211757,722,11573,101,2019-12-17,3,1,2019-12-18 05:16:39.142084
15021758,211757,722,11573,101,2019-12-16,2,2,2019-12-17 05:25:46.376491
14972385,211757,722,11573,101,2019-12-14,1,0,2019-12-15 05:29:47.137089
14946235,211757,722,11573,101,2019-12-13,1,0,2019-12-14 05:30:34.783923
14883060,211757,722,11573,101,2019-12-11,3,1,2019-12-12 05:15:57.234627
14857893,211757,722,11573,101,2019-12-10,2,0,2019-12-11 05:24:21.381537
14823382,211757,722,11573,101,2019-12-09,5,2,2019-12-10 05:13:54.433840
14800528,211757,722,11573,101,2019-12-08,2,1,2019-12-09 05:23:54.876222
14779073,211757,722,11573,101,2019-12-07,1,0,2019-12-08 05:28:26.960196
14747983,211757,722,11573,101,2019-12-06,2,2,2019-12-07 05:18:19.966976
14727062,211757,722,11573,101,2019-12-05,1,1,2019-12-06 05:31:57.892338
14653922,211757,722,11573,101,2019-11-30,1,1,2019-12-01 05:17:41.477878
14636901,211757,722,11573,101,2019-11-29,2,0,2019-11-30 06:15:42.045385
14609527,211757,722,11573,101,2019-11-28,2,2,2019-11-29 07:43:50.329899
14577907,211757,722,11573,101,2019-11-27,1,0,2019-11-28 07:36:32.759200
14524565,211757,722,11573,101,2019-11-26,4,1,2019-11-27 06:00:16.743226
14481721,211757,722,11573,101,2019-11-25,8,0,2019-11-26 05:42:07.690627
14366885,211757,722,11573,101,2019-11-21,6,0,2019-11-22 05:12:06.453458
14345979,211757,722,11573,101,2019-11-20,2,0,2019-11-21 05:24:08.966058
14319531,211757,722,11573,101,2019-11-19,2,2,2019-11-20 05:24:44.792289
14298702,211757,722,11573,101,2019-11-18,1,1,2019-11-19 05:35:48.427817
14272325,211757,722,11573,101,2019-11-17,1,0,2019-11-18 05:30:49.320122
14214960,211757,722,11573,101,2019-11-15,3,0,2019-11-16 05:12:21.258054
14190673,211757,722,11573,101,2019-11-14,3,1,2019-11-15 05:12:38.693189
14173207,211757,722,11573,101,2019-11-13,1,0,2019-11-14 05:28:14.327129
14147794,211757,722,11573,101,2019-11-12,1,0,2019-11-13 05:32:15.405686
14115489,211757,722,11573,101,2019-11-11,2,1,2019-11-12 05:42:25.557528
14093558,211757,722,11573,101,2019-11-10,1,0,2019-11-11 05:40:28.903682
14068400,211757,722,11573,101,2019-11-09,1,0,2019-11-10 05:26:46.990417
14044726,211757,722,11573,101,2019-11-08,1,0,2019-11-09 05:23:59.734456
14021640,211757,722,11573,101,2019-11-07,1,0,2019-11-08 05:25:42.895001
13997652,211757,722,11573,101,2019-11-06,1,0,2019-11-07 05:26:34.850376
13950200,211757,722,11573,101,2019-11-04,1,1,2019-11-05 05:26:31.573016
13920968,211757,722,11573,101,2019-11-03,2,0,2019-11-04 05:17:37.296788
13903015,211757,722,11573,101,2019-11-02,1,0,2019-11-03 05:20:36.080984
13877353,211757,722,11573,101,2019-11-01,2,1,2019-11-02 05:12:43.268307
13860769,211757,722,11573,101,2019-10-31,1,2,2019-11-01 05:18:31.499057
13834606,211757,722,11573,101,2019-10-30,2,1,2019-10-31 05:14:18.230151
13816691,211757,722,11573,101,2019-10-29,1,0,2019-10-30 05:22:06.373767
13788670,211757,722,11573,101,2019-10-28,2,2,2019-10-29 05:14:32.402036
13770105,211757,722,11573,101,2019-10-27,1,1,2019-10-28 05:21:23.135625
13726413,211757,722,11573,101,2019-10-25,1,0,2019-10-26 05:16:40.848093
13698281,211757,722,11573,101,2019-10-24,3,0,2019-10-25 05:10:01.691306
13682276,211757,722,11573,101,2019-10-23,1,1,2019-10-24 05:18:58.805257
13652245,211757,722,11573,101,2019-10-22,3,0,2019-10-23 05:12:05.388613
13605095,211757,722,11573,101,2019-10-20,3,2,2019-10-21 05:11:18.410226
13585419,211757,722,11573,101,2019-10-19,2,0,2019-10-20 05:12:18.679286
13564312,211757,722,11573,101,2019-10-18,2,0,2019-10-19 08:54:17.939746
13505196,211757,722,11573,101,2019-10-16,1,0,2019-10-17 05:18:06.217320
13483466,211757,722,11573,101,2019-10-15,1,1,2019-10-16 05:20:25.181560
13455766,211757,722,11573,101,2019-10-14,2,1,2019-10-15 05:15:29.290885
13417255,211757,722,11573,101,2019-10-12,1,0,2019-10-13 05:17:08.997469
13387387,211757,722,11573,101,2019-10-11,9,5,2019-10-12 05:06:17.902377
13375668,211757,722,11573,101,2019-10-10,1,0,2019-10-11 05:21:46.477234
13346895,211757,722,11573,101,2019-10-09,3,0,2019-10-10 05:09:59.475126
13324866,211757,722,11573,101,2019-10-08,3,0,2019-10-09 05:10:06.473687
13269321,211757,722,11573,101,2019-10-05,1,1,2019-10-06 05:16:34.243102
13225266,211757,722,11573,101,2019-10-03,2,3,2019-10-04 05:11:22.937659
13204060,211757,722,11573,101,2019-10-02,2,0,2019-10-03 05:12:04.904136
13183352,211757,722,11573,101,2019-10-01,2,0,2019-10-02 05:11:54.622976
13166927,211757,722,11573,101,2019-09-30,1,2,2019-10-01 05:20:27.041567
13139703,211757,722,11573,101,2019-09-29,3,2,2019-09-30 05:09:59.218261
13102775,211757,722,11573,101,2019-09-27,2,2,2019-09-28 05:10:45.158303
13087350,211757,722,11573,101,2019-09-26,1,0,2019-09-27 05:16:34.146203
13066997,211757,722,11573,101,2019-09-25,1,0,2019-09-26 05:21:27.097860
13041867,211757,722,11573,101,2019-09-24,2,0,2019-09-25 05:14:41.361366
13016382,211757,722,11573,101,2019-09-23,5,1,2019-09-24 05:08:16.140479
13000130,211757,722,11573,101,2019-09-22,2,1,2019-09-23 05:12:55.533096
12981225,211757,722,11573,101,2019-09-21,2,0,2019-09-22 05:11:37.599046
12959500,211757,722,11573,101,2019-09-20,4,0,2019-09-21 05:07:58.522197
12942924,211757,722,11573,101,2019-09-19,2,1,2019-09-20 05:14:51.430763
12918844,211757,722,11573,101,2019-09-18,4,2,2019-09-19 05:10:44.642998
12896024,211757,722,11573,101,2019-09-17,7,2,2019-09-18 05:07:36.186038
12854862,211757,722,11573,101,2019-09-15,3,1,2019-09-16 05:13:45.508692
12820020,211757,722,11573,101,2019-09-13,1,1,2019-09-14 05:20:15.071085
12799548,211757,722,11573,101,2019-09-12,1,0,2019-09-13 05:21:57.174850
12749867,211757,722,11573,101,2019-09-10,4,0,2019-09-11 05:10:57.200571
12729123,211757,722,11573,101,2019-09-09,4,2,2019-09-10 05:10:01.332743
12704364,211757,722,11573,101,2019-09-08,5,4,2019-09-09 05:09:08.270195
12658065,211757,722,11573,101,2019-09-07,2,1,2019-09-08 05:19:00.271714
12618553,211757,722,11573,101,2019-09-06,2,1,2019-09-07 05:13:42.238650
12583048,211757,722,11573,101,2019-09-05,1,0,2019-09-06 05:23:22.968420
12551558,211757,722,11573,101,2019-09-04,5,0,2019-09-05 05:08:50.002920
12524232,211757,722,11573,101,2019-09-03,2,0,2019-09-04 05:14:58.890111
12493530,211757,722,11573,101,2019-09-02,4,3,2019-09-03 05:11:38.182324
12468906,211757,722,11573,101,2019-09-01,1,0,2019-09-02 05:23:29.674470
12442572,211757,722,11573,101,2019-08-31,1,0,2019-09-01 05:20:03.795912
12408285,211757,722,11573,101,2019-08-30,5,0,2019-08-31 05:08:35.998391
12333755,211757,722,11573,101,2019-08-29,5,1,2019-08-30 05:12:59.037392
12283288,211757,722,11573,101,2019-08-28,8,1,2019-08-29 05:08:58.337691
12233499,211757,722,11573,101,2019-08-27,4,0,2019-08-28 05:13:46.840428
12171669,211757,722,11573,101,2019-08-26,5,0,2019-08-27 05:12:52.716996
12110463,211757,722,11573,101,2019-08-25,9,3,2019-08-26 05:08:32.452787
12022815,211757,722,11573,101,2019-08-23,2,0,2019-08-24 05:20:35.647694
11954700,211757,722,11573,101,2019-08-22,9,2,2019-08-23 05:07:16.541928
11892588,211757,722,11573,101,2019-08-21,8,0,2019-08-22 05:08:30.268472
11867135,211757,722,11573,101,2019-08-20,1,0,2019-08-21 06:03:09.492457
11791537,211757,722,11573,101,2019-08-19,6,1,2019-08-20 05:11:24.849480
11745494,211757,722,11573,101,2019-08-18,4,0,2019-08-19 05:14:20.203060
11702452,211757,722,11573,101,2019-08-17,2,0,2019-08-18 05:23:50.611933
11657992,211757,722,11573,101,2019-08-16,4,3,2019-08-17 05:11:51.317506
11629266,211757,722,11573,101,2019-08-15,2,0,2019-08-16 05:20:21.522464
11582416,211757,722,11573,101,2019-08-14,3,0,2019-08-15 05:18:39.929175
11506873,211757,722,11573,101,2019-08-13,7,3,2019-08-14 05:10:52.782433
11441510,211757,722,11573,101,2019-08-12,6,0,2019-08-13 05:12:40.578524
11368203,211757,722,11573,101,2019-08-11,6,0,2019-08-12 05:12:05.119617
11325675,211757,722,11573,101,2019-08-10,6,2,2019-08-11 05:10:20.800451
11290839,211757,722,11573,101,2019-08-09,3,0,2019-08-10 05:14:19.555347
11246562,211757,722,11573,101,2019-08-08,4,1,2019-08-09 05:13:24.329222
11188381,211757,722,11573,101,2019-08-07,10,0,2019-08-08 05:08:56.938822
11124913,211757,722,11573,101,2019-08-06,14,2,2019-08-07 05:07:30.561640
11076036,211757,722,11573,101,2019-08-05,4,0,2019-08-06 05:16:58.737354
11039395,211757,722,11573,101,2019-08-04,2,0,2019-08-05 05:18:58.014003
10995160,211757,722,11573,101,2019-08-03,5,0,2019-08-04 05:09:59.490210
10961077,211757,722,11573,101,2019-08-02,3,0,2019-08-03 05:13:13.770024
10914637,211757,722,11573,101,2019-08-01,4,2,2019-08-02 05:13:01.907267
10874588,211757,722,11573,101,2019-07-31,3,0,2019-08-01 05:15:52.138690
10833733,211757,722,11573,101,2019-07-30,2,4,2019-07-31 05:24:12.781078
10771638,211757,722,11573,101,2019-07-29,7,0,2019-07-30 05:08:58.968907
10717618,211757,722,11573,101,2019-07-28,5,0,2019-07-29 05:10:33.537163
10645661,211757,722,11573,101,2019-07-27,7,3,2019-07-28 05:08:10.905506
10606954,211757,722,11573,101,2019-07-26,1,0,2019-07-27 05:35:57.493751
10564312,211757,722,11573,101,2019-07-25,2,0,2019-07-26 05:14:48.160233
10506087,211757,722,11573,101,2019-07-23,2,0,2019-07-24 05:18:08.535521
10438112,211757,722,11573,101,2019-07-22,5,2,2019-07-23 05:13:14.161356
10378546,211757,722,11573,101,2019-07-21,3,0,2019-07-22 05:17:04.699684
10315790,211757,722,11573,101,2019-07-20,4,0,2019-07-21 05:12:28.597165
10286724,211757,722,11573,101,2019-07-19,3,0,2019-07-20 05:13:23.176115
10244198,211757,722,11573,101,2019-07-18,3,1,2019-07-19 05:15:31.696753
10174288,211757,722,11573,101,2019-07-17,4,0,2019-07-18 05:14:17.901928
10108233,211757,722,11573,101,2019-07-16,4,0,2019-07-17 05:15:28.777216
10065704,211757,722,11573,101,2019-07-15,1,0,2019-07-16 05:49:51.668142
10009177,211757,722,11573,101,2019-07-14,3,0,2019-07-15 05:13:27.328904
9966181,211757,722,11573,101,2019-07-13,4,0,2019-07-14 05:12:43.666962
9917263,211757,722,11573,101,2019-07-12,4,1,2019-07-13 05:11:04.585890
9863564,211757,722,11573,101,2019-07-11,4,1,2019-07-12 05:12:15.913947
9765582,211757,722,11573,101,2019-07-09,3,1,2019-07-10 05:17:14.743268
9726615,211757,722,11573,101,2019-07-08,2,0,2019-07-09 05:21:55.693826
9674618,211757,722,11573,101,2019-07-07,5,0,2019-07-08 05:11:13.322733
9616420,211757,722,11573,101,2019-07-06,8,2,2019-07-07 05:08:15.386744
9547428,211757,722,11573,101,2019-07-05,6,0,2019-07-06 05:08:44.658636
9513195,211757,722,11573,101,2019-07-04,2,0,2019-07-05 05:21:54.519544
9469224,211757,722,11573,101,2019-07-03,6,2,2019-07-04 05:09:24.096991
9433216,211757,722,11573,101,2019-07-02,3,2,2019-07-03 05:15:24.284829
9388618,211757,722,11573,101,2019-07-01,3,1,2019-07-02 05:17:16.418825
9345721,211757,722,11573,101,2019-06-30,4,0,2019-07-01 05:11:52.711561
9280269,211757,722,11573,101,2019-06-29,9,0,2019-06-30 05:07:52.435924
9219208,211757,722,11573,101,2019-06-28,5,0,2019-06-29 05:10:15.183750
9178427,211757,722,11573,101,2019-06-27,1,0,2019-06-28 05:57:36.551053
9088620,211757,722,11573,101,2019-06-26,7,1,2019-06-27 05:09:31.665766
9054181,211757,722,11573,101,2019-06-25,2,0,2019-06-26 05:21:45.644728
9004265,211757,722,11573,101,2019-06-24,3,0,2019-06-25 05:15:09.830267
8972647,211757,722,11573,101,2019-06-23,1,0,2019-06-24 05:35:22.015710
8923744,211757,722,11573,101,2019-06-22,2,0,2019-06-23 05:16:39.711743
8883199,211757,722,11573,101,2019-06-21,7,1,2019-06-22 05:08:13.943485
8838970,211757,722,11573,101,2019-06-20,2,1,2019-06-21 05:24:03.735200
8762573,211757,722,11573,101,2019-06-19,8,3,2019-06-20 05:08:25.387739
8704637,211757,722,11573,101,2019-06-18,5,1,2019-06-19 05:10:58.914732
8658146,211757,722,11573,101,2019-06-17,4,0,2019-06-18 05:13:12.130847
8613162,211757,722,11573,101,2019-06-16,3,0,2019-06-17 05:14:28.772974
8562613,211757,722,11573,101,2019-06-15,3,0,2019-06-16 05:13:34.161116
8498099,211757,722,11573,101,2019-06-14,4,0,2019-06-15 05:12:22.459993
8433371,211757,722,11573,101,2019-06-13,4,0,2019-06-14 05:14:11.792637
8377998,211757,722,11573,101,2019-06-12,4,1,2019-06-13 05:12:27.410529
8324507,211757,722,11573,101,2019-06-11,2,2,2019-06-12 05:23:05.172419
8282823,211757,722,11573,101,2019-06-10,2,0,2019-06-11 05:20:17.831706
8236573,211757,722,11573,101,2019-06-09,7,1,2019-06-10 05:08:09.049830
8199962,211757,722,11573,101,2019-06-08,2,0,2019-06-09 05:17:44.636510
8141114,211757,722,11573,101,2019-06-07,7,0,2019-06-08 05:07:31.990019
8097465,211757,722,11573,101,2019-06-06,3,0,2019-06-07 05:14:35.222584
8040445,211757,722,11573,101,2019-06-05,3,0,2019-06-06 05:14:15.118650
8004099,211757,722,11573,101,2019-06-04,2,0,2019-06-05 05:19:55.572265
7948252,211757,722,11573,101,2019-06-03,4,1,2019-06-04 05:13:36.770048
7880726,211757,722,11573,101,2019-06-02,9,4,2019-06-03 05:07:55.392911
7821384,211757,722,11573,101,2019-06-01,2,0,2019-06-02 05:21:57.080835
7777710,211757,722,11573,101,2019-05-31,2,0,2019-06-01 05:18:42.664835
7736068,211757,722,11573,101,2019-05-30,6,3,2019-05-31 05:09:20.736283
7681119,211757,722,11573,101,2019-05-29,4,0,2019-05-30 05:11:09.471003
7606013,211757,722,11573,101,2019-05-28,7,0,2019-05-29 05:09:19.149622
7543241,211757,722,11573,101,2019-05-27,4,0,2019-05-28 05:13:23.710329
7502639,211757,722,11573,101,2019-05-26,2,2,2019-05-27 05:19:53.126244
7461689,211757,722,11573,101,2019-05-25,3,1,2019-05-26 05:12:34.361444
7356331,211757,722,11573,101,2019-05-23,4,0,2019-05-24 05:16:21.012915
7301263,211757,722,11573,101,2019-05-22,5,0,2019-05-23 05:10:20.904115
7232091,211757,722,11573,101,2019-05-21,4,0,2019-05-22 05:14:14.620728
7162786,211757,722,11573,128,2019-05-20,5,0,2019-05-21 05:10:05.852422
7131188,211757,722,11573,128,2019-05-19,2,0,2019-05-20 05:18:15.605402
7098422,211757,722,11573,128,2019-05-18,2,0,2019-05-19 05:16:20.000895
7023204,211757,722,11573,128,2019-05-17,4,0,2019-05-18 05:08:51.475793
6956205,211757,722,11573,128,2019-05-16,5,1,2019-05-17 05:08:42.831888
6921743,211757,722,11573,128,2019-05-15,3,1,2019-05-16 05:12:10.959827
6867829,211757,722,11573,128,2019-05-14,4,0,2019-05-15 05:12:44.013854
6790977,211757,722,11573,128,2019-05-13,4,0,2019-05-14 05:14:27.577591
6725235,211757,722,11573,128,2019-05-12,5,0,2019-05-13 05:10:41.129025
6613910,211757,722,11573,128,2019-05-10,11,0,2019-05-11 05:06:39.245538
6547942,211757,722,11573,128,2019-05-09,9,3,2019-05-10 05:07:56.488370
6503258,211757,722,11573,128,2019-05-08,3,0,2019-05-09 05:12:17.666561
6464499,211757,722,11573,128,2019-05-07,2,0,2019-05-08 05:17:11.655748
6424044,211757,722,11573,128,2019-05-06,5,0,2019-05-07 05:10:35.011653
6358983,211757,722,11573,128,2019-05-05,5,1,2019-05-06 05:12:14.948031
6288315,211757,722,11573,128,2019-05-04,8,0,2019-05-05 05:09:07.470120
6199976,211757,722,11573,128,2019-05-01,4,0,2019-05-02 05:12:52.631236
6158675,211757,722,11573,128,2019-04-30,2,0,2019-05-01 05:17:05.292586
6096965,211757,722,11573,128,2019-04-29,4,0,2019-04-30 05:11:10.711760
6046297,211757,722,11573,128,2019-04-28,4,1,2019-04-29 05:14:01.826970
5993248,211757,722,11573,128,2019-04-27,2,0,2019-04-28 05:26:26.286181
5931408,211757,722,11573,128,2019-04-26,3,0,2019-04-27 05:23:58.191447
5890127,211757,722,11573,128,2019-04-25,4,0,2019-04-26 05:14:03.826254
5868864,211757,722,11573,128,2019-04-24,2,0,2019-04-25 05:16:34.407513
5850967,211757,722,11573,128,2019-04-23,1,0,2019-04-24 05:26:17.721053
5794434,211757,722,11573,128,2019-04-21,3,0,2019-04-22 05:10:46.290674
5773255,211757,722,11573,128,2019-04-20,3,2,2019-04-21 05:08:24.617700
5760138,211757,722,11573,128,2019-04-19,1,0,2019-04-20 05:15:45.976021
5740868,211757,722,11573,128,2019-04-18,1,0,2019-04-19 05:15:12.579801
5684979,211757,722,11573,128,2019-04-16,7,3,2019-04-17 05:08:29.694821
5660303,211757,722,11573,128,2019-04-15,3,0,2019-04-16 05:08:34.626174
5636466,211757,722,11573,128,2019-04-14,3,2,2019-04-15 05:08:10.425678
5545065,211757,722,11573,128,2019-04-10,3,2,2019-04-11 05:08:36.790923
5520790,211757,722,11573,128,2019-04-09,2,0,2019-04-10 05:08:37.369159
5495643,211757,722,11573,128,2019-04-08,2,1,2019-04-09 05:08:37.394201
5471376,211757,722,11573,128,2019-04-07,3,1,2019-04-08 05:08:45.185392
5375736,211757,722,11573,128,2019-04-03,2,0,2019-04-04 05:08:27.942816
5350803,211757,722,11573,128,2019-04-02,2,0,2019-04-03 05:08:52.368029
5301887,211757,722,11573,128,2019-03-31,1,0,2019-04-01 05:08:58.643658
5277381,211757,722,11573,128,2019-03-30,1,0,2019-03-31 05:08:35.460927
5253646,211757,722,11573,128,2019-03-29,6,2,2019-03-30 05:09:19.616737
5228989,211757,722,11573,128,2019-03-28,1,2,2019-03-29 05:09:14.256183
5203570,211757,722,11573,128,2019-03-27,2,0,2019-03-28 05:09:32.624214
5177685,211757,722,11573,128,2019-03-26,3,0,2019-03-27 05:09:51.531784
5098390,211757,722,11573,128,2019-03-24,2,2,2019-03-25 05:06:25.560219
5074423,211757,722,11573,128,2019-03-23,6,8,2019-03-24 05:05:47.506327
4900909,211757,722,11573,128,2019-03-19,1,0,2019-03-20 05:05:59.263058
4827144,211757,722,11573,128,2019-03-16,6,0,2019-03-17 05:05:43.883780
4804922,211757,722,11573,128,2019-03-15,2,0,2019-03-16 05:05:54.264025
4781387,211757,722,11573,128,2019-03-14,1,0,2019-03-15 05:05:55.924226
4757537,211757,722,11573,128,2019-03-13,5,2,2019-03-14 05:05:42.492176
4731905,211757,722,11573,128,2019-03-12,1,0,2019-03-13 05:05:56.967154
4586495,211757,722,11573,128,2019-03-10,1,0,2019-03-11 05:31:50.029027
4563117,211757,722,11573,128,2019-03-09,2,0,2019-03-10 10:01:50.470807
4610330,211757,722,11573,128,2019-03-08,2,0,2019-03-11 11:14:09.753309
4429939,211757,722,11573,128,2019-03-07,2,0,2019-03-09 12:09:22.868127
4402970,211757,722,11573,128,2019-03-06,1,0,2019-03-09 12:06:07.840669
2207253,211757,722,11573,128,2019-03-05,1,1,2019-03-06 10:50:08.661164
2182335,211757,722,11573,128,2019-03-04,2,0,2019-03-06 10:46:17.394938
2135690,211757,722,11573,128,2019-03-02,1,0,2019-03-06 10:39:18.383371
2112619,211757,722,11573,128,2019-03-01,1,0,2019-03-06 10:35:54.839210
2089146,211757,722,11573,128,2019-02-28,1,0,2019-03-02 13:35:02.650783
2065234,211757,722,11573,128,2019-02-27,3,1,2019-03-02 13:31:27.220530
2040411,211757,722,11573,128,2019-02-26,1,0,2019-03-02 13:27:40.906133
2015788,211757,722,11573,128,2019-02-25,2,0,2019-03-02 13:23:58.034753
1991641,211757,722,11573,128,2019-02-24,3,0,2019-03-02 13:20:29.454638
280574,211757,722,11573,128,2019-02-22,1,0,2019-02-25 15:17:49.416864
377205,211757,722,11573,128,2019-02-21,2,0,2019-02-25 15:51:27.656898
352959,211757,722,11573,128,2019-02-20,1,0,2019-02-25 15:46:58.945178
328649,211757,722,11573,128,2019-02-19,1,0,2019-02-25 15:43:22.037029
401011,211757,722,11573,128,2019-02-17,2,0,2019-02-25 16:44:57.790798
447155,211757,722,11573,128,2019-02-15,1,0,2019-02-25 17:18:37.483380
513962,211757,722,11573,128,2019-02-14,2,1,2019-02-25 19:13:42.057948
536554,211757,722,11573,128,2019-02-13,2,0,2019-02-25 19:21:18.186348
559377,211757,722,11573,128,2019-02-12,1,0,2019-02-26 07:15:53.028932
607944,211757,722,11573,128,2019-02-10,1,0,2019-02-26 07:29:12.443475
700181,211757,722,11573,128,2019-02-07,2,0,2019-02-26 08:46:03.260125
747902,211757,722,11573,128,2019-02-06,1,0,2019-02-26 09:21:35.885504
772241,211757,722,11573,128,2019-02-05,1,1,2019-02-26 09:31:00.688880
796189,211757,722,11573,128,2019-02-04,2,0,2019-02-26 09:36:51.532019
819717,211757,722,11573,128,2019-02-03,4,1,2019-02-26 10:25:06.822393
842980,211757,722,11573,128,2019-02-02,2,1,2019-02-26 10:51:28.575793
865367,211757,722,11573,128,2019-02-01,1,0,2019-02-26 11:06:29.616853
1945798,211757,722,11573,128,2019-01-30,1,0,2019-03-02 12:55:37.315831
1874900,211757,722,11573,128,2019-01-27,1,0,2019-03-02 12:44:54.748687
1852560,211757,722,11573,128,2019-01-26,6,2,2019-03-02 12:41:37.203452
1830295,211757,722,11573,128,2019-01-25,1,0,2019-03-02 12:38:26.116081
1807215,211757,722,11573,128,2019-01-24,1,0,2019-03-02 12:35:06.513495
1783061,211757,722,11573,128,2019-01-23,1,0,2019-03-02 12:31:21.525601
1758027,211757,722,11573,128,2019-01-22,2,0,2019-03-02 12:27:29.374212
1732500,211757,722,11573,128,2019-01-21,1,1,2019-03-02 12:23:29.014636
1707611,211757,722,11573,128,2019-01-20,1,1,2019-03-02 12:19:25.990790
1684185,211757,722,11573,128,2019-01-19,1,0,2019-03-02 12:15:45.470980
1660607,211757,722,11573,128,2019-01-18,1,0,2019-03-02 12:12:03.840369
1636764,211757,722,11573,128,2019-01-17,1,0,2019-03-02 12:08:15.128703
1611918,211757,722,11573,128,2019-01-16,5,1,2019-03-02 12:04:05.483132
1586992,211757,722,11573,128,2019-01-15,1,0,2019-03-02 12:00:07.859671
1561651,211757,722,11573,128,2019-01-14,3,0,2019-03-02 11:56:06.979980
1536582,211757,722,11573,128,2019-01-13,1,0,2019-03-02 11:52:02.635033
1512213,211757,722,11573,128,2019-01-12,2,0,2019-03-02 11:48:16.904605
1464338,211757,722,11573,128,2019-01-10,4,0,2019-03-02 11:40:53.313073
1439002,211757,722,11573,128,2019-01-09,2,0,2019-03-02 11:36:56.109236
1412478,211757,722,11573,128,2019-01-08,5,1,2019-03-02 11:32:20.215465
1385570,211757,722,11573,128,2019-01-07,2,0,2019-03-02 11:28:02.688568
1358932,211757,722,11573,128,2019-01-06,2,1,2019-03-02 11:23:28.308424
1333007,211757,722,11573,128,2019-01-05,5,0,2019-03-02 11:19:03.765321
1308243,211757,722,11573,128,2019-01-04,1,0,2019-03-02 11:14:47.397506
1284343,211757,722,11573,128,2019-01-03,3,0,2019-03-02 11:10:20.324347
1259606,211757,722,11573,128,2019-01-02,3,2,2019-03-02 11:05:33.696302
1237616,211757,722,11573,128,2019-01-01,8,4,2019-03-02 11:01:47.940621
2923850,211757,722,11573,128,2018-12-31,2,0,2019-03-06 16:16:52.321427
2903779,211757,722,11573,128,2018-12-30,2,0,2019-03-06 16:13:49.141097
2882991,211757,722,11573,128,2018-12-29,2,0,2019-03-06 16:10:39.669984
2860729,211757,722,11573,128,2018-12-28,2,0,2019-03-06 16:06:52.704652
2837106,211757,722,11573,128,2018-12-27,1,0,2019-03-06 16:02:35.917144
2814998,211757,722,11573,128,2018-12-26,3,1,2019-03-06 15:58:56.102486
2777339,211757,722,11573,128,2018-12-24,1,0,2019-03-06 15:53:15.183069
2761931,211757,722,11573,128,2018-12-23,1,0,2019-03-06 15:51:12.434932
2727127,211757,722,11573,128,2018-12-21,5,2,2019-03-06 15:46:23.289004
2707450,211757,722,11573,128,2018-12-20,4,1,2019-03-06 15:43:33.030176
2687454,211757,722,11573,128,2018-12-19,1,0,2019-03-06 15:40:38.763853
2664407,211757,722,11573,128,2018-12-18,1,1,2019-03-06 15:37:02.566688
2639097,211757,722,11573,128,2018-12-17,5,3,2019-03-06 15:32:59.945892
2613687,211757,722,11573,128,2018-12-16,2,0,2019-03-06 15:29:07.855672
2589885,211757,722,11573,128,2018-12-15,2,0,2019-03-06 15:25:44.149999
2565539,211757,722,11573,128,2018-12-14,2,0,2019-03-06 15:22:06.917497
2539278,211757,722,11573,128,2018-12-13,1,0,2019-03-06 15:18:03.188851
2512499,211757,722,11573,128,2018-12-12,1,0,2019-03-06 15:13:51.483280
2485441,211757,722,11573,128,2018-12-11,1,0,2019-03-06 15:09:29.563790
2458757,211757,722,11573,128,2018-12-10,4,1,2019-03-06 15:05:03.207190
2432925,211757,722,11573,128,2018-12-09,1,0,2019-03-06 15:00:57.439066
2409190,211757,722,11573,128,2018-12-08,4,3,2019-03-06 14:57:11.739910
2385441,211757,722,11573,128,2018-12-07,1,0,2019-03-06 14:53:30.783327
2360708,211757,722,11573,128,2018-12-06,2,0,2019-03-06 14:49:56.725617
2334923,211757,722,11573,128,2018-12-05,3,2,2019-03-06 14:46:05.415960
2281550,211757,722,11573,128,2018-12-03,3,1,2019-03-06 14:37:56.499728
2232211,211757,722,11573,128,2018-12-01,1,0,2019-03-06 14:31:03.750132
3548402,211757,722,11573,128,2018-11-30,1,0,2019-03-06 19:16:54.335120
3476132,211757,722,11573,128,2018-11-27,4,1,2019-03-06 19:05:38.700180
3426295,211757,722,11573,128,2018-11-22,2,2,2019-03-06 18:54:17.868842
3315169,211757,722,11573,128,2018-11-17,1,1,2019-03-06 18:35:38.752698
3291801,211757,722,11573,128,2018-11-16,3,1,2019-03-06 18:32:36.575476
3268437,211757,722,11573,128,2018-11-15,1,1,2019-03-06 18:29:38.454263
3244289,211757,722,11573,128,2018-11-14,3,0,2019-03-06 18:26:26.010325
3220200,211757,722,11573,128,2018-11-13,1,1,2019-03-06 18:23:01.589797
3170680,211757,722,11573,128,2018-11-11,2,0,2019-03-06 18:15:47.507413
3147527,211757,722,11573,128,2018-11-10,2,0,2019-03-06 18:12:35.647655
3125119,211757,722,11573,128,2018-11-09,3,1,2019-03-06 18:09:41.244365
3102251,211757,722,11573,128,2018-11-08,5,2,2019-03-06 18:06:56.751779
3078897,211757,722,11573,128,2018-11-07,1,0,2019-03-06 18:03:55.192878
3055252,211757,722,11573,128,2018-11-06,4,1,2019-03-06 18:00:44.305828
3031087,211757,722,11573,128,2018-11-05,4,0,2019-03-06 17:57:35.616406
3007864,211757,722,11573,128,2018-11-04,1,0,2019-03-06 17:54:30.707257
2985042,211757,722,11573,128,2018-11-03,3,1,2019-03-06 17:51:35.742323
2963362,211757,722,11573,128,2018-11-02,1,0,2019-03-06 17:48:44.542539
3799499,211757,722,11573,128,2018-10-28,0,1,2019-03-07 18:25:53.373432
3779481,211757,722,11573,128,2018-10-25,0,2,2019-03-07 18:01:04.373514
3743003,211757,722,11573,128,2018-10-18,0,1,2019-03-07 17:14:54.702785
3732565,211757,722,11573,128,2018-10-16,0,1,2019-03-07 17:01:37.659231
3721693,211757,722,11573,128,2018-10-14,0,1,2019-03-07 16:48:13.941371
3716814,211757,722,11573,128,2018-10-13,0,2,2019-03-07 16:41:56.581383
3706813,211757,722,11573,128,2018-10-11,0,1,2019-03-07 16:29:32.873785
3680040,211757,722,11573,128,2018-10-07,0,1,2019-03-07 15:54:57.427884
4102817,211757,722,11573,128,2018-10-01,77,0,2019-03-08 13:55:03.538627
4063207,211757,722,11573,128,2018-09-30,0,1,2019-03-08 13:48:29.156296
4027072,211757,722,11573,128,2018-09-24,0,3,2019-03-08 13:10:25.934723
4005826,211757,722,11573,128,2018-09-20,0,1,2019-03-08 12:46:10.404788
3984231,211757,722,11573,128,2018-09-16,0,2,2019-03-08 12:21:23.604014
3969186,211757,722,11573,128,2018-09-13,0,1,2019-03-08 12:02:40.790834
3947501,211757,722,11573,128,2018-09-09,0,2,2019-03-08 11:37:32.476961
3937908,211757,722,11573,128,2018-09-07,0,1,2019-03-08 11:26:01.686116
3922458,211757,722,11573,128,2018-09-04,0,4,2019-03-08 11:07:25.086991
3842625,211757,722,11573,128,2018-09-01,60,1,2019-03-08 10:46:38.595625
4556339,211757,722,11573,128,2018-08-31,0,1,2019-03-09 13:43:33.928612
4551082,211757,722,11573,128,2018-08-30,0,2,2019-03-09 13:37:37.580727
4523672,211757,722,11573,128,2018-08-25,0,1,2019-03-09 13:05:11.224407
4513068,211757,722,11573,128,2018-08-23,0,1,2019-03-09 12:53:05.266959
4507497,211757,722,11573,128,2018-08-22,0,1,2019-03-09 12:47:05.501795
4501974,211757,722,11573,128,2018-08-21,0,1,2019-03-09 12:40:52.727613
4479906,211757,722,11573,128,2018-08-17,0,1,2019-03-09 12:16:11.954898
4397180,211757,722,11573,128,2018-08-15,0,1,2019-03-09 12:03:09.982877
4336106,211757,722,11573,128,2018-08-08,0,1,2019-03-09 11:18:57.709803
4330599,211757,722,11573,128,2018-08-07,0,3,2019-03-09 11:12:20.904440
4309819,211757,722,11573,128,2018-08-03,0,1,2019-03-09 10:48:35.808415
4236839,211757,722,11573,128,2018-08-01,52,0,2019-03-09 10:33:23.014907
34983294,213048,722,11573,101,2021-09-01,2,0,2021-09-02 05:22:34.200312
34956279,213048,722,11573,101,2021-08-31,1,0,2021-09-01 05:35:34.435543
34858399,213048,722,11573,101,2021-08-28,1,1,2021-08-29 05:25:19.184709
34822075,213048,722,11573,101,2021-08-27,2,1,2021-08-28 05:18:47.684382
34796974,213048,722,11573,101,2021-08-26,1,2,2021-08-27 05:33:40.291549
34753692,213048,722,11573,101,2021-08-25,3,1,2021-08-26 05:18:38.336077
34720112,213048,722,11573,101,2021-08-24,4,1,2021-08-25 05:13:40.956337
34676823,213048,722,11573,101,2021-08-22,1,0,2021-08-23 05:38:05.465142
34509905,213048,722,11573,101,2021-08-17,1,0,2021-08-18 05:39:03.214054
34474953,213048,722,11573,101,2021-08-16,1,0,2021-08-17 05:43:19.221695
34439040,213048,722,11573,101,2021-08-15,1,0,2021-08-16 05:42:30.162939
34334426,213048,722,11573,101,2021-08-12,1,0,2021-08-13 05:42:17.418333
34262488,213048,722,11573,101,2021-08-10,1,0,2021-08-11 05:44:54.107440
34225583,213048,722,11573,101,2021-08-09,1,0,2021-08-10 05:53:01.024615
34154698,213048,722,11573,101,2021-08-07,1,1,2021-08-08 05:32:14.745031
34115456,213048,722,11573,101,2021-08-06,2,0,2021-08-07 05:22:18.692159
34080974,213048,722,11573,101,2021-08-05,2,1,2021-08-06 05:26:05.213614
34045546,213048,722,11573,101,2021-08-04,2,1,2021-08-05 05:25:23.203756
34010033,213048,722,11573,101,2021-08-03,2,1,2021-08-04 05:26:59.429404
33974013,213048,722,11573,101,2021-08-02,2,0,2021-08-03 05:30:38.670123
33937895,213048,722,11573,101,2021-08-01,2,0,2021-08-02 05:27:35.492248
33903975,213048,722,11573,101,2021-07-31,2,1,2021-08-01 05:21:30.583376
33874738,213048,722,11573,101,2021-07-30,1,0,2021-07-31 05:35:16.264100
33802044,213048,722,11573,101,2021-07-28,1,1,2021-07-29 05:42:10.386170
33759063,213048,722,11573,101,2021-07-27,2,1,2021-07-28 05:28:24.573076
33723807,213048,722,11573,101,2021-07-26,2,1,2021-07-27 05:28:03.862243
33668328,213048,722,11573,101,2021-07-24,1,0,2021-07-25 05:24:36.353644
33596638,213048,722,11573,101,2021-07-22,4,1,2021-07-23 05:14:06.229635
33542344,213048,722,11573,101,2021-07-20,1,0,2021-07-21 05:38:01.085705
33338935,213048,722,11573,101,2021-07-14,3,1,2021-07-15 05:17:42.428342
33244277,213048,722,11573,101,2021-07-11,2,1,2021-07-12 05:20:49.809272
33181717,213048,722,11573,101,2021-07-09,2,0,2021-07-10 05:19:27.108162
33149568,213048,722,11573,101,2021-07-08,2,0,2021-07-09 05:25:02.178035
33111574,213048,722,11573,101,2021-07-07,3,1,2021-07-08 05:20:42.852841
33069315,213048,722,11573,101,2021-07-06,5,3,2021-07-07 05:15:37.231470
33035365,213048,722,11573,101,2021-07-05,4,0,2021-07-06 05:18:44.351139
33013338,213048,722,11573,101,2021-07-04,1,1,2021-07-05 05:37:04.749034
32974003,213048,722,11573,101,2021-07-03,3,4,2021-07-04 05:14:03.544640
32847358,213048,722,11573,101,2021-06-29,3,1,2021-06-30 05:21:54.135361
32787304,213048,722,11573,101,2021-06-27,1,0,2021-06-28 05:41:35.692320
32754553,213048,722,11573,101,2021-06-26,1,1,2021-06-27 05:29:47.226131
32714320,213048,722,11573,101,2021-06-25,3,2,2021-06-26 05:17:01.577186
32691143,213048,722,11573,101,2021-06-24,1,0,2021-06-25 05:36:15.582429
32624559,213048,722,11573,101,2021-06-22,1,1,2021-06-23 05:45:03.108083
32550357,213048,722,11573,101,2021-06-20,1,0,2021-06-21 05:48:23.127987
32507544,213048,722,11573,101,2021-06-19,2,0,2021-06-20 05:27:33.792288
32411199,213048,722,11573,101,2021-06-16,1,0,2021-06-17 05:44:05.386617
32375073,213048,722,11573,101,2021-06-15,1,0,2021-06-16 05:45:45.354937
32327285,213048,722,11573,101,2021-06-14,3,2,2021-06-15 05:28:16.336316
32292533,213048,722,11573,101,2021-06-13,2,0,2021-06-14 05:31:18.389482
32226639,213048,722,11573,101,2021-06-11,1,1,2021-06-12 05:37:20.486437
32186664,213048,722,11573,101,2021-06-10,2,0,2021-06-11 05:25:40.644332
32159634,213048,722,11573,101,2021-06-09,1,0,2021-06-10 05:36:52.111758
32119371,213048,722,11573,101,2021-06-08,2,0,2021-06-09 05:27:23.595281
32023558,213048,722,11573,101,2021-06-05,1,0,2021-06-06 05:29:08.011642
31982346,213048,722,11573,101,2021-06-04,4,2,2021-06-05 05:14:07.390655
31922161,213048,722,11573,101,2021-06-02,2,1,2021-06-03 05:26:17.783714
31894982,213048,722,11573,101,2021-06-01,1,1,2021-06-02 05:41:59.677479
31861212,213048,722,11573,101,2021-05-31,1,0,2021-06-01 05:48:23.852108
31820760,213048,722,11573,101,2021-05-30,2,0,2021-05-31 05:25:42.031229
31790206,213048,722,11573,101,2021-05-29,2,0,2021-05-30 05:18:47.816607
31766288,213048,722,11573,101,2021-05-28,1,1,2021-05-29 05:30:58.416652
31724906,213048,722,11573,101,2021-05-27,3,2,2021-05-28 05:19:34.007710
31692679,213048,722,11573,101,2021-05-26,2,0,2021-05-27 05:28:11.990049
31647589,213048,722,11573,101,2021-05-25,6,0,2021-05-26 05:16:27.242884
31614310,213048,722,11573,101,2021-05-24,3,1,2021-05-25 05:27:34.838432
31581091,213048,722,11573,101,2021-05-23,2,1,2021-05-24 05:26:51.202005
31553593,213048,722,11573,101,2021-05-22,1,0,2021-05-23 05:37:17.322599
31479065,213048,722,11573,101,2021-05-20,2,2,2021-05-21 05:28:07.356189
31410467,213048,722,11573,101,2021-05-18,1,1,2021-05-19 05:50:12.216302
31336884,213048,722,11573,101,2021-05-16,2,0,2021-05-17 05:22:58.785018
31310104,213048,722,11573,101,2021-05-15,1,2,2021-05-16 05:34:27.680615
31265882,213048,722,11573,101,2021-05-14,3,0,2021-05-15 05:19:04.282169
31234816,213048,722,11573,101,2021-05-13,2,1,2021-05-14 05:24:49.212131
31207295,213048,722,11573,101,2021-05-12,1,1,2021-05-13 05:35:04.560903
31173331,213048,722,11573,101,2021-05-11,1,0,2021-05-12 05:43:02.556872
31063550,213048,722,11573,101,2021-05-08,1,0,2021-05-09 05:39:13.027153
31030590,213048,722,11573,101,2021-05-07,1,0,2021-05-08 05:36:40.448275
30996711,213048,722,11573,101,2021-05-06,1,1,2021-05-07 05:38:24.716235
30961518,213048,722,11573,101,2021-05-05,1,1,2021-05-06 05:44:36.956073
30880445,213048,722,11573,101,2021-05-03,2,1,2021-05-04 05:34:42.804284
30834190,213048,722,11573,101,2021-05-02,6,3,2021-05-03 05:14:05.875650
30806793,213048,722,11573,101,2021-05-01,2,3,2021-05-02 05:24:27.473150
30745551,213048,722,11573,101,2021-04-29,1,1,2021-04-30 05:43:11.053459
30438675,213048,722,11573,101,2021-04-21,2,0,2021-04-22 05:31:42.264962
30292955,213048,722,11573,101,2021-04-17,2,2,2021-04-18 05:23:49.328654
30265839,213048,722,11573,101,2021-04-16,1,0,2021-04-17 05:37:45.374007
30194263,213048,722,11573,101,2021-04-14,1,0,2021-04-15 05:48:16.769380
30148786,213048,722,11573,101,2021-04-13,2,0,2021-04-14 05:32:08.225268
30117631,213048,722,11573,101,2021-04-12,1,0,2021-04-13 05:57:33.006847
30026610,213048,722,11573,101,2021-04-10,4,3,2021-04-11 05:16:58.982992
29926280,213048,722,11573,101,2021-04-07,1,0,2021-04-08 05:54:06.251412
29846734,213048,722,11573,101,2021-04-05,1,0,2021-04-06 06:02:40.741072
29739028,213048,722,11573,101,2021-04-02,1,0,2021-04-03 05:36:42.081034
29705477,213048,722,11573,101,2021-04-01,1,0,2021-04-02 05:32:38.388819
29597828,213048,722,11573,101,2021-03-29,1,1,2021-03-30 05:47:11.427209
29525758,213048,722,11573,101,2021-03-27,1,0,2021-03-28 05:37:12.236024
29485257,213048,722,11573,101,2021-03-26,2,0,2021-03-27 05:22:19.472162
29458326,213048,722,11573,101,2021-03-25,1,0,2021-03-26 05:38:28.432116
29423132,213048,722,11573,101,2021-03-24,1,0,2021-03-25 05:43:27.816487
29386526,213048,722,11573,101,2021-03-23,1,0,2021-03-24 05:47:23.322521
29302142,213048,722,11573,101,2021-03-21,2,0,2021-03-22 05:35:23.746555
29222381,213048,722,11573,101,2021-03-19,5,2,2021-03-20 05:12:21.933098
29157119,213048,722,11573,101,2021-03-17,2,0,2021-03-18 05:27:41.792365
29114897,213048,722,11573,101,2021-03-16,4,0,2021-03-17 05:17:32.340016
29083186,213048,722,11573,101,2021-03-15,2,1,2021-03-16 05:30:24.483529
29041909,213048,722,11573,101,2021-03-14,3,1,2021-03-15 05:22:53.975478
29005363,213048,722,11573,101,2021-03-13,3,1,2021-03-14 05:18:34.447127
28967345,213048,722,11573,101,2021-03-12,5,2,2021-03-13 05:11:45.231976
28935647,213048,722,11573,101,2021-03-11,3,0,2021-03-12 05:18:41.823299
28890120,213048,722,11573,101,2021-03-09,0,1,2021-03-10 06:08:44.155650
28837190,213048,722,11573,101,2021-03-08,1,0,2021-03-09 05:43:16.385951
28755264,213048,722,11573,101,2021-03-06,3,0,2021-03-07 05:18:45.294539
28721796,213048,722,11573,101,2021-03-05,3,3,2021-03-06 05:16:04.942683
28698573,213048,722,11573,101,2021-03-04,1,0,2021-03-05 05:36:02.439213
28663218,213048,722,11573,101,2021-03-03,1,1,2021-03-04 05:40:26.794312
28615047,213048,722,11573,101,2021-03-02,3,0,2021-03-03 05:19:54.559310
28576656,213048,722,11573,101,2021-03-01,3,1,2021-03-02 05:22:51.697921
28515544,213048,722,11573,101,2021-02-27,1,0,2021-02-28 05:34:14.244357
28481777,213048,722,11573,101,2021-02-26,1,0,2021-02-27 05:32:25.396427
28412867,213048,722,11573,101,2021-02-24,1,0,2021-02-25 05:42:27.535092
28376486,213048,722,11573,101,2021-02-23,1,0,2021-02-24 05:40:20.670758
28303292,213048,722,11573,101,2021-02-21,1,0,2021-02-22 05:42:55.733670
28267492,213048,722,11573,101,2021-02-20,1,1,2021-02-21 05:35:10.575211
28233907,213048,722,11573,101,2021-02-19,1,2,2021-02-20 05:34:08.249419
28200647,213048,722,11573,101,2021-02-18,1,0,2021-02-19 05:36:55.967218
28158764,213048,722,11573,101,2021-02-17,2,0,2021-02-18 05:26:14.754402
28130189,213048,722,11573,101,2021-02-16,1,0,2021-02-17 05:44:20.323578
28086002,213048,722,11573,101,2021-02-15,2,1,2021-02-16 05:31:44.403880
28056900,213048,722,11573,101,2021-02-14,1,0,2021-02-15 05:41:10.611959
28012521,213048,722,11573,101,2021-02-13,3,4,2021-02-14 05:18:47.988842
27726321,213048,722,11573,101,2021-02-09,1,0,2021-02-10 05:49:27.977170
27680840,213048,722,11573,101,2021-02-08,2,1,2021-02-09 05:35:32.269871
27562943,213048,722,11573,101,2021-02-06,1,0,2021-02-07 05:41:47.287600
27517039,213048,722,11573,101,2021-02-05,3,2,2021-02-06 05:19:32.213627
27438418,213048,722,11573,101,2021-02-03,7,3,2021-02-04 05:14:36.166025
27416939,213048,722,11573,101,2021-02-02,1,0,2021-02-03 05:53:14.376727
27379125,213048,722,11573,101,2021-02-01,1,1,2021-02-02 05:57:54.716260
27340753,213048,722,11573,101,2021-01-31,1,0,2021-02-01 05:54:22.446909
27255235,213048,722,11573,101,2021-01-29,4,2,2021-01-30 05:16:10.682370
27218891,213048,722,11573,101,2021-01-28,4,2,2021-01-29 05:19:17.233754
27105959,213048,722,11573,101,2021-01-25,4,3,2021-01-26 05:20:56.218307
27069100,213048,722,11573,101,2021-01-24,3,0,2021-01-25 05:25:57.880147
27035866,213048,722,11573,101,2021-01-23,2,0,2021-01-24 05:26:15.462089
26959438,213048,722,11573,101,2021-01-21,3,1,2021-01-22 05:23:51.038774
26933189,213048,722,11573,101,2021-01-20,1,1,2021-01-21 05:48:03.452814
26895197,213048,722,11573,101,2021-01-19,1,0,2021-01-20 05:55:38.068875
27637356,213048,722,11573,101,2021-01-17,3,1,2021-02-08 19:04:23.382028
26724742,213048,722,11573,101,2021-01-16,3,2,2021-01-17 05:26:56.585446
26612722,213048,722,11573,101,2021-01-13,2,0,2021-01-14 05:40:18.763966
26580414,213048,722,11573,101,2021-01-12,1,0,2021-01-13 06:05:58.149697
26527808,213048,722,11573,101,2021-01-11,3,1,2021-01-12 05:34:39.769002
26490829,213048,722,11573,101,2021-01-10,2,2,2021-01-11 10:22:13.574875
26441061,213048,722,11573,101,2021-01-09,7,2,2021-01-10 06:49:39.556212
26405633,213048,722,11573,101,2021-01-08,4,1,2021-01-09 07:47:04.570789
26366090,213048,722,11573,101,2021-01-07,4,0,2021-01-08 14:28:02.908084
26314168,213048,722,11573,101,2021-01-06,2,1,2021-01-07 09:37:49.055553
26264377,213048,722,11573,101,2021-01-05,5,0,2021-01-06 06:48:25.503544
26233851,213048,722,11573,101,2021-01-04,2,4,2021-01-05 07:18:07.605623
26121298,213048,722,11573,101,2020-12-28,1,0,2020-12-29 05:25:14.285175
26795596,213048,722,11573,101,2020-12-24,1,2,2021-01-18 12:41:01.588072
25998484,213048,722,11573,101,2020-12-19,1,2,2020-12-20 05:13:53.031417
25982241,213048,722,11573,101,2020-12-18,2,0,2020-12-19 05:08:54.909093
25970523,213048,722,11573,101,2020-12-17,1,2,2020-12-18 05:15:42.990999
25955318,213048,722,11573,101,2020-12-16,1,0,2020-12-17 05:18:38.155352
25939300,213048,722,11573,101,2020-12-15,1,0,2020-12-16 05:19:57.593186
25868727,213048,722,11573,101,2020-12-11,2,1,2020-12-12 05:12:00.861650
25834069,213048,722,11573,101,2020-12-09,3,0,2020-12-10 05:10:28.846131
25785807,213048,722,11573,101,2020-12-06,1,1,2020-12-07 05:23:36.055162
25749042,213048,722,11573,101,2020-12-04,2,0,2020-12-05 05:12:23.568078
25697624,213048,722,11573,101,2020-12-01,1,0,2020-12-02 05:30:00.109593
25676416,213048,722,11573,101,2020-11-30,1,1,2020-12-01 06:22:03.821163
25651565,213048,722,11573,101,2020-11-29,1,0,2020-11-30 06:06:20.951214
25627106,213048,722,11573,101,2020-11-28,1,4,2020-11-29 06:14:26.348152
25598911,213048,722,11573,101,2020-11-27,1,2,2020-11-28 09:56:25.324408
25565956,213048,722,11573,101,2020-11-26,1,2,2020-11-27 07:07:55.798372
25485285,213048,722,11573,101,2020-11-23,1,1,2020-11-24 07:02:53.975052
25441025,213048,722,11573,101,2020-11-22,4,1,2020-11-23 06:39:58.192047
25411264,213048,722,11573,101,2020-11-21,1,0,2020-11-22 08:09:53.368580
25351673,213048,722,11573,101,2020-11-20,3,0,2020-11-21 06:27:26.130116
25303004,213048,722,11573,101,2020-11-19,5,0,2020-11-20 05:58:04.425258
25257050,213048,722,11573,101,2020-11-18,8,3,2020-11-19 05:18:51.263454
25200882,213048,722,11573,101,2020-11-16,2,0,2020-11-17 05:52:53.902421
25166928,213048,722,11573,101,2020-11-15,1,1,2020-11-16 06:22:00.876877
25109152,213048,722,11573,101,2020-11-14,5,6,2020-11-15 05:19:23.808037
25085050,213048,722,11573,101,2020-11-13,1,1,2020-11-14 05:59:55.967781
25030925,213048,722,11573,101,2020-11-12,4,0,2020-11-13 05:28:39.326490
25004119,213048,722,11573,101,2020-11-11,1,0,2020-11-12 07:01:42.906235
24950481,213048,722,11573,101,2020-11-10,3,0,2020-11-11 05:33:59.801125
24910506,213048,722,11573,101,2020-11-09,3,0,2020-11-10 05:30:15.672784
24883594,213048,722,11573,101,2020-11-08,1,0,2020-11-09 05:54:58.067073
24831806,213048,722,11573,101,2020-11-07,5,2,2020-11-08 05:15:16.911563
24800569,213048,722,11573,101,2020-11-06,3,0,2020-11-07 05:19:58.658602
24762438,213048,722,11573,101,2020-11-05,5,0,2020-11-06 05:16:01.368083
24692374,213048,722,11573,101,2020-11-03,3,3,2020-11-04 05:23:41.003279
24659369,213048,722,11573,101,2020-11-02,2,1,2020-11-03 05:32:21.886706
24622041,213048,722,11573,101,2020-11-01,2,1,2020-11-02 05:30:53.672883
24583838,213048,722,11573,101,2020-10-31,3,0,2020-11-01 05:16:12.672391
24520575,213048,722,11573,101,2020-10-29,2,0,2020-10-30 05:26:38.245842
24480083,213048,722,11573,101,2020-10-28,4,2,2020-10-29 05:16:31.847337
24444521,213048,722,11573,101,2020-10-27,4,2,2020-10-28 05:17:46.109514
24410844,213048,722,11573,101,2020-10-26,3,0,2020-10-27 05:21:34.989544
24372490,213048,722,11573,101,2020-10-25,3,1,2020-10-26 05:24:38.568979
24340255,213048,722,11573,101,2020-10-24,2,7,2020-10-25 05:23:51.980805
24303790,213048,722,11573,101,2020-10-23,3,0,2020-10-24 05:15:51.820510
24273725,213048,722,11573,101,2020-10-22,2,2,2020-10-23 05:25:29.011744
24235332,213048,722,11573,101,2020-10-21,3,0,2020-10-22 05:19:30.371684
24166994,213048,722,11573,101,2020-10-19,2,2,2020-10-20 05:26:42.753846
24106190,213048,722,11573,101,2020-10-17,1,0,2020-10-18 05:30:11.190011
24064688,213048,722,11573,101,2020-10-16,3,3,2020-10-17 05:14:47.614035
24027173,213048,722,11573,101,2020-10-15,9,0,2020-10-16 05:08:32.793857
24009406,213048,722,11573,101,2020-10-14,1,0,2020-10-15 05:36:23.206243
23941202,213048,722,11573,101,2020-10-12,1,5,2020-10-13 05:39:13.138572
23900400,213048,722,11573,101,2020-10-11,2,1,2020-10-12 05:22:59.004871
23861525,213048,722,11573,101,2020-10-10,5,0,2020-10-11 05:11:13.263022
23830766,213048,722,11573,101,2020-10-09,4,0,2020-10-10 05:13:43.016799
23803364,213048,722,11573,101,2020-10-08,2,0,2020-10-09 05:22:27.336622
23765469,213048,722,11573,101,2020-10-07,3,1,2020-10-08 05:19:01.516652
