215117702,415223,11536,8971,connected,415222,11536,8971,1499,2021-09-03 04:16:31.499640,11747
215117703,415223,11536,8971,root_popularity,453060,11422,8422,8,2021-09-03 04:16:31.605073,11747
215117704,415223,11536,8971,root_popularity,457372,11422,8422,8,2021-09-03 04:16:31.609812,11747
215117705,415223,11536,8971,root_popularity,390481,11524,16037,8,2021-09-03 04:16:31.615243,11747
215117706,415223,11536,8971,root_popularity,506708,11422,8422,8,2021-09-03 04:16:31.619640,11747
215117707,415223,11536,8971,root_popularity,266092,11423,3175,4,2021-09-03 04:16:31.623695,11747
215117708,418247,12760,16110,root_popularity,444149,13020,1249,8,2021-09-03 04:16:31.847739,11390
215117709,418247,12760,16110,root_popularity,488073,13451,11517,6,2021-09-03 04:16:31.857188,11390
215117710,418247,12760,16110,root_popularity,276243,13451,11517,3,2021-09-03 04:16:31.862031,11390
215117711,418247,12760,16110,root_popularity,426906,12173,17274,5,2021-09-03 04:16:31.866075,11390
215117712,418247,12760,16110,root_popularity,433933,12256,1249,5,2021-09-03 04:16:31.869550,11390
215117713,416959,11855,12862,user_events,219956,11855,6681,30,2021-09-03 04:16:32.013837,11750
215117714,416959,11855,12862,user_events,309344,11855,2818,13,2021-09-03 04:16:32.017002,11750
215117715,416959,11855,12862,user_events,352930,273,7713,12,2021-09-03 04:16:32.020056,11750
215117716,416959,11855,12862,user_events,403018,273,2824,8,2021-09-03 04:16:32.023556,11750
215117717,416959,11855,12862,user_events,402440,11812,12862,5,2021-09-03 04:16:32.027693,11750
215117718,416959,11855,12862,user_events,359091,11855,6872,4,2021-09-03 04:16:32.031319,11750
215117719,416959,11855,12862,user_events,295197,11855,2472,2,2021-09-03 04:16:32.036216,11750
215117720,416959,11855,12862,user_events,440938,11037,17660,3,2021-09-03 04:16:32.039823,11748
215117721,416959,11855,12862,user_events,341652,11282,10018,3,2021-09-03 04:16:32.043431,11750
215117722,416959,11855,12862,user_events,409693,273,3468,2,2021-09-03 04:16:32.046546,11750
215117723,416959,11855,12862,user_events,515214,11855,13989,2,2021-09-03 04:16:32.049798,11750
215117724,416959,11855,12862,user_events,515213,11855,15299,2,2021-09-03 04:16:32.052433,11750
215117725,416959,11855,12862,user_events,462819,11855,14062,2,2021-09-03 04:16:32.055263,11750
215117726,416959,11855,12862,root_popularity,504773,10343,12420,15,2021-09-03 04:16:32.159051,11750
215117727,416959,11855,12862,root_popularity,297877,11070,9049,9,2021-09-03 04:16:32.163951,11750
215117728,416959,11855,12862,root_popularity,395690,11054,564,11,2021-09-03 04:16:32.168109,11750
215117729,416959,11855,12862,root_popularity,425744,11458,6522,8,2021-09-03 04:16:32.171793,11750
214656735,488076,11054,168,user_events,395690,11054,564,317,2021-09-01 03:36:10.063292,11750
214656736,488076,11054,168,user_events,341610,11054,564,188,2021-09-01 03:36:10.067072,11750
214656737,488076,11054,168,user_events,488078,11054,168,180,2021-09-01 03:36:10.072491,11750
214656738,488076,11054,168,user_events,395706,11054,9474,128,2021-09-01 03:36:10.076240,11750
214656739,488076,11054,168,user_events,274625,11054,168,70,2021-09-01 03:36:10.080184,11750
214656740,488076,11054,168,user_events,403056,11054,151,100,2021-09-01 03:36:10.083789,11750
214656741,488076,11054,168,user_events,419067,11054,2472,89,2021-09-01 03:36:10.087827,11750
214656742,488076,11054,168,user_events,488077,11054,168,79,2021-09-01 03:36:10.094223,11750
214656743,488076,11054,168,user_events,493112,11054,151,54,2021-09-01 03:36:10.099445,11750
214656744,488076,11054,168,user_events,399825,11054,9474,46,2021-09-01 03:36:10.103914,11750
214656745,488076,11054,168,user_events,354252,11054,168,29,2021-09-01 03:36:10.108317,11750
214656746,488076,11054,168,user_events,395696,11054,564,13,2021-09-01 03:36:10.111851,11750
214656747,488076,11054,168,user_events,418947,11054,202,36,2021-09-01 03:36:10.115859,11750
214656748,488076,11054,168,user_events,401520,11054,564,35,2021-09-01 03:36:10.119864,11750
214656749,488076,11054,168,user_events,395703,11054,2517,31,2021-09-01 03:36:10.123371,11750
214656750,488076,11054,168,user_events,341629,11054,14059,6,2021-09-01 03:36:10.126623,11750
214656751,488076,11054,168,user_events,466748,11054,151,26,2021-09-01 03:36:10.130736,11750
215117730,416959,11855,12862,root_popularity,439893,11458,6522,8,2021-09-03 04:16:32.175219,11750
215117731,416638,12006,6506,connected,416637,11531,6506,1499,2021-09-03 04:16:32.395618,11747
215117732,416638,12006,6506,root_popularity,266092,11423,3175,5,2021-09-03 04:16:32.500364,11747
214656752,488076,11054,168,user_events,354639,11054,564,17,2021-09-01 03:36:10.136577,11750
214656753,488076,11054,168,user_events,395685,11054,564,23,2021-09-01 03:36:10.140480,11750
214656754,488076,11054,168,user_events,457085,11054,2472,21,2021-09-01 03:36:10.143263,11750
214656755,488076,11054,168,user_events,505114,11054,2472,21,2021-09-01 03:36:10.147892,11750
214656756,488076,11054,168,user_events,498025,11820,2517,20,2021-09-01 03:36:10.151195,11750
215117733,416638,12006,6506,root_popularity,453060,11422,8422,6,2021-09-03 04:16:32.504829,11747
215117734,416638,12006,6506,root_popularity,506708,11422,8422,6,2021-09-03 04:16:32.508457,11747
215117735,416638,12006,6506,root_popularity,457372,11422,8422,5,2021-09-03 04:16:32.511611,11747
215117736,416638,12006,6506,root_popularity,390481,11524,16037,5,2021-09-03 04:16:32.515036,11747
215117737,472245,12727,13992,user_events,432901,12727,13992,53,2021-09-03 04:16:32.716041,10049
215000199,389792,11492,175,user_events,423195,11492,2469,93,2021-09-03 03:41:36.934644,11096
215000200,389792,11492,175,user_events,514435,11492,6379,68,2021-09-03 03:41:36.939446,11096
215000201,389792,11492,175,user_events,514648,11492,2471,59,2021-09-03 03:41:36.943055,11096
215000202,389792,11492,175,user_events,273036,11492,175,31,2021-09-03 03:41:36.946599,11096
215000203,389792,11492,175,user_events,512104,248,175,40,2021-09-03 03:41:36.951161,11096
215000204,389792,11492,175,user_events,272985,11492,175,19,2021-09-03 03:41:36.955007,11096
215000205,389792,11492,175,user_events,378888,11492,2471,23,2021-09-03 03:41:36.959298,11096
215000206,389792,11492,175,user_events,333265,11492,175,22,2021-09-03 03:41:36.962693,11096
215000207,389792,11492,175,user_events,332534,11492,175,19,2021-09-03 03:41:36.965933,11096
215000208,389792,11492,175,user_events,359064,11492,175,19,2021-09-03 03:41:36.969706,11096
214891149,257460,11597,6506,root_popularity,390481,11524,16037,8,2021-09-02 03:31:08.832281,11747
214891150,257460,11597,6506,root_popularity,453060,11422,8422,6,2021-09-02 03:31:08.837887,11747
214891151,257460,11597,6506,root_popularity,457372,11422,8422,6,2021-09-02 03:31:08.841838,11747
214891152,257460,11597,6506,root_popularity,266092,11423,3175,6,2021-09-02 03:31:08.846256,11747
214891153,257460,11597,6506,root_popularity,506708,11422,8422,6,2021-09-02 03:31:08.849922,11747
215000209,389792,11492,175,user_events,453539,11492,2517,18,2021-09-03 03:41:36.972870,11096
215000210,389792,11492,175,user_events,513327,247,175,18,2021-09-03 03:41:36.975870,11096
215000211,389792,11492,175,user_events,319660,11339,175,18,2021-09-03 03:41:36.978593,11096
214656757,488076,11054,168,user_events,172876,11054,564,13,2021-09-01 03:36:10.158253,11750
214656758,488076,11054,168,user_events,395705,11054,2517,19,2021-09-01 03:36:10.161780,11750
214656759,488076,11054,168,user_events,341634,11054,14060,12,2021-09-01 03:36:10.164859,11750
214656760,488076,11054,168,user_events,472024,11820,6522,16,2021-09-01 03:36:10.171195,11750
214891154,257098,10053,10411,user_events,517603,10053,5756,2,2021-09-02 03:31:09.001289,10049
214891155,257098,10053,10411,root_popularity,399654,11324,816,5,2021-09-02 03:31:09.105571,10049
214891156,257098,10053,10411,root_popularity,398750,12252,13369,3,2021-09-02 03:31:09.110883,10049
214891157,257098,10053,10411,root_popularity,460028,12252,6522,3,2021-09-02 03:31:09.115088,10049
214891158,257098,10053,10411,root_popularity,492227,11417,13165,3,2021-09-02 03:31:09.119748,10049
215000212,389792,11492,175,user_events,386746,11492,2471,17,2021-09-03 03:41:36.982014,11096
214656761,488076,11054,168,user_events,401747,11336,2647,15,2021-09-01 03:36:10.174771,11750
214656762,488076,11054,168,user_events,457070,11054,564,15,2021-09-01 03:36:10.189154,11750
214656763,488076,11054,168,user_events,307374,11054,2472,9,2021-09-01 03:36:10.232951,11750
214656764,488076,11054,168,user_events,477941,11054,168,12,2021-09-01 03:36:10.300673,11750
214656765,488076,11054,168,user_events,399824,11054,9474,11,2021-09-01 03:36:10.340967,11750
215000213,389792,11492,175,user_events,514434,11492,6370,16,2021-09-03 03:41:36.985301,11096
215000214,389792,11492,175,user_events,453538,11492,2517,15,2021-09-03 03:41:36.988483,11096
215000215,389792,11492,175,user_events,426315,11492,175,15,2021-09-03 03:41:36.992115,11096
215000216,389792,11492,175,user_events,303578,11492,2469,9,2021-09-03 03:41:36.995465,11096
215000217,389792,11492,175,user_events,313598,11492,6379,14,2021-09-03 03:41:36.999579,11096
215000218,389792,11492,175,user_events,476665,249,168,14,2021-09-03 03:41:37.003778,11096
215000219,389792,11492,175,user_events,426518,243,2517,13,2021-09-03 03:41:37.007351,11096
215000220,389792,11492,175,user_events,514074,247,168,13,2021-09-03 03:41:37.010910,11096
215000221,389792,11492,175,user_events,334130,11339,175,12,2021-09-03 03:41:37.014492,11096
215000222,389792,11492,175,user_events,273033,11492,2469,7,2021-09-03 03:41:37.019408,11096
215000223,389792,11492,175,user_events,514473,11492,3028,10,2021-09-03 03:41:37.022877,11096
214656766,488076,11054,168,user_events,510822,11054,9474,4,2021-09-01 03:36:10.365322,11750
214656767,488076,11054,168,user_events,395707,11054,9474,11,2021-09-01 03:36:10.368755,11750
214656768,488076,11054,168,user_events,517716,11054,564,10,2021-09-01 03:36:10.372999,11750
214656769,488076,11054,168,user_events,377379,12256,1249,7,2021-09-01 03:36:10.376507,11390
215000224,389792,11492,175,user_events,268080,247,115,7,2021-09-03 03:41:37.026497,11096
215000225,389792,11492,175,user_events,426363,11492,2516,10,2021-09-03 03:41:37.029288,11096
215000226,389792,11492,175,user_events,449448,11179,2516,9,2021-09-03 03:41:37.032272,11096
215000227,389792,11492,175,user_events,476991,11339,175,9,2021-09-03 03:41:37.035424,11096
215000228,389792,11492,175,user_events,514709,11492,6379,9,2021-09-03 03:41:37.039209,11096
215000229,389792,11492,175,user_events,511933,248,175,9,2021-09-03 03:41:37.042535,11096
215000230,389792,11492,175,user_events,325519,11055,2469,9,2021-09-03 03:41:37.045558,11096
215000231,389792,11492,175,user_events,334365,11055,175,9,2021-09-03 03:41:37.049693,11096
215000232,389792,11492,175,user_events,512018,248,2468,9,2021-09-03 03:41:37.052951,11096
215000233,389792,11492,175,user_events,333508,11055,6370,9,2021-09-03 03:41:37.056615,11096
215000234,389792,11492,175,user_events,426766,247,115,9,2021-09-03 03:41:37.060488,11096
215000235,389792,11492,175,user_events,415410,248,2517,9,2021-09-03 03:41:37.063819,11096
215000236,389792,11492,175,user_events,512807,247,168,9,2021-09-03 03:41:37.067056,11096
215000237,389792,11492,175,user_events,380769,247,115,9,2021-09-03 03:41:37.070597,11096
215000238,389792,11492,175,user_events,476682,249,168,7,2021-09-03 03:41:37.074008,11096
215000239,254732,221,6284,user_events,478489,221,4558,62,2021-09-03 03:41:37.290261,128
215000240,254732,221,6284,user_events,278448,221,3602,43,2021-09-03 03:41:37.294856,128
215000241,254732,221,6284,user_events,280898,221,6950,36,2021-09-03 03:41:37.298091,128
215000242,254732,221,6284,user_events,284621,221,101,10,2021-09-03 03:41:37.301378,128
215000243,254732,221,6284,user_events,210434,221,151,30,2021-09-03 03:41:37.304627,128
215000244,254732,221,6284,user_events,283905,221,6950,28,2021-09-03 03:41:37.308743,128
215000245,254732,221,6284,user_events,293512,221,7828,25,2021-09-03 03:41:37.312788,128
215000246,254732,221,6284,user_events,301443,221,8446,20,2021-09-03 03:41:37.316507,128
215000247,254732,221,6284,user_events,410716,221,10591,19,2021-09-03 03:41:37.319767,128
214656770,488076,11054,168,user_events,464032,221,766,6,2021-09-01 03:36:10.380425,128
214656771,488076,11054,168,user_events,197547,11082,6635,4,2021-09-01 03:36:10.383988,11748
214656772,488076,11054,168,user_events,258405,11663,5508,3,2021-09-01 03:36:10.389641,11747
214656773,488076,11054,168,user_events,483394,221,766,5,2021-09-01 03:36:10.396251,128
214656774,488076,11054,168,user_events,498942,19,168,5,2021-09-01 03:36:10.401906,117
214656775,211348,11510,6280,user_events,343018,11510,6280,261,2021-09-01 03:36:10.888657,10049
214656776,211348,11510,6280,user_events,327190,11510,6280,223,2021-09-01 03:36:10.892403,10049
214656777,211348,11510,6280,user_events,261932,11510,5631,202,2021-09-01 03:36:10.895669,10049
214656778,211348,11510,6280,user_events,327355,11510,6280,92,2021-09-01 03:36:10.899536,10049
214656779,211348,11510,6280,user_events,258421,11510,6280,91,2021-09-01 03:36:10.902939,10049
214656780,211348,11510,6280,user_events,492515,11417,6912,70,2021-09-01 03:36:10.906457,10049
214656781,211348,11510,6280,user_events,447906,11510,5631,61,2021-09-01 03:36:10.912322,10049
215000248,254732,221,6284,user_events,301446,221,2079,18,2021-09-03 03:41:37.324292,128
215000249,254732,221,6284,user_events,455352,11161,168,6,2021-09-03 03:41:37.328322,128
215000250,254732,221,6284,user_events,434770,69,168,16,2021-09-03 03:41:37.332159,128
215000251,254732,221,6284,user_events,232324,221,8446,15,2021-09-03 03:41:37.335390,128
215000252,254732,221,6284,user_events,286302,221,12986,12,2021-09-03 03:41:37.338403,128
215000253,254732,221,6284,user_events,234717,209,8446,9,2021-09-03 03:41:37.341578,128
215000254,254732,221,6284,user_events,286303,221,11922,9,2021-09-03 03:41:37.345504,128
215000255,254732,221,6284,user_events,291213,221,6184,9,2021-09-03 03:41:37.349181,128
214656782,211348,11510,6280,user_events,291925,11510,6280,55,2021-09-01 03:36:10.915645,10049
215000256,254732,221,6284,user_events,511652,69,168,8,2021-09-03 03:41:37.355137,128
215000257,254732,221,6284,user_events,440354,69,168,8,2021-09-03 03:41:37.358851,128
215000258,254732,221,6284,user_events,455342,11161,168,8,2021-09-03 03:41:37.362441,128
215000259,254732,221,6284,user_events,291215,221,7821,6,2021-09-03 03:41:37.366301,128
215000260,254732,221,6284,user_events,481407,221,4558,6,2021-09-03 03:41:37.370148,128
215000261,254732,221,6284,user_events,440352,69,168,5,2021-09-03 03:41:37.373543,128
215000262,254732,221,6284,user_events,506355,11161,168,4,2021-09-03 03:41:37.376760,128
215000263,254732,221,6284,user_events,410673,221,6541,3,2021-09-03 03:41:37.381857,128
215000264,254732,221,6284,user_events,320376,221,8747,3,2021-09-03 03:41:37.385210,128
215000265,254732,221,6284,user_events,464032,221,766,3,2021-09-03 03:41:37.388516,128
215000266,254732,221,6284,user_events,221545,221,2079,3,2021-09-03 03:41:37.391297,128
215000267,254732,221,6284,user_events,440335,69,168,3,2021-09-03 03:41:37.394693,128
215000268,254732,221,6284,user_events,283494,11660,2641,2,2021-09-03 03:41:37.398290,11750
215000269,254732,221,6284,user_events,325991,10020,224,2,2021-09-03 03:41:37.401277,128
215000270,254732,221,6284,user_events,387100,221,3602,2,2021-09-03 03:41:37.404526,128
215000271,254732,221,6284,user_events,323010,221,1128,2,2021-09-03 03:41:37.407516,128
215117738,472245,12727,13992,user_events,475955,12727,13992,46,2021-09-03 04:16:32.719663,10049
215117739,472245,12727,13992,user_events,365114,12727,13992,30,2021-09-03 04:16:32.724479,10049
215117740,472245,12727,13992,user_events,240942,12727,9674,13,2021-09-03 04:16:32.728143,10049
215117741,472245,12727,13992,user_events,501470,11417,13369,17,2021-09-03 04:16:32.731515,10049
215000272,254732,221,6284,user_events,293507,221,6950,2,2021-09-03 03:41:37.410507,128
215117742,472245,12727,13992,user_events,375328,11417,2482,2,2021-09-03 04:16:32.734818,10049
215117743,472245,12727,13992,user_events,402628,12727,5628,9,2021-09-03 04:16:32.738282,10049
215117744,472245,12727,13992,user_events,492175,11417,13161,9,2021-09-03 04:16:32.741261,10049
215117745,472245,12727,13992,user_events,499780,11417,5756,2,2021-09-03 04:16:32.744180,10049
215117746,472245,12727,13992,user_events,484793,30,2373,7,2021-09-03 04:16:32.746949,101
215117747,472245,12727,13992,user_events,498211,2,23,5,2021-09-03 04:16:32.749981,101
215117748,472245,12727,13992,user_events,330855,11695,10992,3,2021-09-03 04:16:32.752949,10049
214656783,211348,11510,6280,user_events,432363,11417,10085,53,2021-09-01 03:36:10.919650,10049
214656784,211348,11510,6280,user_events,386133,11510,5631,43,2021-09-01 03:36:10.922981,10049
214656785,211348,11510,6280,user_events,255588,11510,6280,31,2021-09-01 03:36:10.926460,10049
214656786,211348,11510,6280,user_events,432367,11417,10085,30,2021-09-01 03:36:10.930500,10049
214656787,211348,11510,6280,user_events,338575,11470,5564,30,2021-09-01 03:36:10.934733,10049
214656788,211348,11510,6280,user_events,369029,11510,5631,29,2021-09-01 03:36:10.938377,10049
214656789,211348,11510,6280,user_events,499019,11417,5623,9,2021-09-01 03:36:10.942271,10049
214656790,211348,11510,6280,user_events,235120,11470,9016,22,2021-09-01 03:36:10.945573,10049
214656791,211348,11510,6280,user_events,492019,11417,13161,20,2021-09-01 03:36:10.949201,10049
214656792,211348,11510,6280,user_events,209897,11510,8371,20,2021-09-01 03:36:10.952233,10049
214656793,211348,11510,6280,user_events,295358,11510,6280,18,2021-09-01 03:36:10.955408,10049
214656794,211348,11510,6280,user_events,498302,11417,5623,17,2021-09-01 03:36:10.958781,10049
215000273,254732,221,6284,user_events,311257,221,3602,2,2021-09-03 03:41:37.413269,128
215000274,254732,221,6284,user_events,301508,221,6950,2,2021-09-03 03:41:37.416461,128
215000275,254732,221,6284,user_events,418627,221,7821,2,2021-09-03 03:41:37.420120,128
215000276,499744,36,46,user_events,484793,30,2373,114,2021-09-03 03:41:37.654850,101
215000277,499744,36,46,user_events,457497,30,2373,56,2021-09-03 03:41:37.658744,101
215000278,499744,36,46,user_events,462536,30,17,46,2021-09-03 03:41:37.662771,101
215000279,499744,36,46,user_events,457494,30,2373,40,2021-09-03 03:41:37.666452,101
215000280,499744,36,46,user_events,471357,36,46,37,2021-09-03 03:41:37.669701,101
214891159,257098,10053,10411,root_popularity,294438,11470,12105,2,2021-09-02 03:31:09.125851,10049
215117749,472245,12727,13992,user_events,489675,11695,10184,5,2021-09-03 04:16:32.755991,10049
215117750,472245,12727,13992,user_events,330079,11470,9016,2,2021-09-03 04:16:32.763716,10049
215117751,472245,12727,13992,user_events,487952,2,6,3,2021-09-03 04:16:32.766412,101
214546857,297166,11451,6656,user_events,265462,11451,6656,24,2021-08-30 04:12:38.350052,11390
214546858,297166,11451,6656,user_events,321826,11451,6667,21,2021-08-30 04:12:38.353512,11390
214546859,297166,11451,6656,user_events,470830,11451,8393,19,2021-08-30 04:12:38.356495,11390
214546860,297166,11451,6656,user_events,297168,11451,6656,11,2021-08-30 04:12:38.361014,11390
214546861,297166,11451,6656,user_events,321722,11451,6667,4,2021-08-30 04:12:38.367072,11390
214891160,287152,11515,6677,user_events,280604,11515,11030,45,2021-09-02 03:31:09.311562,11624
214891161,287152,11515,6677,user_events,504773,10343,12420,5,2021-09-02 03:31:09.315781,11750
214891162,287152,11515,6677,user_events,393292,12609,3156,2,2021-09-02 03:31:09.325860,11750
214891163,287152,11515,6677,user_events,490753,32,286,2,2021-09-02 03:31:09.333050,121
214891164,287152,11515,6677,root_popularity,225772,11628,9217,9,2021-09-02 03:31:09.439532,11624
214891165,287152,11515,6677,root_popularity,283690,13293,11798,12,2021-09-02 03:31:09.444596,11624
214891166,287152,11515,6677,root_popularity,415298,10106,6676,11,2021-09-02 03:31:09.449301,11624
214891167,287152,11515,6677,root_popularity,273201,11739,11322,9,2021-09-02 03:31:09.453820,11624
214891168,287152,11515,6677,root_popularity,423306,11803,17169,8,2021-09-02 03:31:09.457920,11624
214656795,211348,11510,6280,user_events,359665,11510,10728,16,2021-09-01 03:36:10.961345,10049
214656796,211348,11510,6280,user_events,447947,11510,15196,16,2021-09-01 03:36:10.964123,10049
214891169,287087,11548,286,user_events,287090,11548,286,40,2021-09-02 03:31:09.633203,121
215000281,499744,36,46,user_events,457498,30,2373,37,2021-09-03 03:41:37.673164,101
215000282,499744,36,46,user_events,357579,36,38,24,2021-09-03 03:41:37.676593,101
215000283,499744,36,46,user_events,457500,30,2373,35,2021-09-03 03:41:37.679707,101
215000284,499744,36,46,user_events,462924,30,2373,31,2021-09-03 03:41:37.683176,101
215000285,499744,36,46,user_events,496326,5,93,28,2021-09-03 03:41:37.687117,101
215000286,499744,36,46,user_events,469896,5,17,25,2021-09-03 03:41:37.690459,101
215000287,499744,36,46,user_events,387017,5,17,15,2021-09-03 03:41:37.700524,101
215000288,499744,36,46,user_events,461231,36,1214,21,2021-09-03 03:41:37.707284,101
215000289,499744,36,46,user_events,457496,30,2373,20,2021-09-03 03:41:37.710743,101
215000290,499744,36,46,user_events,472798,30,17,17,2021-09-03 03:41:37.714675,101
215000291,499744,36,46,user_events,493537,33,18658,17,2021-09-03 03:41:37.718776,101
215000292,499744,36,46,user_events,472795,30,17,16,2021-09-03 03:41:37.722928,101
215000293,499744,36,46,user_events,386053,5,93,11,2021-09-03 03:41:37.727912,101
215000294,499744,36,46,user_events,329467,13,116,10,2021-09-03 03:41:37.732361,101
215000295,499744,36,46,user_events,519363,30,131,15,2021-09-03 03:41:37.736403,101
215000296,499744,36,46,user_events,335338,36,241,9,2021-09-03 03:41:37.740296,101
215000297,499744,36,46,user_events,385039,10,23,9,2021-09-03 03:41:37.744243,101
215000298,499744,36,46,user_events,394603,9,172,9,2021-09-03 03:41:37.748695,101
215000299,499744,36,46,user_events,394591,9,46,9,2021-09-03 03:41:37.752427,101
215000300,499744,36,46,user_events,330444,27,46,8,2021-09-03 03:41:37.756183,101
215000301,499744,36,46,user_events,313418,36,46,8,2021-09-03 03:41:37.760305,101
215000302,499744,36,46,user_events,462722,30,23,12,2021-09-03 03:41:37.765111,101
215000303,499744,36,46,user_events,471369,71,6,11,2021-09-03 03:41:37.770665,101
215000304,499744,36,46,user_events,248486,36,2306,8,2021-09-03 03:41:37.774531,101
215000305,499744,36,46,user_events,457933,13,116,11,2021-09-03 03:41:37.778101,101
215000306,499744,36,46,user_events,467767,13,46,11,2021-09-03 03:41:37.781851,101
215000307,499744,36,46,user_events,394843,5,17,7,2021-09-03 03:41:37.786382,101
215000308,499744,36,46,user_events,320602,5,17,7,2021-09-03 03:41:37.789634,101
215000309,499744,36,46,user_events,158638,36,239,7,2021-09-03 03:41:37.793217,101
215000310,499744,36,46,user_events,193423,36,2369,7,2021-09-03 03:41:37.797729,101
215000311,499744,36,46,user_events,475443,10,597,10,2021-09-03 03:41:37.801930,101
215000312,499744,36,46,user_events,476224,33,18658,10,2021-09-03 03:41:37.805332,101
215000313,499744,36,46,user_events,420721,9,219,10,2021-09-03 03:41:37.809087,101
215000314,499744,36,46,user_events,203912,13,4905,6,2021-09-03 03:41:37.812771,101
215000315,499744,36,46,user_events,478202,30,168,3,2021-09-03 03:41:37.816879,101
215000316,503507,11597,5568,root_popularity,453060,11422,8422,8,2021-09-03 03:41:38.045468,11747
215000317,503507,11597,5568,root_popularity,390481,11524,16037,5,2021-09-03 03:41:38.052704,11747
215000318,503507,11597,5568,root_popularity,506708,11422,8422,8,2021-09-03 03:41:38.056671,11747
214656797,211348,11510,6280,user_events,492228,11417,13165,16,2021-09-01 03:36:10.966762,10049
215000319,503507,11597,5568,root_popularity,457372,11422,8422,5,2021-09-03 03:41:38.060243,11747
215000320,503507,11597,5568,root_popularity,266092,11423,3175,3,2021-09-03 03:41:38.063141,11747
215000321,511395,12948,6356,user_events,294941,12948,6356,90,2021-09-03 03:41:38.315867,11748
214656798,211348,11510,6280,user_events,414912,10333,8371,15,2021-09-01 03:36:10.970801,10049
214656799,211348,11510,6280,user_events,389113,12532,12980,15,2021-09-01 03:36:10.974229,10049
214656800,211348,11510,6280,user_events,466220,12252,6522,14,2021-09-01 03:36:10.978589,10049
214656801,211348,11510,6280,user_events,378088,10070,5664,13,2021-09-01 03:36:10.982147,10049
215000322,511395,12948,6356,user_events,497300,12948,6356,114,2021-09-03 03:41:38.319757,11748
215000323,511395,12948,6356,user_events,496324,12948,6356,46,2021-09-03 03:41:38.322746,11748
215000324,511395,12948,6356,user_events,330753,12948,6356,27,2021-09-03 03:41:38.325896,11748
215000325,511395,12948,6356,user_events,227859,11041,5701,16,2021-09-03 03:41:38.329321,11748
215000326,511395,12948,6356,user_events,330754,12948,6356,16,2021-09-03 03:41:38.332853,11748
215000327,511395,12948,6356,user_events,511399,12948,6356,18,2021-09-03 03:41:38.337360,11748
215117752,472245,12727,13992,user_events,501396,2,168,3,2021-09-03 04:16:32.769618,101
215117753,472245,12727,13992,user_events,469686,11417,19074,3,2021-09-03 04:16:32.772320,10049
215117754,472245,12727,13992,user_events,482693,19,168,3,2021-09-03 04:16:32.775089,117
215117755,472245,12727,13992,user_events,472798,30,17,3,2021-09-03 04:16:32.778173,101
214656802,211348,11510,6280,user_events,376085,11417,2482,4,2021-09-01 03:36:10.985122,10049
215117756,472245,12727,13992,user_events,236758,11417,9536,2,2021-09-03 04:16:32.781611,10049
214656803,211348,11510,6280,user_events,258301,11510,6280,13,2021-09-01 03:36:10.988226,10049
214656804,211348,11510,6280,user_events,321221,11417,8830,4,2021-09-01 03:36:10.991470,10049
175282881,254023,43,286,user_events,379513,43,286,1819,2020-12-10 03:21:53.883841,121
175282882,254023,43,286,user_events,328613,43,184,408,2020-12-10 03:21:53.887076,121
175282883,254023,43,286,user_events,392444,43,286,347,2020-12-10 03:21:53.890268,121
175282884,254023,43,286,user_events,447343,43,184,231,2020-12-10 03:21:53.894049,121
175282885,254023,43,286,user_events,336800,43,130,191,2020-12-10 03:21:53.897422,121
175282886,254023,43,286,user_events,387969,32,7762,78,2020-12-10 03:21:53.900092,121
175282887,254023,43,286,user_events,462163,43,130,70,2020-12-10 03:21:53.902843,121
175282888,254023,43,286,user_events,275148,43,184,45,2020-12-10 03:21:53.907466,121
175282889,254023,43,286,user_events,370774,32,984,38,2020-12-10 03:21:53.910485,121
175282890,254023,43,286,user_events,466593,32,18951,29,2020-12-10 03:21:53.915818,121
175282891,254023,43,286,user_events,263630,11548,130,28,2020-12-10 03:21:53.924620,121
175282892,254023,43,286,user_events,420733,43,12674,27,2020-12-10 03:21:53.927759,121
175282893,254023,43,286,user_events,369451,32,286,26,2020-12-10 03:21:53.930852,121
175282894,254023,43,286,user_events,256019,43,184,25,2020-12-10 03:21:53.934474,121
175282895,254023,43,286,user_events,31928,43,286,5,2020-12-10 03:21:53.937676,121
175282896,254023,43,286,category_related,457494,30,2373,15,2020-12-10 03:21:54.043643,101
175282897,254023,43,286,category_related,455181,32,4750,14,2020-12-10 03:21:54.049329,121
175282898,254023,43,286,category_related,287090,11548,286,24,2020-12-10 03:21:54.052284,121
175282899,254023,43,286,category_related,436498,11548,184,8,2020-12-10 03:21:54.055466,121
175282900,254023,43,286,category_related,457500,30,2373,8,2020-12-10 03:21:54.059001,101
175282901,254023,43,286,category_related,462676,30,23,8,2020-12-10 03:21:54.062109,101
175282902,254023,43,286,category_related,395078,19,145,8,2020-12-10 03:21:54.065006,117
214656805,211348,11510,6280,user_events,508558,11417,10896,4,2021-09-01 03:36:10.994718,10049
215117757,472245,12727,13992,user_events,376013,11943,15417,2,2021-09-03 04:16:32.785231,11391
215117758,472245,12727,13992,user_events,453068,2,3653,2,2021-09-03 04:16:32.788463,101
215117759,472245,12727,13992,user_events,457919,11943,18457,2,2021-09-03 04:16:32.791514,11391
215117760,472245,12727,13992,user_events,445363,29,168,2,2021-09-03 04:16:32.794933,101
215117761,472245,12727,13992,user_events,502895,2,131,2,2021-09-03 04:16:32.799247,101
215117762,472245,12727,13992,user_events,472795,30,17,2,2021-09-03 04:16:32.803101,101
215117763,472245,12727,13992,user_events,506640,19,8077,2,2021-09-03 04:16:32.806391,117
214656806,211348,11510,6280,user_events,486868,11256,19681,13,2021-09-01 03:36:10.998157,11390
214656807,211348,11510,6280,user_events,295645,11417,5623,12,2021-09-01 03:36:11.001255,10049
214656808,211348,11510,6280,user_events,500200,11510,5631,12,2021-09-01 03:36:11.004477,10049
214656809,211348,11510,6280,user_events,295258,11417,10896,12,2021-09-01 03:36:11.007346,10049
214656810,211348,11510,6280,user_events,389328,12532,12980,11,2021-09-01 03:36:11.010474,10049
214656811,211348,11510,6280,user_events,240450,11470,9016,9,2021-09-01 03:36:11.013305,10049
214656812,211348,11510,6280,user_events,498379,10053,15268,9,2021-09-01 03:36:11.016690,10049
214656813,211348,11510,6280,user_events,255586,11509,10324,9,2021-09-01 03:36:11.019674,10049
214656814,211348,11510,6280,user_events,501476,11417,15270,9,2021-09-01 03:36:11.023069,10049
214656815,245592,11496,1249,user_events,245591,11496,1249,170,2021-09-01 03:36:11.351147,11096
214656816,245592,11496,1249,user_events,490491,11496,19812,124,2021-09-01 03:36:11.354204,11096
214656817,245592,11496,1249,user_events,200252,11496,4413,87,2021-09-01 03:36:11.357646,11096
214656818,245592,11496,1249,user_events,331309,11496,3574,23,2021-09-01 03:36:11.360773,11096
214656819,245592,11496,1249,user_events,340671,11496,9602,54,2021-09-01 03:36:11.363878,11096
214656820,245592,11496,1249,user_events,385779,11496,12862,42,2021-09-01 03:36:11.367579,11096
214656821,245592,11496,1249,user_events,312504,11496,8600,27,2021-09-01 03:36:11.370660,11096
214656822,245592,11496,1249,user_events,222263,11496,4377,21,2021-09-01 03:36:11.373691,11096
214656823,245592,11496,1249,user_events,367340,11966,7632,18,2021-09-01 03:36:11.377066,11096
215117764,472245,12727,13992,user_events,469988,19,21,2,2021-09-03 04:16:32.813126,117
215117765,472245,12727,13992,user_events,490603,71,84,2,2021-09-03 04:16:32.818453,101
215117766,472245,12727,13992,user_events,452671,2,23,2,2021-09-03 04:16:32.823492,101
215117767,472245,12727,13992,user_events,457494,30,2373,2,2021-09-03 04:16:32.827866,101
215117768,472245,12727,13992,user_events,386934,12484,10150,2,2021-09-03 04:16:32.831981,11747
215117769,463756,11083,10225,user_events,382973,11083,10225,75,2021-09-03 04:16:33.199527,10049
215117770,463756,11083,10225,user_events,253118,11083,5563,41,2021-09-03 04:16:33.203063,10049
215117771,463756,11083,10225,user_events,474691,13359,6801,48,2021-09-03 04:16:33.206684,10049
215117772,463756,11083,10225,user_events,381302,11324,816,35,2021-09-03 04:16:33.209750,10049
215117773,463756,11083,10225,user_events,329681,11083,5563,21,2021-09-03 04:16:33.213518,10049
215117774,463756,11083,10225,user_events,382972,11083,10225,10,2021-09-03 04:16:33.216250,10049
215117775,463756,11083,10225,user_events,328751,11083,5564,19,2021-09-03 04:16:33.219321,10049
215117776,463756,11083,10225,user_events,383100,11083,10225,28,2021-09-03 04:16:33.222459,10049
214656824,245592,11496,1249,user_events,234618,11496,2517,18,2021-09-01 03:36:11.380181,11096
214656825,245592,11496,1249,user_events,447989,11966,8373,18,2021-09-01 03:36:11.382881,11096
214656826,245592,11496,1249,user_events,245589,11496,1249,5,2021-09-01 03:36:11.385710,11096
215000328,511395,12948,6356,user_events,473728,12948,6737,12,2021-09-03 03:41:38.341788,11748
215117777,463756,11083,10225,user_events,269449,10101,10658,18,2021-09-03 04:16:33.225596,10049
215117778,463756,11083,10225,user_events,465707,10101,5563,27,2021-09-03 04:16:33.229194,10049
215117779,463756,11083,10225,user_events,495800,11470,9016,25,2021-09-03 04:16:33.232997,10049
215000329,511395,12948,6356,user_events,511397,12948,6356,11,2021-09-03 03:41:38.345242,11748
215000330,511395,12948,6356,user_events,322902,11817,6359,7,2021-09-03 03:41:38.349983,11748
215000331,511395,12948,6356,user_events,367817,12137,10672,6,2021-09-03 03:41:38.353379,11748
215000332,511395,12948,6356,user_events,335007,11817,6359,6,2021-09-03 03:41:38.356553,11748
215117780,463756,11083,10225,user_events,310876,11695,6362,16,2021-09-03 04:16:33.236111,10049
215117781,463756,11083,10225,user_events,463819,11083,12822,23,2021-09-03 04:16:33.239780,10049
215117782,463756,11083,10225,user_events,463709,11285,10225,22,2021-09-03 04:16:33.243061,10049
215117783,463756,11083,10225,user_events,419308,11083,10225,21,2021-09-03 04:16:33.246704,10049
215117784,463756,11083,10225,user_events,392695,11083,10208,21,2021-09-03 04:16:33.249998,10049
214656827,245592,11496,1249,user_events,369703,11496,9602,14,2021-09-01 03:36:11.388474,11096
214656828,245592,11496,1249,user_events,425421,11406,7971,14,2021-09-01 03:36:11.391497,121
214656829,245592,11496,1249,user_events,492579,11496,6516,11,2021-09-01 03:36:11.395045,11096
214656830,245592,11496,1249,user_events,320135,11496,6516,10,2021-09-01 03:36:11.397562,11096
214656831,245592,11496,1249,user_events,506512,247,6379,10,2021-09-01 03:36:11.399960,11096
214656832,245592,11496,1249,user_events,200253,11496,4413,9,2021-09-01 03:36:11.402992,11096
214656833,245592,11496,1249,user_events,320166,11496,9047,9,2021-09-01 03:36:11.405757,11096
215000333,511395,12948,6356,user_events,444944,12948,4562,9,2021-09-03 03:41:38.360742,11748
214656834,245592,11496,1249,user_events,512683,11496,6371,9,2021-09-01 03:36:11.408248,11096
214656835,245592,11496,1249,user_events,447970,11966,12398,9,2021-09-01 03:36:11.410398,11096
214656836,245592,11496,1249,user_events,161187,11496,6386,6,2021-09-01 03:36:11.413463,11096
214656837,245592,11496,1249,user_events,270996,11496,3407,3,2021-09-01 03:36:11.417218,11096
214656838,245592,11496,1249,user_events,385791,11496,9047,9,2021-09-01 03:36:11.420858,11096
214656839,245592,11496,1249,user_events,496506,11318,2867,8,2021-09-01 03:36:11.424100,11750
215000334,511395,12948,6356,user_events,176098,12948,6737,6,2021-09-03 03:41:38.364610,11748
215000335,511395,12948,6356,user_events,374898,11817,2469,5,2021-09-03 03:41:38.367915,11748
215000336,511395,12948,6356,user_events,498228,11041,6355,6,2021-09-03 03:41:38.370988,11748
215000337,511395,12948,6356,user_events,298790,11041,6356,4,2021-09-03 03:41:38.374990,11748
215000338,511395,12948,6356,user_events,284056,11817,2851,4,2021-09-03 03:41:38.378529,11748
215000339,511395,12948,6356,user_events,335323,12948,6356,3,2021-09-03 03:41:38.382876,11748
215000340,511395,12948,6356,user_events,461730,13166,8483,5,2021-09-03 03:41:38.385750,11747
215000341,511395,12948,6356,user_events,354639,11054,564,3,2021-09-03 03:41:38.389020,11750
215000342,511395,12948,6356,user_events,395690,11054,564,2,2021-09-03 03:41:38.393401,11750
215000343,511395,12948,6356,user_events,319069,10124,8393,2,2021-09-03 03:41:38.397236,11390
215000344,511395,12948,6356,user_events,307711,51,1644,2,2021-09-03 03:41:38.401688,128
215000345,511395,12948,6356,user_events,450929,12076,3751,3,2021-09-03 03:41:38.404579,11624
215000346,511395,12948,6356,user_events,334485,11817,6359,2,2021-09-03 03:41:38.407688,11748
215000347,511395,12948,6356,user_events,291980,11041,6356,2,2021-09-03 03:41:38.410807,11748
215000348,511395,12948,6356,user_events,297783,11817,6635,2,2021-09-03 03:41:38.413958,11748
215000349,511395,12948,6356,user_events,432626,11817,8522,3,2021-09-03 03:41:38.417048,11748
215000350,511395,12948,6356,user_events,496788,12948,4562,3,2021-09-03 03:41:38.420164,11748
215000351,511395,12948,6356,user_events,426906,12173,17274,3,2021-09-03 03:41:38.423267,11390
215117785,463756,11083,10225,user_events,329742,11083,5563,14,2021-09-03 04:16:33.253126,10049
215117786,463756,11083,10225,user_events,294258,10101,10207,13,2021-09-03 04:16:33.255911,10049
215117787,463756,11083,10225,user_events,256928,10101,6790,13,2021-09-03 04:16:33.258733,10049
215117788,463756,11083,10225,user_events,463278,11083,6506,18,2021-09-03 04:16:33.263105,10049
215117789,463756,11083,10225,user_events,506106,11083,16205,18,2021-09-03 04:16:33.266058,10049
215117790,463756,11083,10225,user_events,464437,13483,6736,17,2021-09-03 04:16:33.268925,10049
215117791,463756,11083,10225,user_events,449649,13483,4411,16,2021-09-03 04:16:33.271837,10049
215117792,463756,11083,10225,user_events,505548,13359,19374,16,2021-09-03 04:16:33.274676,10049
215117793,463756,11083,10225,user_events,253127,11083,5563,9,2021-09-03 04:16:33.277447,10049
215117794,463756,11083,10225,user_events,491487,11083,19031,12,2021-09-03 04:16:33.280215,10049
215117795,463756,11083,10225,user_events,463306,11083,10216,11,2021-09-03 04:16:33.283020,10049
215117796,463756,11083,10225,user_events,456527,13562,15806,11,2021-09-03 04:16:33.285615,10049
215117797,463756,11083,10225,user_events,364625,12755,6792,7,2021-09-03 04:16:33.288461,10049
215117798,463756,11083,10225,user_events,301090,11285,5516,6,2021-09-03 04:16:33.291961,10049
214656840,245592,11496,1249,user_events,176204,11318,2472,5,2021-09-01 03:36:11.428223,11750
214656841,245592,11496,1249,user_events,478843,247,6371,7,2021-09-01 03:36:11.431884,11096
215117799,463756,11083,10225,user_events,315918,11872,12980,2,2021-09-03 04:16:33.294689,10049
215117800,463756,11083,10225,user_events,260254,11083,10216,6,2021-09-03 04:16:33.297774,10049
215117801,463756,11083,10225,user_events,463421,11083,10207,9,2021-09-03 04:16:33.300769,10049
215117802,463756,11083,10225,user_events,417619,11470,6506,9,2021-09-03 04:16:33.306930,10049
215000352,511395,12948,6356,user_events,473727,12948,6737,3,2021-09-03 03:41:38.426856,11748
215000353,511395,12948,6356,user_events,432655,11817,6359,3,2021-09-03 03:41:38.430078,11748
215000354,511395,12948,6356,user_events,331005,11817,2469,2,2021-09-03 03:41:38.434945,11748
215000355,511395,12948,6356,user_events,261566,11817,2469,2,2021-09-03 03:41:38.438505,11748
215000356,511395,12948,6356,user_events,304548,276,154,2,2021-09-03 03:41:38.441577,11750
214656842,245592,11496,1249,user_events,413179,11496,8326,2,2021-09-01 03:36:11.435332,11096
215000357,511395,12948,6356,user_events,447705,11669,6600,2,2021-09-03 03:41:38.446527,11390
215117803,463756,11083,10225,user_events,468221,11083,19031,3,2021-09-03 04:16:33.311046,10049
215117804,463756,11083,10225,user_events,438496,11083,6506,9,2021-09-03 04:16:33.316827,10049
214656843,245592,11496,1249,user_events,508346,13645,20379,5,2021-09-01 03:36:11.439082,11391
214656844,245592,11496,1249,user_events,344927,283,4059,5,2021-09-01 03:36:11.442708,128
214656845,245592,11496,1249,user_events,498205,29,80,4,2021-09-01 03:36:11.446707,101
214656846,245592,11496,1249,user_events,506467,11496,6371,4,2021-09-01 03:36:11.450668,11096
214656847,245592,11496,1249,user_events,309128,11318,9602,3,2021-09-01 03:36:11.454557,11750
214656848,245592,11496,1249,user_events,447946,11966,16513,3,2021-09-01 03:36:11.458970,11096
214656849,245592,11496,1249,user_events,372419,11966,7632,3,2021-09-01 03:36:11.463845,11096
214656850,245592,11496,1249,user_events,336800,43,130,3,2021-09-01 03:36:11.467369,121
214656851,245592,11496,1249,user_events,499024,51,3500,3,2021-09-01 03:36:11.470980,128
214656852,402383,11193,2851,user_events,285858,11193,6359,83,2021-09-01 03:36:11.886009,11390
214656853,402383,11193,2851,user_events,433737,11193,6600,71,2021-09-01 03:36:11.889062,11390
214656854,402383,11193,2851,user_events,403578,11193,2469,58,2021-09-01 03:36:11.893379,11390
214656855,402383,11193,2851,user_events,403595,11193,6600,53,2021-09-01 03:36:11.896515,11390
214656856,402383,11193,2851,user_events,486871,11193,2469,50,2021-09-01 03:36:11.900510,11390
214656857,402383,11193,2851,user_events,172653,11193,2469,6,2021-09-01 03:36:11.905343,11390
215000358,511395,12948,6356,user_events,433755,12948,6356,2,2021-09-03 03:41:38.450447,11748
215000359,511395,12948,6356,user_events,496812,12948,6356,2,2021-09-03 03:41:38.456229,11748
215000360,511395,12948,6356,connected,496814,12948,6356,1499,2021-09-03 03:41:38.560134,11748
214891170,287087,11548,286,user_events,287088,11548,286,19,2021-09-02 03:31:09.641145,121
214891171,287087,11548,286,user_events,477718,11548,9720,10,2021-09-02 03:31:09.645678,121
215000361,508149,26,29,user_events,402857,26,68,41,2021-09-03 03:41:38.725800,128
215000362,508149,26,29,user_events,459031,26,29,12,2021-09-03 03:41:38.729703,128
215000363,508149,26,29,user_events,507956,26,184,10,2021-09-03 03:41:38.733425,128
215000364,508149,26,29,user_events,466758,11733,224,10,2021-09-03 03:41:38.736999,128
215000365,508149,26,29,user_events,413222,26,29,9,2021-09-03 03:41:38.740307,128
215000366,508149,26,29,user_events,308127,26,6522,5,2021-09-03 03:41:38.744184,128
215000367,508149,26,29,user_events,258100,26,184,4,2021-09-03 03:41:38.747212,128
215000368,508149,26,29,user_events,295068,11361,820,4,2021-09-03 03:41:38.750804,128
215000369,508149,26,29,user_events,474083,11182,3653,4,2021-09-03 03:41:38.754274,10049
215000370,508149,26,29,user_events,310803,26,68,3,2021-09-03 03:41:38.757599,128
215000371,508149,26,29,user_events,506702,11358,766,3,2021-09-03 03:41:38.760746,128
215000372,508149,26,29,user_events,461042,26,2608,3,2021-09-03 03:41:38.763618,128
215000373,508149,26,29,user_events,308487,26,68,2,2021-09-03 03:41:38.770903,128
215000374,508149,26,29,user_events,261650,11185,9075,2,2021-09-03 03:41:38.774438,11750
214891172,287087,11548,286,user_events,326945,11456,6356,3,2021-09-02 03:31:09.649406,11748
214891173,287087,11548,286,user_events,489568,43,286,2,2021-09-02 03:31:09.653385,121
214891174,287087,11548,286,root_popularity,462163,43,130,12,2021-09-02 03:31:09.758583,121
214891175,287087,11548,286,root_popularity,505255,43,286,11,2021-09-02 03:31:09.762629,121
214891176,287087,11548,286,root_popularity,379513,43,286,9,2021-09-02 03:31:09.767812,121
214891177,287087,11548,286,root_popularity,436498,11548,184,9,2021-09-02 03:31:09.772100,121
214891178,287087,11548,286,root_popularity,336800,43,130,8,2021-09-02 03:31:09.776118,121
214891179,284989,13345,5628,root_popularity,398750,12252,13369,8,2021-09-02 03:31:10.004922,10049
214891180,284989,13345,5628,root_popularity,492227,11417,13165,8,2021-09-02 03:31:10.009810,10049
214891181,284989,13345,5628,root_popularity,460028,12252,6522,6,2021-09-02 03:31:10.014982,10049
214891182,284989,13345,5628,root_popularity,399654,11324,816,6,2021-09-02 03:31:10.023236,10049
214891183,284989,13345,5628,root_popularity,294438,11470,12105,5,2021-09-02 03:31:10.029228,10049
214891184,285582,11962,816,user_events,327172,11962,816,59,2021-09-02 03:31:10.196692,10049
214891185,285582,11962,816,user_events,333088,11938,6802,9,2021-09-02 03:31:10.211471,10049
214891186,285582,11962,816,user_events,313997,10101,5563,8,2021-09-02 03:31:10.217374,10049
214891187,285582,11962,816,user_events,256928,10101,6790,8,2021-09-02 03:31:10.228513,10049
214891188,285582,11962,816,user_events,499103,11938,6802,8,2021-09-02 03:31:10.232471,10049
214891189,285582,11962,816,user_events,387271,11962,816,3,2021-09-02 03:31:10.237401,10049
214772086,422475,11332,11573,user_events,365164,11332,11573,77,2021-09-01 04:05:03.419307,101
214772087,422475,11332,11573,user_events,480887,11332,11573,45,2021-09-01 04:05:03.424155,101
214772088,422475,11332,11573,user_events,469877,11332,11573,18,2021-09-01 04:05:03.427900,101
214772089,422475,11332,11573,user_events,365165,11332,11573,18,2021-09-01 04:05:03.432922,101
214772090,422475,11332,11573,user_events,483652,11332,15210,18,2021-09-01 04:05:03.449529,101
214772091,422475,11332,11573,user_events,423058,11332,11573,12,2021-09-01 04:05:03.453219,101
214772092,422475,11332,11573,user_events,436046,259,5107,11,2021-09-01 04:05:03.457877,101
214772093,422475,11332,11573,user_events,285526,11332,741,7,2021-09-01 04:05:03.461865,101
214772094,422475,11332,11573,user_events,467622,259,741,10,2021-09-01 04:05:03.466369,101
214772095,422475,11332,11573,user_events,457494,30,2373,9,2021-09-01 04:05:03.475360,101
214772096,422475,11332,11573,user_events,479606,11332,7969,9,2021-09-01 04:05:03.479334,101
214772097,422475,11332,11573,user_events,448029,259,623,7,2021-09-01 04:05:03.484332,101
214772098,422475,11332,11573,user_events,315839,11332,11573,4,2021-09-01 04:05:03.488694,101
214772099,422475,11332,11573,user_events,395690,11054,564,5,2021-09-01 04:05:03.494411,11750
214772100,422475,11332,11573,user_events,424174,259,23,5,2021-09-01 04:05:03.499061,101
214772101,422475,11332,11573,user_events,341610,11054,564,5,2021-09-01 04:05:03.503712,11750
214772102,422475,11332,11573,user_events,414574,11332,16938,5,2021-09-01 04:05:03.508698,101
214772103,422475,11332,11573,user_events,363264,11332,14223,5,2021-09-01 04:05:03.514648,101
214772104,422475,11332,11573,user_events,422473,11332,11573,4,2021-09-01 04:05:03.518821,101
214772105,422475,11332,11573,user_events,508161,11332,15210,4,2021-09-01 04:05:03.524358,101
214772106,422475,11332,11573,user_events,293889,10120,2469,2,2021-09-01 04:05:03.530073,11390
214772107,422475,11332,11573,user_events,311318,11332,1233,2,2021-09-01 04:05:03.538543,101
214772108,422475,11332,11573,user_events,480885,11332,11573,3,2021-09-01 04:05:03.546521,101
118266019,361786,11852,5602,user_events,307193,11852,5602,38,2019-12-03 03:59:29.186218,10049
118266020,361786,11852,5602,user_events,307578,11852,5603,9,2019-12-03 03:59:29.189485,10049
118266021,361786,11852,5602,user_events,277631,11852,5635,5,2019-12-03 03:59:29.193039,10049
118266022,361786,11852,5602,user_events,351986,11852,5635,5,2019-12-03 03:59:29.195972,10049
214772109,422475,11332,11573,user_events,508156,11332,15210,3,2021-09-01 04:05:03.550287,101
214772110,422475,11332,11573,user_events,365168,11332,11573,3,2021-09-01 04:05:03.555778,101
214772111,422475,11332,11573,user_events,440443,69,154,3,2021-09-01 04:05:03.567416,128
214772112,422475,11332,11573,user_events,399645,11324,816,2,2021-09-01 04:05:03.581744,10049
214772113,422475,11332,11573,user_events,479211,11458,19446,2,2021-09-01 04:05:03.589952,11750
214772114,422475,11332,11573,user_events,470715,69,154,2,2021-09-01 04:05:03.595401,128
214772115,422475,11332,11573,connected,422474,11332,11573,1499,2021-09-01 04:05:03.702071,101
214772116,399605,11199,31,user_events,290748,11199,31,29,2021-09-01 04:05:03.934219,101
214772117,399605,11199,31,user_events,399581,11199,31,21,2021-09-01 04:05:03.938369,101
214772118,399605,11199,31,user_events,241451,11199,31,14,2021-09-01 04:05:03.942625,101
118266023,361786,11852,5602,user_events,379513,43,286,3,2019-12-03 03:59:29.200427,121
118266024,361786,11852,5602,user_events,352250,11852,5635,3,2019-12-03 03:59:29.203056,10049
118266025,361786,11852,5602,user_events,307189,11852,5635,2,2019-12-03 03:59:29.206086,10049
118266026,361786,11852,5602,user_events,363612,11852,5602,4,2019-12-03 03:59:29.208933,10049
214772119,399605,11199,31,user_events,399582,11199,2085,17,2021-09-01 04:05:03.946224,101
214772120,399605,11199,31,user_events,245116,11199,31,11,2021-09-01 04:05:03.953101,101
214772121,399605,11199,31,user_events,167863,11199,31,9,2021-09-01 04:05:03.958073,101
214772122,399605,11199,31,user_events,318891,11199,2085,9,2021-09-01 04:05:03.966171,101
214772123,399605,11199,31,user_events,365978,11199,31,12,2021-09-01 04:05:03.973566,101
214772124,399605,11199,31,user_events,387292,55,3184,11,2021-09-01 04:05:03.978251,101
214772125,399605,11199,31,user_events,290739,11199,31,7,2021-09-01 04:05:03.983391,101
214772126,399605,11199,31,user_events,290657,11199,31,6,2021-09-01 04:05:03.992467,101
214772127,399605,11199,31,user_events,399580,11199,2085,9,2021-09-01 04:05:04.007192,101
214772128,399605,11199,31,user_events,399591,11199,2085,9,2021-09-01 04:05:04.019786,101
214772129,399605,11199,31,user_events,399593,11199,31,9,2021-09-01 04:05:04.024512,101
214772130,399605,11199,31,user_events,399597,11199,2085,9,2021-09-01 04:05:04.030167,101
214772131,399605,11199,31,user_events,287404,29,6,6,2021-09-01 04:05:04.034453,101
214772132,399605,11199,31,user_events,399600,11199,31,6,2021-09-01 04:05:04.042226,101
214772133,399605,11199,31,user_events,314377,169,224,3,2021-09-01 04:05:04.046457,128
214891190,285582,11962,816,user_events,343131,11962,816,3,2021-09-02 03:31:10.242978,10049
118266027,361786,11852,5602,user_events,327770,10327,12981,2,2019-12-03 03:59:29.212558,11747
118266028,361786,11852,5602,user_events,363651,11852,5602,3,2019-12-03 03:59:29.216051,10049
118266029,361786,11852,5602,user_events,307179,11852,5604,2,2019-12-03 03:59:29.219195,10049
118266030,361786,11852,5602,user_events,316690,11852,5602,3,2019-12-03 03:59:29.222237,10049
118266031,361786,11852,5602,user_events,352134,11852,5603,2,2019-12-03 03:59:29.226033,10049
118266032,361786,11852,5602,connected,352107,11852,5602,2997,2019-12-03 03:59:29.331551,10049
118266033,361786,11852,5602,root_popularity,340820,11182,7808,8,2019-12-03 03:59:29.435583,10049
118266034,361786,11852,5602,root_popularity,402638,10051,13947,8,2019-12-03 03:59:29.439618,10049
118266035,361786,11852,5602,root_popularity,390469,11324,6180,6,2019-12-03 03:59:29.442521,10049
118266036,361786,11852,5602,root_popularity,294438,11470,12105,6,2019-12-03 03:59:29.445769,10049
118266037,361786,11852,5602,root_popularity,381302,11324,816,6,2019-12-03 03:59:29.449288,10049
118266038,361786,11852,5602,category_related,306237,11850,5602,75,2019-12-03 03:59:29.553226,10049
214891191,285582,11962,816,user_events,489791,10051,13947,2,2021-09-02 03:31:10.254070,10049
214891192,285582,11962,816,user_events,456679,11962,816,2,2021-09-02 03:31:10.257810,10049
214891193,285582,11962,816,user_events,392630,13359,8160,2,2021-09-02 03:31:10.264946,10049
214891194,285582,11962,816,root_popularity,492227,11417,13165,17,2021-09-02 03:31:10.369242,10049
214891195,285582,11962,816,root_popularity,460028,12252,6522,15,2021-09-02 03:31:10.374574,10049
214891196,285582,11962,816,root_popularity,398750,12252,13369,11,2021-09-02 03:31:10.384235,10049
214891197,285582,11962,816,root_popularity,294438,11470,12105,9,2021-09-02 03:31:10.390993,10049
215000375,508149,26,29,user_events,150221,168,6152,2,2021-09-03 03:41:38.777571,128
215000376,508149,26,29,user_events,425744,11458,6522,2,2021-09-03 03:41:38.781045,11750
215000377,508149,26,29,user_events,457693,11870,1505,2,2021-09-03 03:41:38.783731,128
215000378,508149,26,29,user_events,434954,69,115,2,2021-09-03 03:41:38.786988,128
215000379,508149,26,29,user_events,509281,26,184,2,2021-09-03 03:41:38.789764,128
215000380,508149,26,29,user_events,492003,26,143,2,2021-09-03 03:41:38.792658,128
215000381,404648,11428,14034,user_events,403033,12888,5607,3,2021-09-03 03:41:39.042366,11747
215000382,404648,11428,14034,user_events,503566,11535,5568,9,2021-09-03 03:41:39.046141,11747
215000383,404648,11428,14034,user_events,472318,13327,1249,9,2021-09-03 03:41:39.051614,11747
215000384,404648,11428,14034,user_events,445387,11535,9983,8,2021-09-03 03:41:39.055736,11747
215000385,404648,11428,14034,user_events,349181,11428,5859,2,2021-09-03 03:41:39.062370,11747
118266039,361786,11852,5602,category_related,325950,12252,8470,15,2019-12-03 03:59:29.556254,10049
118266040,361786,11852,5602,category_related,306240,11850,5602,60,2019-12-03 03:59:29.559715,10049
118266041,361786,11852,5602,category_related,327059,12252,6522,12,2019-12-03 03:59:29.563082,10049
118266042,361786,11852,5602,category_related,317558,11850,5602,53,2019-12-03 03:59:29.567278,10049
214656858,402383,11193,2851,user_events,285857,11193,6359,18,2021-09-01 03:36:11.909980,11390
214656859,402383,11193,2851,user_events,195431,11193,2469,18,2021-09-01 03:36:11.914203,11390
214656860,402383,11193,2851,user_events,390214,11193,2469,26,2021-09-01 03:36:11.918411,11390
214656861,402383,11193,2851,user_events,445085,11193,6324,26,2021-09-01 03:36:11.921763,11390
214656862,402383,11193,2851,user_events,318676,11193,6600,15,2021-09-01 03:36:11.925227,11390
118266043,361786,11852,5602,category_related,294240,11324,816,9,2019-12-03 03:59:29.570752,10049
118266044,361786,11852,5602,category_related,290233,11850,5604,6,2019-12-03 03:59:29.588470,10049
118266045,361786,11852,5602,category_related,306239,11850,5491,5,2019-12-03 03:59:29.591763,10049
118266046,361786,11852,5602,category_related,306370,11324,816,5,2019-12-03 03:59:29.595728,10049
214656863,402383,11193,2851,user_events,158158,10122,2469,13,2021-09-01 03:36:11.928308,11390
214656864,402383,11193,2851,user_events,470176,11193,14682,18,2021-09-01 03:36:11.931457,11390
214656865,402383,11193,2851,user_events,403583,11193,6324,17,2021-09-01 03:36:11.934550,11390
214656866,402383,11193,2851,user_events,470178,11193,12965,14,2021-09-01 03:36:11.937189,11390
214656867,402383,11193,2851,user_events,305401,11193,6635,9,2021-09-01 03:36:11.940263,11390
214656868,402383,11193,2851,user_events,402993,11337,6324,10,2021-09-01 03:36:11.943421,11390
214656869,402383,11193,2851,user_events,239833,10122,2469,6,2021-09-01 03:36:11.946781,11390
214772134,399605,11199,31,user_events,245111,11199,31,3,2021-09-01 04:05:04.051849,101
214772135,399605,11199,31,user_events,289786,11161,224,2,2021-09-01 04:05:04.055181,128
214772136,399605,11199,31,user_events,162135,284,3201,2,2021-09-01 04:05:04.060312,118
214772137,399605,11199,31,user_events,339784,11199,31,3,2021-09-01 04:05:04.064677,101
214772138,399605,11199,31,user_events,385423,11469,9016,2,2021-09-01 04:05:04.068027,10049
214772139,399605,11199,31,user_events,330830,11161,224,2,2021-09-01 04:05:04.072438,128
214772140,399605,11199,31,user_events,502326,11161,224,2,2021-09-01 04:05:04.075622,128
214772141,399605,11199,31,user_events,507031,11161,224,2,2021-09-01 04:05:04.081017,128
214772142,399605,11199,31,user_events,511741,11713,5136,2,2021-09-01 04:05:04.084762,10049
214772143,399605,11199,31,user_events,459571,11713,17814,2,2021-09-01 04:05:04.089748,10049
214772144,399605,11199,31,user_events,395152,11713,5136,2,2021-09-01 04:05:04.093126,10049
214772145,399605,11199,31,user_events,395153,11713,5136,2,2021-09-01 04:05:04.100252,10049
214772146,399605,11199,31,user_events,399598,11199,31,2,2021-09-01 04:05:04.103459,101
214772147,345533,10343,8670,user_events,345534,10343,8670,12,2021-09-01 04:05:04.273921,11750
214772148,345533,10343,8670,user_events,193541,11100,34,7,2021-09-01 04:05:04.279000,11750
214772149,345533,10343,8670,user_events,345529,10343,8670,8,2021-09-01 04:05:04.282992,11750
214772150,345533,10343,8670,user_events,129404,10343,12420,5,2021-09-01 04:05:04.287956,11750
214772151,345533,10343,8670,user_events,466140,12096,6289,4,2021-09-01 04:05:04.292438,11750
214772152,345533,10343,8670,root_popularity,439893,11458,6522,8,2021-09-01 04:05:04.396838,11750
214772153,345533,10343,8670,root_popularity,395690,11054,564,6,2021-09-01 04:05:04.402850,11750
214772154,345533,10343,8670,root_popularity,504773,10343,12420,5,2021-09-01 04:05:04.408116,11750
214772155,345533,10343,8670,root_popularity,425744,11458,6522,3,2021-09-01 04:05:04.417229,11750
214772156,345533,10343,8670,root_popularity,297877,11070,9049,3,2021-09-01 04:05:04.427672,11750
214772157,354945,11549,524,user_events,236672,11549,118,21,2021-09-01 04:05:04.688356,121
214772158,354945,11549,524,user_events,195719,11549,524,18,2021-09-01 04:05:04.692702,121
214772159,354945,11549,524,user_events,329668,32,7604,26,2021-09-01 04:05:04.695941,121
214772160,354945,11549,524,user_events,314058,11549,8144,20,2021-09-01 04:05:04.698857,121
214891198,285582,11962,816,root_popularity,399654,11324,816,8,2021-09-02 03:31:10.395107,10049
214891199,262560,11945,6635,user_events,246727,11945,2469,29,2021-09-02 03:31:10.570965,11390
214891200,262560,11945,6635,user_events,330850,11945,6635,22,2021-09-02 03:31:10.578095,11390
214891201,262560,11945,6635,user_events,322403,11251,6635,16,2021-09-02 03:31:10.583458,11390
214891202,262560,11945,6635,user_events,403285,11945,2469,9,2021-09-02 03:31:10.589283,11390
214891203,262560,11945,6635,user_events,247953,10121,6635,9,2021-09-02 03:31:10.592888,11390
214891204,262560,11945,6635,user_events,354737,12760,6635,8,2021-09-02 03:31:10.600006,11390
214891205,262560,11945,6635,user_events,227383,11945,2469,7,2021-09-02 03:31:10.604889,11390
215117805,463756,11083,10225,user_events,498418,10066,15626,9,2021-09-03 04:16:33.321416,10049
214891206,262560,11945,6635,user_events,397964,12760,6635,6,2021-09-02 03:31:10.619114,11390
215117806,463756,11083,10225,user_events,441400,11083,5563,9,2021-09-03 04:16:33.327309,10049
215117807,463756,11083,10225,user_events,463671,11083,5564,9,2021-09-03 04:16:33.334623,10049
214891207,262560,11945,6635,user_events,313386,11945,6324,5,2021-09-02 03:31:10.625055,11390
215117808,463756,11083,10225,user_events,464138,11083,15519,9,2021-09-03 04:16:33.339696,10049
215117809,454694,11212,9880,root_popularity,297877,11070,9049,5,2021-09-03 04:16:33.570638,11750
215117810,454694,11212,9880,root_popularity,504773,10343,12420,8,2021-09-03 04:16:33.573648,11750
215117811,454694,11212,9880,root_popularity,395690,11054,564,8,2021-09-03 04:16:33.576269,11750
215117812,454694,11212,9880,root_popularity,425744,11458,6522,6,2021-09-03 04:16:33.579310,11750
215117813,454694,11212,9880,root_popularity,439893,11458,6522,5,2021-09-03 04:16:33.581646,11750
215117814,454648,51,18228,root_popularity,434954,69,115,8,2021-09-03 04:16:33.813193,128
215117815,454648,51,18228,root_popularity,468215,11101,6696,8,2021-09-03 04:16:33.816606,128
215117816,454648,51,18228,root_popularity,410035,51,21,6,2021-09-03 04:16:33.819959,128
215117817,454648,51,18228,root_popularity,343773,51,21,4,2021-09-03 04:16:33.823956,128
215117818,454648,51,18228,root_popularity,506008,51,184,5,2021-09-03 04:16:33.828288,128
214891208,262560,11945,6635,user_events,270870,11945,6324,5,2021-09-02 03:31:10.631333,11390
215117819,454507,71,131,root_popularity,462924,30,2373,6,2021-09-03 04:16:34.055714,101
215000386,404648,11428,14034,user_events,508718,11597,11631,6,2021-09-03 03:41:39.066366,11747
215000387,404648,11428,14034,user_events,404052,11412,5202,4,2021-09-03 03:41:39.069889,11747
214891209,262560,11945,6635,user_events,153226,11945,2469,3,2021-09-02 03:31:10.642096,11390
214891210,262560,11945,6635,user_events,218905,11945,2469,4,2021-09-02 03:31:10.647841,11390
214891211,262560,11945,6635,user_events,440917,11078,2469,3,2021-09-02 03:31:10.652856,11390
214891212,262560,11945,6635,user_events,296013,11945,113,2,2021-09-02 03:31:10.661228,11390
214891213,262560,11945,6635,user_events,264960,11945,2469,2,2021-09-02 03:31:10.671910,11390
215117820,454507,71,131,root_popularity,457494,30,2373,5,2021-09-03 04:16:34.059496,101
215117821,454507,71,131,root_popularity,457497,30,2373,5,2021-09-03 04:16:34.062891,101
215117822,454507,71,131,root_popularity,457498,30,2373,5,2021-09-03 04:16:34.065886,101
214891214,262560,11945,6635,user_events,389402,11945,4627,2,2021-09-02 03:31:10.677414,11390
214891215,262560,11945,6635,user_events,499784,11945,19158,2,2021-09-02 03:31:10.683859,11390
214891216,262560,11945,6635,user_events,478160,11179,168,2,2021-09-02 03:31:10.693295,11096
214891217,262560,11945,6635,user_events,397184,11945,2469,2,2021-09-02 03:31:10.699335,11390
214891218,262560,11945,6635,root_popularity,444149,13020,1249,9,2021-09-02 03:31:10.826260,11390
214891219,262560,11945,6635,root_popularity,488073,13451,11517,9,2021-09-02 03:31:10.835768,11390
214891220,262560,11945,6635,root_popularity,426906,12173,17274,9,2021-09-02 03:31:10.840868,11390
214891221,262560,11945,6635,root_popularity,276243,13451,11517,8,2021-09-02 03:31:10.846122,11390
214891222,262560,11945,6635,root_popularity,433933,12256,1249,8,2021-09-02 03:31:10.853569,11390
214891223,262185,11870,1228,root_popularity,410035,51,21,8,2021-09-02 03:31:11.071953,128
214891224,262185,11870,1228,root_popularity,506008,51,184,8,2021-09-02 03:31:11.077126,128
214891225,262185,11870,1228,root_popularity,425271,51,618,8,2021-09-02 03:31:11.081210,128
214891226,262185,11870,1228,root_popularity,343773,51,21,5,2021-09-02 03:31:11.086733,128
214891227,262185,11870,1228,root_popularity,434954,69,115,5,2021-09-02 03:31:11.091076,128
215000388,404648,11428,14034,user_events,413834,11056,5213,3,2021-09-03 03:41:39.073833,11747
214772161,354945,11549,524,user_events,247983,11549,524,11,2021-09-01 04:05:04.701833,121
214772162,354945,11549,524,user_events,314397,11549,524,14,2021-09-01 04:05:04.708382,121
214772163,354945,11549,524,user_events,455658,11549,118,13,2021-09-01 04:05:04.713564,121
214772164,354945,11549,524,user_events,246439,11549,524,7,2021-09-01 04:05:04.719383,121
214772165,354945,11549,524,user_events,484793,30,2373,10,2021-09-01 04:05:04.723026,101
214772166,354945,11549,524,user_events,419076,11549,9167,9,2021-09-01 04:05:04.730473,121
214772167,354945,11549,524,user_events,238278,11549,524,6,2021-09-01 04:05:04.733739,121
214772168,354945,11549,524,user_events,258939,11549,524,6,2021-09-01 04:05:04.737640,121
214772169,354945,11549,524,user_events,457496,30,2373,9,2021-09-01 04:05:04.741679,101
214772170,354945,11549,524,user_events,462163,43,130,9,2021-09-01 04:05:04.747706,121
214772171,354945,11549,524,user_events,457497,30,2373,8,2021-09-01 04:05:04.753567,101
214772172,354945,11549,524,user_events,402153,11549,8144,7,2021-09-01 04:05:04.758345,121
214772173,354945,11549,524,user_events,447343,43,184,2,2021-09-01 04:05:04.764396,121
215000389,404648,11428,14034,user_events,457052,12007,11914,3,2021-09-03 03:41:39.077848,11747
215000390,404648,11428,14034,user_events,404665,11428,14034,3,2021-09-03 03:41:39.081363,11747
215000391,404648,11428,14034,user_events,509199,12028,12312,3,2021-09-03 03:41:39.084960,11747
215000392,404648,11428,14034,user_events,400804,12006,5791,3,2021-09-03 03:41:39.088232,11747
215000393,404648,11428,14034,user_events,507665,12009,7751,2,2021-09-03 03:41:39.091657,11747
215000394,404648,11428,14034,user_events,381306,11517,9027,2,2021-09-03 03:41:39.094919,11391
215000395,404648,11428,14034,user_events,503561,11537,5568,2,2021-09-03 03:41:39.098639,11747
215000396,404648,11428,14034,user_events,352365,276,2517,2,2021-09-03 03:41:39.101843,11750
215000397,404648,11428,14034,user_events,399654,11324,816,2,2021-09-03 03:41:39.104928,10049
215000398,404648,11428,14034,user_events,428527,11209,16367,2,2021-09-03 03:41:39.108572,11209
215000399,404648,11428,14034,user_events,455513,11329,168,2,2021-09-03 03:41:39.117323,117
215000400,404648,11428,14034,user_events,507888,12028,14374,2,2021-09-03 03:41:39.120110,11747
215000401,404648,11428,14034,user_events,500930,11524,20069,2,2021-09-03 03:41:39.125612,11747
215000402,404648,11428,14034,user_events,404768,11412,10487,2,2021-09-03 03:41:39.128641,11747
215000403,404648,11428,14034,user_events,445423,11535,5568,2,2021-09-03 03:41:39.131509,11747
215000404,404648,11428,14034,user_events,489999,12322,5568,2,2021-09-03 03:41:39.154482,11747
215000405,404648,11428,14034,root_popularity,390481,11524,16037,8,2021-09-03 03:41:39.259123,11747
215000406,404648,11428,14034,root_popularity,453060,11422,8422,6,2021-09-03 03:41:39.263086,11747
215000407,404648,11428,14034,root_popularity,457372,11422,8422,5,2021-09-03 03:41:39.266951,11747
215000408,404648,11428,14034,root_popularity,266092,11423,3175,3,2021-09-03 03:41:39.270281,11747
215000409,404648,11428,14034,root_popularity,506708,11422,8422,5,2021-09-03 03:41:39.273563,11747
215000410,471766,11379,2471,user_events,471769,11379,2471,42,2021-09-03 03:41:39.487674,11750
215000411,471766,11379,2471,user_events,471767,11379,2471,28,2021-09-03 03:41:39.490542,11750
215117823,454507,71,131,root_popularity,484793,30,2373,5,2021-09-03 04:16:34.069561,101
215117824,453787,2,601,user_events,488500,2,131,158,2021-09-03 04:16:34.314853,101
215117825,453787,2,601,user_events,488155,2,84,152,2021-09-03 04:16:34.319762,101
215117826,453787,2,601,user_events,492546,2,131,145,2021-09-03 04:16:34.325626,101
215117827,453787,2,601,user_events,451332,2,23,41,2021-09-03 04:16:34.329271,101
215117828,453787,2,601,user_events,496087,2,601,35,2021-09-03 04:16:34.332970,101
215117829,453787,2,601,user_events,487989,2,6,98,2021-09-03 04:16:34.336270,101
215117830,453787,2,601,user_events,453307,2,6,26,2021-09-03 04:16:34.347469,101
215117831,453787,2,601,user_events,453142,2,601,26,2021-09-03 04:16:34.352596,101
215117832,453787,2,601,user_events,483167,2,282,76,2021-09-03 04:16:34.357189,101
215117833,453787,2,601,user_events,452671,2,23,67,2021-09-03 04:16:34.361230,101
215117834,453787,2,601,user_events,499102,2,601,21,2021-09-03 04:16:34.365567,101
215117835,453787,2,601,user_events,443597,2,2080,53,2021-09-03 04:16:34.368944,101
214772174,354945,11549,524,user_events,472445,11796,7671,5,2021-09-01 04:05:04.769674,10049
214772175,354945,11549,524,user_events,194784,32,946,3,2021-09-01 04:05:04.774469,121
214772176,354945,11549,524,user_events,184125,32,946,3,2021-09-01 04:05:04.780963,121
214772177,354945,11549,524,user_events,490603,71,84,4,2021-09-01 04:05:04.786054,101
215117836,453787,2,601,user_events,438781,2,23,47,2021-09-03 04:16:34.372834,101
215117837,453787,2,601,user_events,388455,2,601,15,2021-09-03 04:16:34.376394,101
215117838,453787,2,601,user_events,461789,2,601,42,2021-09-03 04:16:34.380475,101
215117839,453787,2,601,user_events,456706,2,601,42,2021-09-03 04:16:34.383853,101
215117840,453787,2,601,user_events,483277,2,601,40,2021-09-03 04:16:34.388146,101
215117841,453787,2,601,user_events,508942,2,601,35,2021-09-03 04:16:34.391113,101
215117842,453787,2,601,user_events,496034,2,282,34,2021-09-03 04:16:34.394050,101
215117843,453787,2,601,user_events,499353,2,601,33,2021-09-03 04:16:34.397162,101
215117844,453787,2,601,user_events,454316,2,601,32,2021-09-03 04:16:34.400389,101
214772178,354945,11549,524,user_events,457494,30,2373,3,2021-09-01 04:05:04.790342,101
214772179,354945,11549,524,user_events,324752,11174,13236,3,2021-09-01 04:05:04.804721,11390
214772180,354945,11549,524,user_events,312662,11329,12611,3,2021-09-01 04:05:04.809447,117
214772181,354945,11549,524,user_events,213192,11549,524,2,2021-09-01 04:05:04.817530,121
214656870,402383,11193,2851,user_events,445167,11193,14666,9,2021-09-01 03:36:11.950210,11390
214656871,402383,11193,2851,user_events,195432,11193,2469,6,2021-09-01 03:36:11.953280,11390
214656872,402383,11193,2851,user_events,239060,10122,2469,6,2021-09-01 03:36:11.956546,11390
215117845,453787,2,601,user_events,512293,2,131,31,2021-09-03 04:16:34.403594,101
215117846,453787,2,601,user_events,333016,53,84,19,2021-09-03 04:16:34.407071,101
215117847,453787,2,601,user_events,454701,2,84,28,2021-09-03 04:16:34.410248,101
215117848,453787,2,601,user_events,480470,2,131,27,2021-09-03 04:16:34.413721,101
215117849,453787,2,601,user_events,487734,2,23,27,2021-09-03 04:16:34.417117,101
215117850,453787,2,601,user_events,499724,2,601,26,2021-09-03 04:16:34.420508,101
215117851,453787,2,601,user_events,503348,2,84,25,2021-09-03 04:16:34.423236,101
215117852,453787,2,601,user_events,475968,2,84,25,2021-09-03 04:16:34.426598,101
215117853,453787,2,601,user_events,469895,2,601,25,2021-09-03 04:16:34.432621,101
215117854,453787,2,601,user_events,459882,2,23,25,2021-09-03 04:16:34.436970,101
215117855,453787,2,601,user_events,496033,2,6,8,2021-09-03 04:16:34.439994,101
215117856,453787,2,601,user_events,492548,2,601,23,2021-09-03 04:16:34.443419,101
215117857,453787,2,601,user_events,484613,2,601,7,2021-09-03 04:16:34.446617,101
215117858,453787,2,601,user_events,458563,2,282,21,2021-09-03 04:16:34.449998,101
215117859,453787,2,601,user_events,490116,2,601,7,2021-09-03 04:16:34.453608,101
215117860,453787,2,601,user_events,475930,53,84,20,2021-09-03 04:16:34.457260,101
215117861,453787,2,601,user_events,487976,2,23,19,2021-09-03 04:16:34.460276,101
215117862,453787,2,601,user_events,495218,2,601,19,2021-09-03 04:16:34.463320,101
215117863,453787,2,601,user_events,487287,2,84,19,2021-09-03 04:16:34.466877,101
215117864,453787,2,601,connected,451237,2,601,500,2021-09-03 04:16:34.570586,101
215117865,437106,11925,15371,connected,430288,11925,15371,1499,2021-09-03 04:16:34.798429,11748
215117866,437106,11925,15371,root_popularity,327287,11906,13390,5,2021-09-03 04:16:34.902503,11748
214546862,297166,11451,6656,user_events,206508,11451,8161,2,2021-08-30 04:12:38.370283,11390
214546863,297166,11451,6656,user_events,438662,11451,6635,2,2021-08-30 04:12:38.373382,11390
214546864,297166,11451,6656,user_events,444950,11041,6359,2,2021-08-30 04:12:38.376382,11748
214546865,297166,11451,6656,user_events,470840,11451,8161,2,2021-08-30 04:12:38.380167,11390
215117867,437106,11925,15371,root_popularity,328130,11456,2512,4,2021-09-03 04:16:34.907722,11748
215117868,437106,11925,15371,root_popularity,228850,11456,2512,3,2021-09-03 04:16:34.912274,11748
215117869,437106,11925,15371,root_popularity,500396,11456,6356,5,2021-09-03 04:16:34.917611,11748
215117870,437106,11925,15371,root_popularity,302234,11456,2512,3,2021-09-03 04:16:34.921804,11748
215117871,436315,69,115,root_popularity,343773,51,21,5,2021-09-03 04:16:35.147298,128
215117872,436315,69,115,root_popularity,506008,51,184,8,2021-09-03 04:16:35.150424,128
215000412,471766,11379,2471,user_events,438028,11379,175,12,2021-09-03 03:41:39.493270,11750
215000413,471766,11379,2471,user_events,348791,11378,154,6,2021-09-03 03:41:39.496159,11750
215000414,471766,11379,2471,user_events,437995,11379,2469,7,2021-09-03 03:41:39.499185,11750
215000415,471766,11379,2471,user_events,340551,11379,175,5,2021-09-03 03:41:39.501891,11750
215000416,471766,11379,2471,user_events,471759,11379,2471,4,2021-09-03 03:41:39.505071,11750
215000417,471766,11379,2471,user_events,386748,11379,175,3,2021-09-03 03:41:39.509067,11750
214546866,297166,11451,6656,user_events,265458,11451,6600,2,2021-08-30 04:12:38.383565,11390
214546867,297166,11451,6656,user_events,297169,11451,6324,2,2021-08-30 04:12:38.386366,11390
214546868,297166,11451,6656,user_events,298177,11451,8161,2,2021-08-30 04:12:38.389350,11390
214546869,297166,11451,6656,user_events,321727,11451,6667,2,2021-08-30 04:12:38.392254,11390
214546870,297166,11451,6656,user_events,474208,11451,12965,2,2021-08-30 04:12:38.395791,11390
215000418,471766,11379,2471,user_events,438045,11379,175,3,2021-09-03 03:41:39.512624,11750
215000419,471766,11379,2471,user_events,310173,11381,12713,2,2021-09-03 03:41:39.515691,11750
214891228,256549,11496,2517,root_popularity,486867,249,2469,8,2021-09-02 03:31:11.328380,11096
215117873,436315,69,115,root_popularity,434954,69,115,6,2021-09-03 04:16:35.153152,128
214546871,297166,11451,6656,user_events,470883,11451,12511,2,2021-08-30 04:12:38.400590,11390
214546872,297166,11451,6656,user_events,297167,11451,6656,2,2021-08-30 04:12:38.403248,11390
215117874,436315,69,115,root_popularity,468215,11101,6696,6,2021-09-03 04:16:35.155876,128
214656873,402383,11193,2851,user_events,347048,10122,2469,9,2021-09-01 03:36:11.959259,11390
214656874,402383,11193,2851,user_events,263020,11686,6635,6,2021-09-01 03:36:11.962228,11390
215000420,471766,11379,2471,user_events,320810,246,886,2,2021-09-03 03:41:39.519212,11096
215000421,471766,11379,2471,user_events,496324,12948,6356,3,2021-09-03 03:41:39.524220,11748
215000422,471766,11379,2471,user_events,228649,11270,6526,2,2021-09-03 03:41:39.527592,11748
215000423,471766,11379,2471,user_events,423717,11379,175,2,2021-09-03 03:41:39.530356,11750
215000424,471766,11379,2471,user_events,471799,11379,175,2,2021-09-03 03:41:39.533188,11750
215000425,471766,11379,2471,user_events,408086,11379,175,2,2021-09-03 03:41:39.535854,11750
215000426,471766,11379,2471,user_events,414674,11379,154,2,2021-09-03 03:41:39.538615,11750
215000427,471766,11379,2471,user_events,414718,11379,154,2,2021-09-03 03:41:39.541340,11750
215000428,471766,11379,2471,user_events,432546,11379,175,2,2021-09-03 03:41:39.544082,11750
215000429,471766,11379,2471,user_events,408084,11379,154,2,2021-09-03 03:41:39.547443,11750
215000430,471766,11379,2471,user_events,446503,11379,175,2,2021-09-03 03:41:39.550188,11750
215000431,471766,11379,2471,user_events,466762,11379,175,2,2021-09-03 03:41:39.553160,11750
215000432,471766,11379,2471,root_popularity,439893,11458,6522,14,2021-09-03 03:41:39.657280,11750
215000433,471766,11379,2471,root_popularity,297877,11070,9049,9,2021-09-03 03:41:39.661715,11750
215000434,471766,11379,2471,root_popularity,504773,10343,12420,14,2021-09-03 03:41:39.665283,11750
215000435,471766,11379,2471,root_popularity,395690,11054,564,14,2021-09-03 03:41:39.668909,11750
215000436,471766,11379,2471,root_popularity,425744,11458,6522,12,2021-09-03 03:41:39.673104,11750
215117875,436315,69,115,root_popularity,410035,51,21,5,2021-09-03 04:16:35.158842,128
215117876,451855,10101,18155,user_events,465466,10101,18184,18,2021-09-03 04:16:35.309242,10049
215117877,451855,10101,18155,user_events,177257,10101,5563,6,2021-09-03 04:16:35.312787,10049
215117878,451855,10101,18155,user_events,380529,10101,15656,7,2021-09-03 04:16:35.315961,10049
215117879,451855,10101,18155,user_events,505405,10101,5516,2,2021-09-03 04:16:35.318949,10049
215117880,451855,10101,18155,user_events,505413,10101,5516,2,2021-09-03 04:16:35.322028,10049
215117881,451855,10101,18155,user_events,465502,10101,10207,2,2021-09-03 04:16:35.325241,10049
215117882,451855,10101,18155,user_events,496122,10101,15706,2,2021-09-03 04:16:35.328503,10049
215117883,451855,10101,18155,root_popularity,294438,11470,12105,5,2021-09-03 04:16:35.432617,10049
215117884,451855,10101,18155,root_popularity,460028,12252,6522,8,2021-09-03 04:16:35.436686,10049
215117885,451855,10101,18155,root_popularity,497947,11324,6180,8,2021-09-03 04:16:35.441155,10049
215117886,451855,10101,18155,root_popularity,492227,11417,13165,6,2021-09-03 04:16:35.446192,10049
215117887,451855,10101,18155,root_popularity,398750,12252,13369,6,2021-09-03 04:16:35.452614,10049
215117888,450837,12176,18113,user_events,381630,11458,6522,11,2021-09-03 04:16:35.601910,11750
215117889,450837,12176,18113,user_events,478100,12176,1249,9,2021-09-03 04:16:35.607421,11750
215117890,450837,12176,18113,user_events,450841,12176,18113,9,2021-09-03 04:16:35.611263,11750
215117891,450837,12176,18113,user_events,454537,11406,11945,2,2021-09-03 04:16:35.614757,121
215117892,450837,12176,18113,user_events,485087,12176,1249,2,2021-09-03 04:16:35.618421,11750
215117893,450837,12176,18113,user_events,365597,12168,9043,2,2021-09-03 04:16:35.621769,11750
215117894,450837,12176,18113,connected,450836,12176,18113,1499,2021-09-03 04:16:35.725845,11750
215117895,450837,12176,18113,root_popularity,425744,11458,6522,8,2021-09-03 04:16:35.830073,11750
215117896,450837,12176,18113,root_popularity,504773,10343,12420,8,2021-09-03 04:16:35.834048,11750
215117897,450837,12176,18113,root_popularity,297877,11070,9049,4,2021-09-03 04:16:35.838090,11750
215117898,450837,12176,18113,root_popularity,439893,11458,6522,6,2021-09-03 04:16:35.841935,11750
215117899,450837,12176,18113,root_popularity,395690,11054,564,6,2021-09-03 04:16:35.873757,11750
215117900,425254,51,11668,user_events,406501,51,2424,9,2021-09-03 04:16:36.025628,128
215000437,469657,10061,6738,user_events,205593,10061,6738,30,2021-09-03 03:41:39.972770,11750
215000438,469657,10061,6738,user_events,469632,10061,6738,37,2021-09-03 03:41:39.976187,11750
215000439,469657,10061,6738,user_events,400983,10061,6738,31,2021-09-03 03:41:39.980499,11750
215000440,469657,10061,6738,user_events,221096,10342,6196,16,2021-09-03 03:41:39.983903,11750
215000441,469657,10061,6738,user_events,247929,10061,6738,11,2021-09-03 03:41:39.987890,11750
215000442,469657,10061,6738,user_events,469661,10061,6269,13,2021-09-03 03:41:39.991043,11750
215000443,469657,10061,6738,user_events,475713,11365,13321,13,2021-09-03 03:41:39.995540,11750
215000444,469657,10061,6738,user_events,469669,10061,2421,9,2021-09-03 03:41:39.998588,11750
215000445,469657,10061,6738,user_events,430460,10102,8861,8,2021-09-03 03:41:40.002177,11750
215000446,469657,10061,6738,user_events,290930,11668,4562,5,2021-09-03 03:41:40.005906,11750
215000447,469657,10061,6738,user_events,368455,11668,4562,5,2021-09-03 03:41:40.008909,11750
215000448,469657,10061,6738,user_events,383058,10343,14228,7,2021-09-03 03:41:40.012881,11750
215000449,469657,10061,6738,user_events,326122,11365,13321,4,2021-09-03 03:41:40.016479,11750
215000450,469657,10061,6738,user_events,260095,11060,6738,4,2021-09-03 03:41:40.019592,11750
215000451,469657,10061,6738,user_events,387007,11458,2984,5,2021-09-03 03:41:40.022668,11750
215000452,469657,10061,6738,user_events,211694,10061,6738,3,2021-09-03 03:41:40.026049,11750
215000453,469657,10061,6738,user_events,494846,10122,6648,4,2021-09-03 03:41:40.028812,11390
215000454,469657,10061,6738,user_events,234900,11365,9487,3,2021-09-03 03:41:40.031984,11750
215000455,469657,10061,6738,user_events,475703,11365,6196,4,2021-09-03 03:41:40.035747,11750
215000456,469657,10061,6738,user_events,471968,11458,11648,4,2021-09-03 03:41:40.041085,11750
215000457,469657,10061,6738,user_events,355388,13451,6738,2,2021-09-03 03:41:40.045350,11390
215000458,469657,10061,6738,user_events,505916,132,1286,3,2021-09-03 03:41:40.048810,128
215000459,469657,10061,6738,user_events,399986,22,118,3,2021-09-03 03:41:40.052376,101
215117901,425254,51,11668,user_events,477287,51,6261,9,2021-09-03 04:16:36.028647,128
215117902,425254,51,11668,user_events,491066,51,16637,9,2021-09-03 04:16:36.033762,128
215117903,425254,51,11668,user_events,501187,51,2424,9,2021-09-03 04:16:36.037960,128
215117904,425254,51,11668,user_events,436018,51,6492,4,2021-09-03 04:16:36.041097,128
215117905,425254,51,11668,user_events,463494,51,2424,3,2021-09-03 04:16:36.048542,128
215117906,425254,51,11668,connected,361836,51,11668,1499,2021-09-03 04:16:36.152312,128
215117907,425254,51,11668,root_popularity,343773,51,21,8,2021-09-03 04:16:36.257186,128
215117908,425254,51,11668,root_popularity,506008,51,184,8,2021-09-03 04:16:36.261434,128
215117909,425254,51,11668,root_popularity,434954,69,115,8,2021-09-03 04:16:36.265604,128
215117910,425254,51,11668,root_popularity,410035,51,21,5,2021-09-03 04:16:36.270101,128
215117911,425254,51,11668,root_popularity,468215,11101,6696,5,2021-09-03 04:16:36.273933,128
215117912,425120,10070,6802,user_events,326003,12755,6790,2,2021-09-03 04:16:36.411155,10049
215117913,425120,10070,6802,root_popularity,492227,11417,13165,5,2021-09-03 04:16:36.515446,10049
215117914,425120,10070,6802,root_popularity,497947,11324,6180,5,2021-09-03 04:16:36.520178,10049
215117915,425120,10070,6802,root_popularity,294438,11470,12105,2,2021-09-03 04:16:36.524265,10049
215117916,423175,11364,10197,user_events,259595,11364,10197,81,2021-09-03 04:16:36.698219,10049
215117917,423175,11364,10197,user_events,253091,11364,10184,20,2021-09-03 04:16:36.702958,10049
214656875,402383,11193,2851,user_events,458201,11075,6664,8,2021-09-01 03:36:11.964876,11390
214656876,402383,11193,2851,user_events,325976,12827,13311,7,2021-09-01 03:36:11.967779,11390
214656877,402383,11193,2851,user_events,327221,11337,6635,7,2021-09-01 03:36:11.970576,11390
214656878,402383,11193,2851,user_events,494745,11825,6635,7,2021-09-01 03:36:11.973735,11390
214656879,402383,11193,2851,user_events,313537,11337,6635,5,2021-09-01 03:36:11.977188,11390
214656880,402383,11193,2851,user_events,321426,11193,8084,4,2021-09-01 03:36:11.980420,11390
214656881,402383,11193,2851,user_events,439820,11193,6324,5,2021-09-01 03:36:11.986843,11390
214656882,402383,11193,2851,user_events,471761,11379,154,4,2021-09-01 03:36:11.991515,11750
214656883,402383,11193,2851,user_events,470183,11193,6324,4,2021-09-01 03:36:11.995610,11390
214656884,402383,11193,2851,user_events,327269,11518,6324,4,2021-09-01 03:36:11.998994,11390
214656885,402383,11193,2851,user_events,213862,11193,6324,2,2021-09-01 03:36:12.002347,11390
214656886,402383,11193,2851,user_events,274745,11193,2469,2,2021-09-01 03:36:12.006579,11390
214656887,402383,11193,2851,user_events,276334,11193,2469,2,2021-09-01 03:36:12.009826,11390
214772182,354945,11549,524,user_events,468640,11549,524,3,2021-09-01 04:05:04.827050,121
214772183,354945,11549,524,user_events,295649,11406,7971,3,2021-09-01 04:05:04.835971,121
214891229,256549,11496,2517,root_popularity,476701,249,2471,8,2021-09-02 03:31:11.341102,11096
214891230,256549,11496,2517,root_popularity,300963,249,6379,6,2021-09-02 03:31:11.350397,11096
214891231,256549,11496,2517,root_popularity,476685,249,168,6,2021-09-02 03:31:11.355943,11096
215000460,469657,10061,6738,user_events,495218,2,601,3,2021-09-03 03:41:40.055706,101
215000461,469657,10061,6738,user_events,285361,11365,8075,2,2021-09-03 03:41:40.061762,11750
215000462,469657,10061,6738,user_events,473158,11959,13890,3,2021-09-03 03:41:40.065788,11390
215000463,469657,10061,6738,user_events,521958,13758,17191,2,2021-09-03 03:41:40.069615,11390
215000464,469657,10061,6738,user_events,426930,12855,11643,2,2021-09-03 03:41:40.072862,11624
214656888,402383,11193,2851,user_events,277184,11256,9653,2,2021-09-01 03:36:12.013967,11390
214656889,441449,11241,6601,user_events,448032,11241,6601,172,2021-09-01 03:36:12.355492,101
214656890,441449,11241,6601,user_events,475018,71,6601,96,2021-09-01 03:36:12.358991,101
214656891,441449,11241,6601,user_events,390127,11241,6601,84,2021-09-01 03:36:12.362521,101
214656892,441449,11241,6601,user_events,306524,9,219,24,2021-09-01 03:36:12.365244,101
214656893,441449,11241,6601,user_events,490159,261,7969,32,2021-09-01 03:36:12.367920,101
214656894,441449,11241,6601,user_events,323697,52,84,22,2021-09-01 03:36:12.371185,101
214656895,441449,11241,6601,user_events,371004,33,7809,31,2021-09-01 03:36:12.374151,101
214656896,441449,11241,6601,user_events,390130,11241,6601,26,2021-09-01 03:36:12.377357,101
214656897,441449,11241,6601,user_events,313720,11241,6601,12,2021-09-01 03:36:12.380391,101
214656898,441449,11241,6601,user_events,434077,279,1161,16,2021-09-01 03:36:12.383601,101
214656899,441449,11241,6601,user_events,474959,71,6601,14,2021-09-01 03:36:12.387145,101
214656900,441449,11241,6601,user_events,242809,33,118,9,2021-09-01 03:36:12.390184,101
214891232,256549,11496,2517,root_popularity,415410,248,2517,6,2021-09-02 03:31:11.362091,11096
214891233,456679,11962,816,user_events,511975,11962,816,39,2021-09-02 03:31:11.544685,10049
214891234,456679,11962,816,user_events,399654,11324,816,18,2021-09-02 03:31:11.549079,10049
214891235,456679,11962,816,user_events,387271,11962,816,10,2021-09-02 03:31:11.552996,10049
214891236,456679,11962,816,user_events,282915,11637,8708,6,2021-09-02 03:31:11.558227,10049
214891237,456679,11962,816,user_events,399656,11324,816,7,2021-09-02 03:31:11.564808,10049
215000465,469657,10061,6738,user_events,468215,11101,6696,2,2021-09-03 03:41:40.077470,128
215000466,469657,10061,6738,user_events,422269,19,3653,2,2021-09-03 03:41:40.081318,117
215000467,469657,10061,6738,user_events,465144,51,618,2,2021-09-03 03:41:40.084558,128
215000468,469657,10061,6738,user_events,519524,12772,526,2,2021-09-03 03:41:40.088672,117
215000469,469657,10061,6738,user_events,496307,5,93,2,2021-09-03 03:41:40.092141,101
215000470,469657,10061,6738,user_events,441572,2,130,2,2021-09-03 03:41:40.095766,117
215000471,277795,11279,2647,user_events,486581,11279,2472,177,2021-09-03 03:41:40.519085,11750
215000472,277795,11279,2647,user_events,413454,11279,2472,122,2021-09-03 03:41:40.522251,11750
215000473,277795,11279,2647,user_events,393565,11279,2472,106,2021-09-03 03:41:40.527134,11750
215000474,277795,11279,2647,user_events,204383,11279,6219,39,2021-09-03 03:41:40.531148,11750
215000475,277795,11279,2647,user_events,423637,11279,2472,43,2021-09-03 03:41:40.534568,11750
215000476,277795,11279,2647,user_events,505813,11279,2867,30,2021-09-03 03:41:40.540279,11750
215000477,277795,11279,2647,user_events,424041,11279,2472,25,2021-09-03 03:41:40.544050,11750
215000478,277795,11279,2647,user_events,475460,11279,19329,22,2021-09-03 03:41:40.548174,11750
215000479,277795,11279,2647,user_events,205861,11279,2647,14,2021-09-03 03:41:40.554586,11750
214656901,441449,11241,6601,user_events,326717,11241,6601,9,2021-09-01 03:36:12.394558,101
215000480,277795,11279,2647,user_events,475556,11279,2645,21,2021-09-03 03:41:40.557748,11750
215000481,277795,11279,2647,user_events,334779,11206,1249,20,2021-09-03 03:41:40.563346,11750
215000482,277795,11279,2647,user_events,486605,11279,19394,18,2021-09-03 03:41:40.569330,11750
215000483,277795,11279,2647,user_events,393577,11279,2647,18,2021-09-03 03:41:40.581781,11750
215000484,277795,11279,2647,user_events,277813,11279,2469,18,2021-09-03 03:41:40.586451,11750
215000485,277795,11279,2647,user_events,417010,11307,11247,17,2021-09-03 03:41:40.592260,11750
215000486,277795,11279,2647,user_events,278062,11282,2469,14,2021-09-03 03:41:40.595958,11750
215000487,277795,11279,2647,user_events,284688,11279,11868,13,2021-09-03 03:41:40.599991,11750
215000488,277795,11279,2647,user_events,318408,11282,3315,12,2021-09-03 03:41:40.604659,11750
215000489,277795,11279,2647,user_events,393575,11279,2647,12,2021-09-03 03:41:40.607965,11750
215000490,277795,11279,2647,user_events,244621,11282,2641,11,2021-09-03 03:41:40.613043,11750
215000491,277795,11279,2647,user_events,505209,11327,20255,10,2021-09-03 03:41:40.616689,11750
215000492,277795,11279,2647,user_events,486601,11279,9602,10,2021-09-03 03:41:40.621486,11750
215000493,277795,11279,2647,user_events,446473,11279,154,10,2021-09-03 03:41:40.624889,11750
215000494,277795,11279,2647,user_events,423610,11279,2472,9,2021-09-03 03:41:40.628521,11750
215000495,277795,11279,2647,user_events,294189,277,4297,9,2021-09-03 03:41:40.631597,11750
215000496,277795,11279,2647,user_events,478660,11279,2472,9,2021-09-03 03:41:40.635691,11750
215000497,277795,11279,2647,user_events,486641,11282,2469,8,2021-09-03 03:41:40.638933,11750
215000498,277795,11279,2647,user_events,475449,11279,19329,8,2021-09-03 03:41:40.670962,11750
215000499,277795,11279,2647,user_events,294056,11279,154,8,2021-09-03 03:41:40.674908,11750
215000500,277795,11279,2647,user_events,505221,11327,20255,8,2021-09-03 03:41:40.678414,11750
215000501,277795,11279,2647,user_events,505218,11327,20255,8,2021-09-03 03:41:40.681879,11750
215000502,277795,11279,2647,user_events,479487,11327,12826,8,2021-09-03 03:41:40.685196,11750
215000503,277795,11279,2647,user_events,423609,11282,1683,7,2021-09-03 03:41:40.690590,11750
215000504,277795,11279,2647,user_events,456873,275,2472,7,2021-09-03 03:41:40.693724,11750
215000505,277795,11279,2647,user_events,162016,11282,2647,4,2021-09-03 03:41:40.696900,11750
215000506,277795,11279,2647,user_events,271629,11279,3315,5,2021-09-03 03:41:40.700152,11750
215000507,277795,11279,2647,user_events,416975,11282,11774,5,2021-09-03 03:41:40.702944,11750
215000508,277795,11279,2647,user_events,368958,11279,11246,5,2021-09-03 03:41:40.706566,11750
215000509,277795,11279,2647,user_events,210491,10005,819,3,2021-09-03 03:41:40.709860,128
215000510,277795,11279,2647,user_events,421802,11077,6338,4,2021-09-03 03:41:40.712713,11750
215000511,305108,11141,6266,user_events,339104,11141,7928,130,2021-09-03 03:41:41.172743,11750
215000512,305108,11141,6266,user_events,484278,11141,17897,124,2021-09-03 03:41:41.177182,11750
214891238,456679,11962,816,user_events,384263,11083,5563,3,2021-09-02 03:31:11.568750,10049
214891239,456679,11962,816,user_events,379774,13451,11517,2,2021-09-02 03:31:11.575871,11390
215000513,305108,11141,6266,user_events,280949,11141,8600,37,2021-09-03 03:41:41.180928,11750
215000514,305108,11141,6266,user_events,281589,11141,2472,76,2021-09-03 03:41:41.185057,11750
215000515,305108,11141,6266,user_events,393957,11141,16139,72,2021-09-03 03:41:41.189115,11750
215000516,305108,11141,6266,user_events,509820,11141,6266,56,2021-09-03 03:41:41.192315,11750
215000517,305108,11141,6266,user_events,400229,273,6526,54,2021-09-03 03:41:41.195618,11750
215000518,305108,11141,6266,user_events,305115,11141,10259,51,2021-09-03 03:41:41.199010,11750
215000519,305108,11141,6266,user_events,503545,11141,6266,43,2021-09-03 03:41:41.202373,11750
215000520,305108,11141,6266,user_events,509823,11141,6266,32,2021-09-03 03:41:41.205686,11750
214891240,456679,11962,816,user_events,279326,33,163,2,2021-09-02 03:31:11.585300,101
214891241,456679,11962,816,user_events,496877,11324,6180,2,2021-09-02 03:31:11.594226,10049
214891242,456679,11962,816,user_events,501452,12252,17588,2,2021-09-02 03:31:11.600727,10049
214891243,456679,11962,816,root_popularity,492227,11417,13165,12,2021-09-02 03:31:11.721344,10049
214891244,456679,11962,816,root_popularity,398750,12252,13369,11,2021-09-02 03:31:11.727189,10049
214891245,456679,11962,816,root_popularity,460028,12252,6522,11,2021-09-02 03:31:11.733074,10049
214891246,456679,11962,816,root_popularity,294438,11470,12105,5,2021-09-02 03:31:11.737638,10049
215000521,305108,11141,6266,user_events,245787,11141,6147,30,2021-09-03 03:41:41.209294,11750
215000522,305108,11141,6266,user_events,514524,11820,10302,27,2021-09-03 03:41:41.213368,11750
215000523,305108,11141,6266,user_events,401430,11141,8513,25,2021-09-03 03:41:41.216769,11750
215000524,305108,11141,6266,user_events,219829,11141,6266,6,2021-09-03 03:41:41.220244,11750
215000525,305108,11141,6266,user_events,517727,11141,13989,24,2021-09-03 03:41:41.223540,11750
215000526,305108,11141,6266,user_events,420095,10111,16110,22,2021-09-03 03:41:41.227089,11750
214891247,456357,11818,2512,user_events,456370,11818,2512,46,2021-09-02 03:31:11.901133,11748
214891248,456357,11818,2512,user_events,373144,11818,2512,43,2021-09-02 03:31:11.905712,11748
214891249,456357,11818,2512,user_events,431465,11818,2512,10,2021-09-02 03:31:11.910865,11748
214891250,456357,11818,2512,user_events,498917,11818,2512,10,2021-09-02 03:31:11.915611,11748
214891251,456357,11818,2512,user_events,398600,11818,5701,8,2021-09-02 03:31:11.920112,11748
214891252,456357,11818,2512,user_events,431574,11818,5701,4,2021-09-02 03:31:11.924766,11748
214891253,456357,11818,2512,user_events,431466,11818,2512,3,2021-09-02 03:31:11.929094,11748
214891254,456357,11818,2512,user_events,492489,11818,16484,2,2021-09-02 03:31:11.940963,11748
214656902,441449,11241,6601,user_events,390132,11774,6601,12,2021-09-01 03:36:12.398565,101
214656903,441449,11241,6601,user_events,219343,11590,6147,8,2021-09-01 03:36:12.401760,101
214656904,441449,11241,6601,user_events,312564,11774,6601,8,2021-09-01 03:36:12.405334,101
214656905,441449,11241,6601,user_events,325891,261,7969,7,2021-09-01 03:36:12.409597,101
214656906,441449,11241,6601,user_events,255955,11590,8600,7,2021-09-01 03:36:12.412697,101
214656907,441449,11241,6601,user_events,351243,11774,118,7,2021-09-01 03:36:12.415974,101
214656908,441449,11241,6601,user_events,244891,11241,6601,6,2021-09-01 03:36:12.419016,101
214656909,441449,11241,6601,user_events,457496,30,2373,9,2021-09-01 03:36:12.422199,101
215000527,305108,11141,6266,user_events,297877,11070,9049,19,2021-09-03 03:41:41.230644,11750
215000528,305108,11141,6266,user_events,517732,11141,17897,19,2021-09-03 03:41:41.233906,11750
214656910,441449,11241,6601,user_events,469606,2,23,9,2021-09-01 03:36:12.425628,101
214656911,441449,11241,6601,user_events,342663,11394,9716,6,2021-09-01 03:36:12.430812,11390
214656912,441449,11241,6601,user_events,359853,11091,13429,8,2021-09-01 03:36:12.436117,101
214656913,441449,11241,6601,user_events,288283,262,7969,5,2021-09-01 03:36:12.439507,101
214891255,456357,11818,2512,user_events,492487,11818,16484,2,2021-09-02 03:31:11.945156,11748
214891256,456357,11818,2512,user_events,473882,11818,16484,2,2021-09-02 03:31:11.949251,11748
214891257,456357,11818,2512,user_events,444955,11818,6359,2,2021-09-02 03:31:11.957060,11748
214891258,456357,11818,2512,user_events,473869,11818,16484,2,2021-09-02 03:31:11.963699,11748
214891259,456357,11818,2512,root_popularity,228850,11456,2512,10,2021-09-02 03:31:12.069837,11748
