id,uuid,event,value,created
375076419,1626113280251,product_view,222033,2021-07-12 20:09:01.000000
375076420,1619727372892,product_view,225298,2021-07-12 20:09:01.000000
375076421,1626113341874,referrer,https://www.google.no,2021-07-12 20:09:01.000000
375076422,1626113341874,product_view,438691,2021-07-12 20:09:01.000000
375076423,1626113341767,referrer,https://www.google.no,2021-07-12 20:09:02.000000
375076424,1622937923936,product_view,414034,2021-07-12 20:09:02.000000
375076425,1622665210054,product_view,354174,2021-07-12 20:09:03.000000
375076426,1568755465325,product_view,339899,2021-07-12 20:09:03.000000
375076427,1626113344188,referrer,direct,2021-07-12 20:09:04.000000
375076428,1625922938704,goto,484793,2021-07-12 20:09:04.000000
375076429,1552920674477,referrer,https://www.google.com/,2021-07-12 20:09:04.000000
375076430,1567344418240,offers_view,https://prisguiden.no/tilbud?s=offer_ratio%20asc&o=60,2021-07-12 20:09:04.000000
375076431,1597582912886,referrer,direct,2021-07-12 20:09:05.000000
375076432,1567843518658,goto,451197,2021-07-12 20:09:05.000000
375076433,1610821491835,referrer,http://m.facebook.com/,2021-07-12 20:09:06.000000
375076434,1610821491835,product_view,321722,2021-07-12 20:09:06.000000
375076435,1626109238311,product_view,342182,2021-07-12 20:09:06.000000
375076436,1621980762807,referrer,direct,2021-07-12 20:09:07.000000
375076437,1625922938704,goto,484793,2021-07-12 20:09:07.000000
375076438,1626112997496,goto,484793,2021-07-12 20:09:07.000000
375076439,1615678690330,referrer,https://www.google.com/,2021-07-12 20:09:09.000000
375076440,1612644253489,product_view,488620,2021-07-12 20:09:10.000000
375076441,1615678690330,product_view,434387,2021-07-12 20:09:10.000000
375076442,1614589972601,offers_view,https://prisguiden.no/tilbud?s=offer_ratio+asc,2021-07-12 20:09:10.000000
375076443,1578916283255,goto,313844,2021-07-12 20:09:10.000000
375076444,1626113351280,referrer,https://www.google.com,2021-07-12 20:09:11.000000
375076445,1626113351307,referrer,https://www.google.com,2021-07-12 20:09:11.000000
375076446,1625599973246,referrer,direct,2021-07-12 20:09:11.000000
375076447,1626113351280,product_view,478876,2021-07-12 20:09:11.000000
375076448,1620852655493,referrer,iOS-App,2021-07-12 20:09:11.000000
375076449,1626085505069,referrer,https://www.google.no,2021-07-12 20:09:11.000000
375076450,1626113327091,product_view,244621,2021-07-12 20:09:11.000000
375076451,1563657999065,referrer,https://www.google.com/,2021-07-12 20:09:12.000000
375076452,1625922938704,goto,484793,2021-07-12 20:09:12.000000
375076453,1563657999065,product_view,285091,2021-07-12 20:09:12.000000
375076454,1573417472525,referrer,direct,2021-07-12 20:09:12.000000
375076455,1625907565974,referrer,direct,2021-07-12 20:09:13.000000
375076456,1626113339607,goto,395975,2021-07-12 20:09:13.000000
375076457,1574850149491,product_view,217716,2021-07-12 20:09:13.000000
375076458,0,product_view,389555,2021-07-12 20:09:14.000000
375076459,1626113326122,product_view,259895,2021-07-12 20:09:14.000000
375076460,1611692165209,referrer,https://www.google.com/,2021-07-12 20:09:14.000000
375076461,1626113318791,product_view,480827,2021-07-12 20:09:14.000000
375076462,1611692165209,product_view,425365,2021-07-12 20:09:15.000000
375076463,1626113355942,referrer,https://www.google.com/,2021-07-12 20:09:15.000000
375076464,1626113355942,product_view,450865,2021-07-12 20:09:15.000000
375076465,1625731530375,product_view,452624,2021-07-12 20:09:15.000000
375076466,1592430840526,product_view,395048,2021-07-12 20:09:16.000000
375076467,1626113357667,referrer,https://www.google.com/,2021-07-12 20:09:16.000000
375076468,1501783820163,referrer,Adwords,2021-07-12 20:09:16.000000
375076469,1626113351307,product_view,453058,2021-07-12 20:09:16.000000
375076470,1593701783278,product_view,260978,2021-07-12 20:09:18.000000
375076471,1626113358963,referrer,direct,2021-07-12 20:09:18.000000
375076472,1579842967152,product_view,255424,2021-07-12 20:09:19.000000
375076473,1622937923936,goto,414034,2021-07-12 20:09:19.000000
375076474,1588343293487,product_view,385791,2021-07-12 20:09:19.000000
375076475,0,goto,260392,2021-07-12 20:09:20.000000
375076476,1624568575711,goto,443214,2021-07-12 20:09:20.000000
375076477,1608681623067,product_view,453787,2021-07-12 20:09:20.000000
375076478,1606248898841,product_view,464898,2021-07-12 20:09:20.000000
375076479,1622014354917,referrer,https://www.google.com/,2021-07-12 20:09:21.000000
375076480,1626096873739,goto,392646,2021-07-12 20:09:21.000000
375076481,1626113361635,referrer,https://www.google.com/,2021-07-12 20:09:21.000000
375076482,1626113139756,offers_view,https://prisguiden.no/tilbud?o=60,2021-07-12 20:09:21.000000
375076483,1625821953923,referrer,https://www.google.no,2021-07-12 20:09:22.000000
375076484,1571331987881,referrer,Android-App,2021-07-12 20:09:22.000000
375076485,1588343293487,product_view,161187,2021-07-12 20:09:23.000000
375076486,1625821953923,product_view,390469,2021-07-12 20:09:23.000000
375076487,1579643135031,referrer,direct,2021-07-12 20:09:23.000000
375076488,1626113364522,referrer,https://www.google.com/,2021-07-12 20:09:23.000000
375076489,1626113364068,referrer,https://www.google.no,2021-07-12 20:09:24.000000
375076490,1626113336489,product_view,422098,2021-07-12 20:09:24.000000
375076491,1626113365030,referrer,https://www.google.no,2021-07-12 20:09:25.000000
375076492,1582870528656,referrer,https://www.google.com/,2021-07-12 20:09:25.000000
375076493,1556407311955,referrer,Android-App,2021-07-12 20:09:25.000000
375076494,1626113333132,product_view,328370,2021-07-12 20:09:25.000000
375076495,1601627738410,goto,390469,2021-07-12 20:09:26.000000
375076496,1620473185146,product_view,215418,2021-07-12 20:09:26.000000
375076497,1595711620813,product_view,367429,2021-07-12 20:09:27.000000
375076498,1626113263975,product_view,322419,2021-07-12 20:09:27.000000
375076499,1567843518658,goto,451197,2021-07-12 20:09:27.000000
375076500,1626113367633,referrer,https://www.google.no/,2021-07-12 20:09:28.000000
375076501,1626113182898,product_view,444934,2021-07-12 20:09:28.000000
375076502,0,goto,400223,2021-07-12 20:09:28.000000
375076503,1625965264565,referrer,https://www.google.com/,2021-07-12 20:09:28.000000
375076504,1626113340138,product_view,310513,2021-07-12 20:09:28.000000
375076505,1532072923753,referrer,https://www.google.com/,2021-07-12 20:09:28.000000
375076506,1625731530375,offers_view,https://prisguiden.no/tilbud?f%5Bb%5D=1&o=120,2021-07-12 20:09:28.000000
375076507,1532072923753,product_view,316652,2021-07-12 20:09:28.000000
375076508,0,product_view,389557,2021-07-12 20:09:29.000000
375076509,0,product_view,479896,2021-07-12 20:09:29.000000
375076510,1625599973246,product_view,505255,2021-07-12 20:09:29.000000
375076511,1626113369547,referrer,https://www.google.no,2021-07-12 20:09:29.000000
375076512,1623605626194,product_view,310490,2021-07-12 20:09:29.000000
375076513,1626113369547,product_view,257981,2021-07-12 20:09:29.000000
375076514,1626058818899,referrer,https://prisguiden.no/produkt/apple-ipad-pro-11-1tb-2021-503097,2021-07-12 20:09:29.000000
375076515,1626113369430,referrer,https://www.google.com/,2021-07-12 20:09:29.000000
375076516,1626058818899,product_view,503089,2021-07-12 20:09:30.000000
375076517,1626113091866,offers_view,https://prisguiden.no/tilbud?f%5Bb%5D=1&o=300,2021-07-12 20:09:30.000000
375076518,1626113314313,product_view,342632,2021-07-12 20:09:30.000000
375076519,1603169831019,referrer,https://www.google.com/,2021-07-12 20:09:31.000000
375076520,1616946369868,referrer,direct,2021-07-12 20:09:31.000000
375076521,1626113371261,referrer,https://www.google.no,2021-07-12 20:09:31.000000
375076522,1626110603402,referrer,https://www.google.no,2021-07-12 20:09:31.000000
375076523,1626110603402,product_view,335754,2021-07-12 20:09:31.000000
375076524,1625652416984,referrer,https://www.google.no,2021-07-12 20:09:31.000000
375076525,1573417472525,product_view,326430,2021-07-12 20:09:31.000000
375076526,1567843518658,goto,451197,2021-07-12 20:09:31.000000
375076527,1623850086183,product_view,449922,2021-07-12 20:09:31.000000
375076528,1625652416984,product_view,337938,2021-07-12 20:09:31.000000
375076529,1626113333183,product_view,389555,2021-07-12 20:09:31.000000
375076530,1626113207742,product_view,501089,2021-07-12 20:09:31.000000
375076531,1626113372072,referrer,Adwords,2021-07-12 20:09:32.000000
375076532,1614251237576,product_view,400370,2021-07-12 20:09:32.000000
375076533,1626110630684,product_view,478122,2021-07-12 20:09:32.000000
375076534,1626113372466,referrer,https://www.google.no,2021-07-12 20:09:32.000000
375076535,1626113340138,goto,310513,2021-07-12 20:09:32.000000
375076536,1626113318791,product_view,423394,2021-07-12 20:09:33.000000
375076537,1626085505069,product_view,476703,2021-07-12 20:09:33.000000
375076538,1567401536825,referrer,utm_source: pricealert,2021-07-12 20:09:33.000000
375076539,1626113373475,referrer,Adwords,2021-07-12 20:09:33.000000
375076540,1567401536825,product_view,211680,2021-07-12 20:09:33.000000
375076541,1556407311955,product_view,277795,2021-07-12 20:09:33.000000
375076542,1604593031139,referrer,Adwords,2021-07-12 20:09:35.000000
375076543,0,product_view,415995,2021-07-12 20:09:35.000000
375076544,1623423130743,referrer,https://www.google.com/,2021-07-12 20:09:35.000000
375076545,1625692262555,product_view,405117,2021-07-12 20:09:35.000000
375076546,1604593031139,product_view,320604,2021-07-12 20:09:35.000000
375076547,0,product_view,368046,2021-07-12 20:09:35.000000
375076548,1623850086183,goto,449922,2021-07-12 20:09:35.000000
375076549,1625599973246,product_view,505255,2021-07-12 20:09:35.000000
375076550,1626113377638,referrer,https://www.google.com/,2021-07-12 20:09:36.000000
375076551,1567344418240,product_view,452031,2021-07-12 20:09:36.000000
375076552,1606248898841,product_view,NaN,2021-07-12 20:09:36.000000
375076553,1626112997496,goto,484793,2021-07-12 20:09:36.000000
375076554,1626113377638,product_view,368552,2021-07-12 20:09:36.000000
375076555,1574850149491,goto,217716,2021-07-12 20:09:36.000000
375076556,1585655651425,product_view,472793,2021-07-12 20:09:36.000000
375076557,1619877073836,offers_view,https://prisguiden.no/tilbud?o=420,2021-07-12 20:09:36.000000
375076558,1626113326122,product_view,251001,2021-07-12 20:09:38.000000
375076559,1625665354516,product_view,285677,2021-07-12 20:09:38.000000
375076560,1626111605716,product_view,498980,2021-07-12 20:09:38.000000
375076561,1626113379573,referrer,Adwords,2021-07-12 20:09:39.000000
375076562,1626113379573,product_view,27531,2021-07-12 20:09:39.000000
375076563,1624761019643,referrer,https://www.google.no,2021-07-12 20:09:40.000000
375076564,1606814948072,referrer,utm_source: pricealert,2021-07-12 20:09:40.000000
375076565,1624761019643,product_view,426779,2021-07-12 20:09:40.000000
375076566,1606814948072,product_view,294856,2021-07-12 20:09:40.000000
375076567,1601627738410,product_view,390469,2021-07-12 20:09:40.000000
375076568,1626113380836,referrer,https://www.google.no,2021-07-12 20:09:40.000000
375076569,1609656979144,offers_view,https://prisguiden.no/tilbud?f%5Bb%5D=1&s=offer_created%20desc&o=120,2021-07-12 20:09:41.000000
375076570,1626113380836,product_view,410035,2021-07-12 20:09:41.000000
375076571,1626113333183,product_view,341132,2021-07-12 20:09:41.000000
375076572,1614451523422,referrer,https://www.google.com/,2021-07-12 20:09:41.000000
375076573,1561437032678,product_view,338896,2021-07-12 20:09:41.000000
375076574,1624371834224,referrer,direct,2021-07-12 20:09:42.000000
375076575,1626113382582,referrer,Adwords,2021-07-12 20:09:42.000000
375076576,1626113384718,referrer,https://www.google.com/,2021-07-12 20:09:43.000000
375076577,1626113379558,referrer,https://www.google.com/,2021-07-12 20:09:43.000000
375076578,1626113379558,product_view,453356,2021-07-12 20:09:43.000000
375076579,1626113383492,referrer,https://www.google.no,2021-07-12 20:09:43.000000
375076580,1626113182898,goto,444934,2021-07-12 20:09:43.000000
375076581,1588228829719,product_view,340433,2021-07-12 20:09:43.000000
375076582,1610880245059,product_view,453305,2021-07-12 20:09:44.000000
375076583,1597842304426,referrer,Adwords,2021-07-12 20:09:44.000000
375076584,1597842304426,product_view,462027,2021-07-12 20:09:44.000000
375076585,1622729245060,product_view,273830,2021-07-12 20:09:44.000000
375076586,0,article_view,227,2021-07-12 20:09:44.000000
375076587,1626113385101,referrer,https://www.google.no,2021-07-12 20:09:45.000000
375076588,1618906386420,referrer,https://www.google.com/,2021-07-12 20:09:45.000000
375076589,1626113385101,product_view,415283,2021-07-12 20:09:45.000000
375076590,1626113339607,goto,395975,2021-07-12 20:09:45.000000
375076591,1618906386420,product_view,470445,2021-07-12 20:09:45.000000
375076592,1609920603524,referrer,direct,2021-07-12 20:09:45.000000
375076593,1576164446583,product_view,511792,2021-07-12 20:09:45.000000
375076594,1626113383492,product_view,122803,2021-07-12 20:09:45.000000
375076595,1626108482106,product_view,238599,2021-07-12 20:09:45.000000
375076596,1604869696964,offers_view,https://prisguiden.no/tilbud?f%5Bb%5D=1&o=300,2021-07-12 20:09:45.000000
375076597,1605339796035,referrer,https://www.google.com/,2021-07-12 20:09:45.000000
375076598,1605339796035,product_view,381709,2021-07-12 20:09:46.000000
375076599,1625731530375,goto,452624,2021-07-12 20:09:46.000000
375076600,1626113386282,referrer,https://www.google.no,2021-07-12 20:09:46.000000
375076601,1622729245060,product_view,273813,2021-07-12 20:09:46.000000
375076602,1625692262555,goto,405117,2021-07-12 20:09:46.000000
375076603,1529512656469,referrer,utm_source: pricealert,2021-07-12 20:09:46.000000
375076604,1529512656469,product_view,294856,2021-07-12 20:09:47.000000
375076605,1626113387234,referrer,https://www.google.no,2021-07-12 20:09:47.000000
375076606,1626113387234,product_view,484534,2021-07-12 20:09:47.000000
375076607,1626107177181,product_view,344673,2021-07-12 20:09:47.000000
375076608,1626113387518,referrer,https://prisguiden.no/kategorier/horselvern?s=offer_best,2021-07-12 20:09:47.000000
375076609,1626113387518,product_view,201637,2021-07-12 20:09:48.000000
375076610,1626113088773,product_view,338575,2021-07-12 20:09:48.000000
375076611,1572629250805,referrer,https://www.google.com/,2021-07-12 20:09:48.000000
375076612,1626113369430,product_view,446937,2021-07-12 20:09:48.000000
375076613,1572629250805,product_view,284802,2021-07-12 20:09:48.000000
375076614,1626113383492,goto,122803,2021-07-12 20:09:48.000000
375076615,1626113314313,goto,342632,2021-07-12 20:09:49.000000
375076616,1582870528656,product_view,292289,2021-07-12 20:09:49.000000
375076617,1594405775815,referrer,https://www.google.com/,2021-07-12 20:09:49.000000
375076618,1623716842360,referrer,direct,2021-07-12 20:09:49.000000
375076619,1607791788886,referrer,https://www.google.com/,2021-07-12 20:09:50.000000
375076620,1626113389989,referrer,Adwords,2021-07-12 20:09:50.000000
375076621,1626113389989,product_view,434388,2021-07-12 20:09:50.000000
375076622,1623580684749,referrer,https://www.google.com,2021-07-12 20:09:50.000000
375076623,1607791788886,product_view,260392,2021-07-12 20:09:50.000000
375076624,1622937923936,offers_view,https://prisguiden.no/tilbud?f%5Bc%5D%5B%5D=117&f%5Bc%5D%5B%5D=101&f%5Bc%5D%5B%5D=128&f%5Bc%5D%5B%5D,2021-07-12 20:09:50.000000
375076625,1623580684749,product_view,300914,2021-07-12 20:09:50.000000
375076626,1626113249317,product_view,490557,2021-07-12 20:09:50.000000
375076627,1621539124096,product_view,395431,2021-07-12 20:09:50.000000
375076628,1626113391107,referrer,direct,2021-07-12 20:09:51.000000
375076629,1567705828329,offers_view,https://prisguiden.no/tilbud?s=offer_ratio%20asc&o=60,2021-07-12 20:09:51.000000
375076630,1626113391028,referrer,direct,2021-07-12 20:09:51.000000
375076631,1626113391357,referrer,https://www.google.no,2021-07-12 20:09:51.000000
375076632,1626113391028,product_view,490557,2021-07-12 20:09:51.000000
375076633,1626113390887,referrer,direct,2021-07-12 20:09:51.000000
375076634,1612988933955,goto,470165,2021-07-12 20:09:51.000000
375076635,1622937923936,offers_view,https://prisguiden.no/tilbud?f%5Bc%5D%5B%5D=117&f%5Bc%5D%5B%5D=101&f%5Bc%5D%5B%5D=128&f%5Bc%5D%5B%5D,2021-07-12 20:09:51.000000
375076636,1623423130743,product_view,381142,2021-07-12 20:09:51.000000
375076637,1626113391829,referrer,https://www.google.no,2021-07-12 20:09:51.000000
375076638,1621539124096,product_view,499091,2021-07-12 20:09:52.000000
375076639,1626096873739,product_view,312293,2021-07-12 20:09:52.000000
375076640,1618571563387,referrer,https://www.google.com/,2021-07-12 20:09:52.000000
375076641,1607791788886,product_view,260392,2021-07-12 20:09:52.000000
375076642,1618571563387,product_view,487735,2021-07-12 20:09:52.000000
375076643,1614593239217,referrer,https://prisguiden.no/produkt/aeg-fse74607p-511318,2021-07-12 20:09:52.000000
375076644,1625680563048,referrer,https://www.google.no,2021-07-12 20:09:52.000000
375076645,1625680563048,product_view,438628,2021-07-12 20:09:52.000000
375076646,1626113340138,product_view,310499,2021-07-12 20:09:53.000000
375076647,1624371834224,product_view,430347,2021-07-12 20:09:53.000000
375076648,1626090041888,referrer,Adwords,2021-07-12 20:09:53.000000
375076649,1626113393591,referrer,direct,2021-07-12 20:09:53.000000
375076650,1626113393591,product_view,444934,2021-07-12 20:09:53.000000
375076651,1622937923936,offers_view,https://prisguiden.no/tilbud?f%5Bc%5D%5B%5D=117&f%5Bc%5D%5B%5D=101&f%5Bc%5D%5B%5D=128&s=offer_create,2021-07-12 20:09:53.000000
375076652,1614626356215,referrer,https://www.google.com/,2021-07-12 20:09:54.000000
375076653,1567843518658,goto,451197,2021-07-12 20:09:54.000000
375076654,1614626356215,article_view,219,2021-07-12 20:09:54.000000
375076655,1626113139122,product_view,439820,2021-07-12 20:09:54.000000
375076656,1622557995477,product_view,475018,2021-07-12 20:09:55.000000
375076657,1579906242117,offers_view,https://prisguiden.no/tilbud?f%5Bb%5D=1&s=offer_ratio%20asc&o=60,2021-07-12 20:09:55.000000
375076658,1608525636020,referrer,https://www.google.com/,2021-07-12 20:09:55.000000
375076659,1626113369430,goto,446937,2021-07-12 20:09:55.000000
375076660,1608525636020,product_view,457498,2021-07-12 20:09:55.000000
375076661,1626113340138,goto,310499,2021-07-12 20:09:55.000000
375076662,1626111821010,product_view,396497,2021-07-12 20:09:55.000000
375076663,1617824807901,referrer,direct,2021-07-12 20:09:55.000000
375076664,1581110912031,product_view,NaN,2021-07-12 20:09:55.000000
375076665,1556012327400,product_view,446298,2021-07-12 20:09:55.000000
375076666,1625523688600,referrer,https://www.google.no,2021-07-12 20:09:56.000000
375076667,1625523688600,product_view,275280,2021-07-12 20:09:56.000000
375076668,1573417472525,goto,Unknown product-id,2021-07-12 20:09:56.000000
375076669,1626113139756,product_view,464687,2021-07-12 20:09:56.000000
375076670,1567344418240,product_view,508282,2021-07-12 20:09:56.000000
375076671,1625494993511,referrer,Adwords,2021-07-12 20:09:56.000000
375076672,1625494993511,product_view,472803,2021-07-12 20:09:57.000000
375076673,1626100595242,referrer,https://www.google.no,2021-07-12 20:09:57.000000
375076674,1607791788886,product_view,260392,2021-07-12 20:09:57.000000
375076675,1625599973246,product_view,379513,2021-07-12 20:09:57.000000
375076676,1626113249317,goto,490557,2021-07-12 20:09:57.000000
375076677,1626096873739,goto,312293,2021-07-12 20:09:58.000000
375076678,1622488256417,referrer,Android-App,2021-07-12 20:09:58.000000
375076679,1626113399007,referrer,Adwords,2021-07-12 20:09:59.000000
375076680,1626113399007,product_view,427163,2021-07-12 20:09:59.000000
375076681,1567344418240,goto,Unknown product-id,2021-07-12 20:09:59.000000
375076682,1626113263975,product_view,NaN,2021-07-12 20:09:59.000000
375076683,1501783820163,product_view,443160,2021-07-12 20:09:59.000000
375076684,1626113361635,product_view,511320,2021-07-12 20:10:00.000000
375076685,1611913558729,referrer,direct,2021-07-12 20:10:00.000000
375076686,1622729245060,goto,273813,2021-07-12 20:10:00.000000
375076687,1626113318791,product_view,491121,2021-07-12 20:10:00.000000
375076688,1585655651425,product_view,472793,2021-07-12 20:10:00.000000
375076689,1608525636020,product_view,457500,2021-07-12 20:10:00.000000
375076690,1597582912886,product_view,457494,2021-07-12 20:10:00.000000
375076691,1623605626194,product_view,210074,2021-07-12 20:10:00.000000
375379650,1625728207296,product_view,463569,2021-07-13 21:29:27.000000
375379651,1606058064833,product_view,394025,2021-07-13 21:29:27.000000
375379652,1613680307938,referrer,https://www.google.com/,2021-07-13 21:29:28.000000
375379653,1614182936525,product_view,228398,2021-07-13 21:29:28.000000
375379654,1589307643856,product_view,377024,2021-07-13 21:29:29.000000
375379655,1584371926931,referrer,utm_source: pricealert,2021-07-13 21:29:29.000000
375379656,1584371926931,product_view,206497,2021-07-13 21:29:29.000000
375379657,1626204550410,goto,193116,2021-07-13 21:29:29.000000
375379658,1626204570119,referrer,https://www.google.no,2021-07-13 21:29:30.000000
375379659,1626204433223,product_view,388952,2021-07-13 21:29:30.000000
375379660,1565870333407,product_view,453058,2021-07-13 21:29:30.000000
375379661,1626204570632,referrer,https://www.google.no,2021-07-13 21:29:30.000000
375379662,1626180540361,goto,Unknown product-id,2021-07-13 21:29:30.000000
375379663,1612902812203,referrer,https://www.google.com/,2021-07-13 21:29:31.000000
375379664,1626204570632,product_view,334725,2021-07-13 21:29:31.000000
375379665,1591026700890,product_view,235120,2021-07-13 21:29:31.000000
375379666,1623387358951,offers_view,https://prisguiden.no/tilbud?s=offer_ratio%20asc,2021-07-13 21:29:31.000000
375379667,1612902812203,product_view,144711,2021-07-13 21:29:31.000000
375379668,1626120830399,referrer,Adwords,2021-07-13 21:29:31.000000
375379669,1608889841528,product_view,463662,2021-07-13 21:29:31.000000
375379670,1626204571216,referrer,https://www.google.no,2021-07-13 21:29:31.000000
375379671,1615929395839,product_view,496345,2021-07-13 21:29:31.000000
375379672,1626204563158,product_view,440877,2021-07-13 21:29:31.000000
375379673,1626204572018,referrer,https://www.google.no,2021-07-13 21:29:32.000000
375379674,1626204488918,product_view,440341,2021-07-13 21:29:32.000000
375379675,1543327017139,referrer,https://www.google.com,2021-07-13 21:29:32.000000
375379676,1626204572018,product_view,389112,2021-07-13 21:29:32.000000
375379677,1609621135710,product_view,406022,2021-07-13 21:29:32.000000
375379678,1543327017139,product_view,461334,2021-07-13 21:29:32.000000
375379679,1614496303052,referrer,https://www.google.no/,2021-07-13 21:29:32.000000
375379680,1608629725822,product_view,404953,2021-07-13 21:29:32.000000
375379681,1614496303052,product_view,285960,2021-07-13 21:29:32.000000
375076692,0,product_view,389557,2021-07-12 20:10:01.000000
375076693,1625410852497,referrer,https://www.google.no,2021-07-12 20:10:01.000000
375076694,1552073708899,product_view,440075,2021-07-12 20:10:01.000000
375076695,1625776249705,referrer,direct,2021-07-12 20:10:01.000000
375076696,1626113091866,offers_view,https://prisguiden.no/tilbud?f%5Bb%5D=1&o=360,2021-07-12 20:10:01.000000
375076697,1574632211022,product_view,401051,2021-07-12 20:10:01.000000
375076698,1625410852497,product_view,469897,2021-07-12 20:10:01.000000
375076699,1615678690330,product_view,434387,2021-07-12 20:10:01.000000
375076700,1626113372466,product_view,510952,2021-07-12 20:10:01.000000
375076701,1625680563048,goto,438628,2021-07-12 20:10:02.000000
375076702,1616946369868,product_view,422722,2021-07-12 20:10:02.000000
375076703,1620917721386,referrer,https://prisguiden.no/sok?q=vaskemaskin,2021-07-12 20:10:02.000000
375076704,1626113402117,referrer,Adwords,2021-07-12 20:10:02.000000
375076705,1626112688224,product_view,242579,2021-07-12 20:10:02.000000
375076706,1626113402260,referrer,https://www.google.no,2021-07-12 20:10:02.000000
375076707,1561437032678,product_view,258350,2021-07-12 20:10:02.000000
375076708,1626113402260,product_view,257055,2021-07-12 20:10:02.000000
375076709,1626113207742,product_view,377258,2021-07-12 20:10:02.000000
375076710,1620917721386,product_view,300968,2021-07-12 20:10:02.000000
375076711,1626113402729,referrer,https://www.google.no,2021-07-12 20:10:02.000000
375076712,1597582912886,goto,457494,2021-07-12 20:10:02.000000
375076713,1626113402729,product_view,439656,2021-07-12 20:10:03.000000
375076714,1626113326122,product_view,433874,2021-07-12 20:10:03.000000
375076715,1626113403572,referrer,Adwords,2021-07-12 20:10:03.000000
375076716,1626113403572,product_view,257057,2021-07-12 20:10:03.000000
375076717,0,product_view,499794,2021-07-12 20:10:03.000000
375076718,1626113403843,referrer,https://www.google.com,2021-07-12 20:10:03.000000
375076719,1626113403843,product_view,285872,2021-07-12 20:10:03.000000
375076720,0,product_view,389555,2021-07-12 20:10:03.000000
375076721,1626113404167,referrer,Adwords,2021-07-12 20:10:04.000000
375076722,1626113404167,product_view,395690,2021-07-12 20:10:04.000000
375076723,1626113249317,goto,490557,2021-07-12 20:10:04.000000
375076724,1626113404810,referrer,https://www.google.no,2021-07-12 20:10:04.000000
375076725,1626113404810,article_view,245,2021-07-12 20:10:04.000000
375076726,1625494993511,goto,Unknown product-id,2021-07-12 20:10:05.000000
375076727,1626113403843,goto,285872,2021-07-12 20:10:05.000000
375076728,1568755465325,product_view,493371,2021-07-12 20:10:05.000000
375076729,1626113333183,product_view,437701,2021-07-12 20:10:05.000000
375076730,1612617627335,referrer,https://www.google.com/,2021-07-12 20:10:06.000000
375076731,1626113153035,goto,Unknown product-id,2021-07-12 20:10:06.000000
375076732,1626113406651,referrer,Adwords,2021-07-12 20:10:06.000000
375076733,1612617627335,product_view,323148,2021-07-12 20:10:06.000000
375076734,0,goto,499794,2021-07-12 20:10:06.000000
375076735,1561437032678,product_view,338896,2021-07-12 20:10:07.000000
375076736,1626113367633,product_view,503027,2021-07-12 20:10:07.000000
375076737,1626113407550,referrer,direct,2021-07-12 20:10:07.000000
375076738,1625410852497,goto,469897,2021-07-12 20:10:07.000000
375076739,1594405775815,product_view,222043,2021-07-12 20:10:08.000000
375076740,1561437032678,product_view,258350,2021-07-12 20:10:08.000000
375076741,1567843518658,goto,451197,2021-07-12 20:10:09.000000
375076742,1626113409317,referrer,https://www.google.com,2021-07-12 20:10:09.000000
375076743,1622014354917,product_view,469895,2021-07-12 20:10:09.000000
375076744,1569948070840,goto,Unknown product-id,2021-07-12 20:10:10.000000
375076745,1590405808980,product_view,221441,2021-07-12 20:10:11.000000
375076746,1561437032678,product_view,338896,2021-07-12 20:10:11.000000
375076747,1578922758352,product_view,398280,2021-07-12 20:10:11.000000
375076748,1625994785929,referrer,direct,2021-07-12 20:10:12.000000
375076749,1626113412271,referrer,https://www.google.com,2021-07-12 20:10:12.000000
375076750,1626112997496,goto,484793,2021-07-12 20:10:12.000000
375076751,1626012176350,referrer,https://www.google.com/,2021-07-12 20:10:12.000000
375076752,1561437032678,goto,338896,2021-07-12 20:10:12.000000
375076753,1589898884784,product_view,498984,2021-07-12 20:10:12.000000
375076754,1626085505069,product_view,500400,2021-07-12 20:10:12.000000
375076755,1626012176350,product_view,331253,2021-07-12 20:10:12.000000
375076756,1625599973246,product_view,505255,2021-07-12 20:10:13.000000
375076757,1567705828329,product_view,478872,2021-07-12 20:10:13.000000
375076758,1552304960835,referrer,https://www.google.com/,2021-07-12 20:10:13.000000
375076759,1625760935253,referrer,https://www.google.no,2021-07-12 20:10:13.000000
375076760,1552304960835,product_view,469892,2021-07-12 20:10:14.000000
375076761,1624371834224,offers_view,https://prisguiden.no/tilbud,2021-07-12 20:10:14.000000
375076762,1608418297260,referrer,https://www.google.com/,2021-07-12 20:10:14.000000
375076763,1626113153035,goto,Unknown product-id,2021-07-12 20:10:14.000000
375076764,1560067943486,referrer,direct,2021-07-12 20:10:15.000000
375076765,1626113415289,referrer,https://www.google.com/,2021-07-12 20:10:15.000000
375076766,1624835869691,referrer,https://www.google.no,2021-07-12 20:10:15.000000
375076767,1624835869691,product_view,259853,2021-07-12 20:10:15.000000
375076768,1626112978172,product_view,292002,2021-07-12 20:10:16.000000
375076769,1612619555654,referrer,https://www.google.com/,2021-07-12 20:10:17.000000
375076770,1619877073836,offers_view,https://prisguiden.no/tilbud?o=480,2021-07-12 20:10:18.000000
375076771,1571519295422,goto,206736,2021-07-12 20:10:18.000000
375076772,1623716842360,product_view,293427,2021-07-12 20:10:18.000000
375076773,1626113418531,referrer,https://www.google.no,2021-07-12 20:10:18.000000
375076774,1614593239217,product_view,399728,2021-07-12 20:10:18.000000
375076775,1623701089175,referrer,https://www.google.com,2021-07-12 20:10:18.000000
375076776,1623701089175,product_view,452441,2021-07-12 20:10:18.000000
375076777,1590405808980,product_view,455143,2021-07-12 20:10:19.000000
375076778,1593701783278,product_view,461718,2021-07-12 20:10:19.000000
375076779,1626113357667,product_view,511435,2021-07-12 20:10:20.000000
375076780,1625587086824,referrer,https://www.google.no,2021-07-12 20:10:20.000000
375076781,1625587086824,article_view,306,2021-07-12 20:10:20.000000
375076782,1626113391829,product_view,282792,2021-07-12 20:10:21.000000
375076783,1623580684749,product_view,300915,2021-07-12 20:10:21.000000
375076784,1576164446583,product_view,497874,2021-07-12 20:10:21.000000
375076785,1626113097542,product_view,494872,2021-07-12 20:10:21.000000
375076786,1626113361635,goto,511320,2021-07-12 20:10:21.000000
375076787,1602271594555,referrer,https://www.google.no,2021-07-12 20:10:21.000000
375076788,1625760935253,product_view,251855,2021-07-12 20:10:21.000000
375076789,1626096873739,product_view,312293,2021-07-12 20:10:21.000000
375076790,0,product_view,NaN,2021-07-12 20:10:22.000000
375076791,1625812430598,referrer,direct,2021-07-12 20:10:22.000000
375076792,1625812430598,product_view,337419,2021-07-12 20:10:22.000000
375076793,1567407291710,referrer,direct,2021-07-12 20:10:22.000000
375076794,1626012176350,product_view,498926,2021-07-12 20:10:23.000000
375076795,1574632211022,goto,401051,2021-07-12 20:10:23.000000
375076796,1626113423780,referrer,Adwords,2021-07-12 20:10:23.000000
375076797,1625812430598,product_view,337419,2021-07-12 20:10:23.000000
375076798,1626113424228,referrer,Adwords,2021-07-12 20:10:24.000000
375076799,1626112978172,product_view,261566,2021-07-12 20:10:24.000000
375076800,1626113423780,product_view,328613,2021-07-12 20:10:24.000000
375076801,1620917721386,goto,300968,2021-07-12 20:10:24.000000
375076802,1624656062497,referrer,https://prisguiden.no/kategorier/robotstovsuger?s=test_rating%20desc&gclid=Cj0KCQjw_dWGBhDAARIsAMcYu,2021-07-12 20:10:24.000000
375076803,1593203100113,offers_view,https://prisguiden.no/tilbud?f%5Bb%5D=1&o=180,2021-07-12 20:10:24.000000
375076804,1624761019643,goto,426779,2021-07-12 20:10:24.000000
375076805,1624656062497,product_view,369702,2021-07-12 20:10:24.000000
375076806,1626113402260,product_view,263527,2021-07-12 20:10:25.000000
375076807,1626113425366,referrer,https://www.google.com,2021-07-12 20:10:25.000000
375076808,1619009055961,referrer,https://www.google.com/,2021-07-12 20:10:25.000000
375076809,1622937923936,product_view,461884,2021-07-12 20:10:25.000000
375076810,1619009055961,product_view,435159,2021-07-12 20:10:25.000000
375076811,1626113425482,referrer,https://www.google.com/,2021-07-12 20:10:25.000000
375076812,1626113425482,product_view,473262,2021-07-12 20:10:25.000000
375076813,1564939422223,referrer,https://www.google.com/,2021-07-12 20:10:25.000000
375076814,1626113425674,referrer,https://www.google.com,2021-07-12 20:10:25.000000
375076815,1564939422223,product_view,501944,2021-07-12 20:10:25.000000
375076816,1626113425674,product_view,262917,2021-07-12 20:10:25.000000
375076817,1626034157001,product_view,465666,2021-07-12 20:10:25.000000
375076818,1626113425794,referrer,direct,2021-07-12 20:10:26.000000
375076819,1626113425805,referrer,direct,2021-07-12 20:10:26.000000
375076820,1619488688373,referrer,https://prisguiden.no/produkt/xiaomi-mi-m365-pro-378838,2021-07-12 20:10:26.000000
375076821,1619488688373,product_view,398326,2021-07-12 20:10:26.000000
375076822,1626112978172,product_view,322983,2021-07-12 20:10:26.000000
375076823,1619727372892,goto,Unknown product-id,2021-07-12 20:10:26.000000
375076824,1593701783278,goto,461718,2021-07-12 20:10:27.000000
375076825,1625692262555,goto,405117,2021-07-12 20:10:27.000000
375076826,1622937923936,goto,461884,2021-07-12 20:10:27.000000
375076827,1608681623067,product_view,406734,2021-07-12 20:10:27.000000
375076828,1606814948072,product_view,294856,2021-07-12 20:10:28.000000
375076829,1626113428345,referrer,Adwords,2021-07-12 20:10:28.000000
375076830,1626113428345,product_view,342113,2021-07-12 20:10:28.000000
375076831,1567705828329,goto,478872,2021-07-12 20:10:28.000000
375076832,1625686037646,product_view,378710,2021-07-12 20:10:28.000000
375076833,1626113429122,referrer,direct,2021-07-12 20:10:29.000000
375076834,1626113428967,referrer,https://www.google.no,2021-07-12 20:10:29.000000
375076835,1620322113615,referrer,Adwords,2021-07-12 20:10:29.000000
375076836,1579842967152,product_view,120769,2021-07-12 20:10:29.000000
375076837,1626113429983,referrer,https://www.google.no,2021-07-12 20:10:30.000000
375076838,1626113429983,product_view,363476,2021-07-12 20:10:30.000000
375076839,1604271942016,referrer,https://www.google.it,2021-07-12 20:10:30.000000
375076840,1604271942016,product_view,435536,2021-07-12 20:10:30.000000
375076841,1600169379075,referrer,Adwords,2021-07-12 20:10:30.000000
375076842,1616946369868,goto,Unknown product-id,2021-07-12 20:10:30.000000
375076843,1626112008702,product_view,454079,2021-07-12 20:10:30.000000
375076844,1600169379075,product_view,442208,2021-07-12 20:10:30.000000
375076845,1626113431043,referrer,https://www.google.no,2021-07-12 20:10:31.000000
375076846,1623605626194,product_view,498980,2021-07-12 20:10:31.000000
375076847,1619488688373,product_view,460028,2021-07-12 20:10:31.000000
375076848,1621980762807,product_view,402139,2021-07-12 20:10:31.000000
375076849,1626099902740,referrer,https://www.google.no,2021-07-12 20:10:32.000000
375076850,1626113431845,referrer,direct,2021-07-12 20:10:32.000000
375076851,1626099902740,product_view,497485,2021-07-12 20:10:32.000000
375076852,1625599973246,goto,505255,2021-07-12 20:10:32.000000
375076853,1626113424228,product_view,418231,2021-07-12 20:10:32.000000
375076854,1622729245060,product_view,414928,2021-07-12 20:10:32.000000
375076855,1626113431845,product_view,328187,2021-07-12 20:10:32.000000
375076856,1612619555654,product_view,285837,2021-07-12 20:10:32.000000
375076857,1614593239217,product_view,500404,2021-07-12 20:10:33.000000
375076858,1626112685595,product_view,308608,2021-07-12 20:10:33.000000
375076859,1626113433246,referrer,https://www.google.no,2021-07-12 20:10:33.000000
375076860,1608681623067,goto,406734,2021-07-12 20:10:33.000000
375076861,1626113402260,product_view,265667,2021-07-12 20:10:33.000000
375076862,1626113433878,referrer,direct,2021-07-12 20:10:33.000000
375076863,1626113433993,referrer,https://www.google.no,2021-07-12 20:10:34.000000
375076864,1621448801967,referrer,https://www.google.com/,2021-07-12 20:10:34.000000
375076865,1626113139122,product_view,274744,2021-07-12 20:10:34.000000
375076866,1619488688373,product_view,443871,2021-07-12 20:10:34.000000
375076867,0,product_view,433933,2021-07-12 20:10:34.000000
375076868,1621448801967,product_view,256958,2021-07-12 20:10:35.000000
375076869,1626113434969,referrer,https://www.google.com,2021-07-12 20:10:35.000000
375076870,1626113249352,product_view,250683,2021-07-12 20:10:35.000000
375076871,1572399191370,referrer,https://www.google.com/,2021-07-12 20:10:35.000000
375076872,1626113434969,product_view,308323,2021-07-12 20:10:35.000000
375076873,1572399191370,product_view,206612,2021-07-12 20:10:35.000000
375076874,1617824807901,product_view,389238,2021-07-12 20:10:35.000000
375076875,1605900265681,referrer,https://prisguiden.no/sok?q=scott%20hjelm,2021-07-12 20:10:36.000000
375076876,1626099902740,goto,Unknown product-id,2021-07-12 20:10:36.000000
375076877,1626012176350,product_view,331253,2021-07-12 20:10:36.000000
375076878,1622729245060,product_view,414926,2021-07-12 20:10:36.000000
375076879,1626113367633,product_view,332587,2021-07-12 20:10:36.000000
375076880,1567705828329,offers_view,https://prisguiden.no/tilbud?s=offer_ratio%20asc&o=60,2021-07-12 20:10:36.000000
375076881,1605900265681,product_view,376323,2021-07-12 20:10:37.000000
375076882,1626113437713,referrer,Adwords,2021-07-12 20:10:37.000000
375076883,1626113437713,product_view,275668,2021-07-12 20:10:38.000000
375076884,1617122593859,offers_view,https://prisguiden.no/tilbud?s=offer_created%20desc,2021-07-12 20:10:38.000000
375076885,1586200520097,referrer,https://prisguiden.no/produkt/adidas-ultra-boost-st-dame-257431,2021-07-12 20:10:38.000000
375076886,1626113439296,referrer,https://www.google.no,2021-07-12 20:10:39.000000
375076887,1586200520097,product_view,453060,2021-07-12 20:10:39.000000
375076888,1622606611169,referrer,direct,2021-07-12 20:10:39.000000
375076889,1619877073836,offers_view,https://prisguiden.no/tilbud?o=540,2021-07-12 20:10:40.000000
375076890,1626110944484,referrer,https://prisguiden.no/produkt/sydvang-tarp-19-342610?gclid=Cj0KCQjw0K-HBhDDARIsAFJ6UGiHOhjVEZfB9y9mC,2021-07-12 20:10:40.000000
375076891,1626110944484,product_view,478021,2021-07-12 20:10:40.000000
375076892,1626113369547,product_view,257981,2021-07-12 20:10:41.000000
375076893,1625948329985,product_view,416160,2021-07-12 20:10:41.000000
375076894,1626042362398,product_view,326815,2021-07-12 20:10:41.000000
375076895,1626112997496,product_view,457496,2021-07-12 20:10:42.000000
375076896,1619016223048,referrer,direct,2021-07-12 20:10:42.000000
375076897,1626112688690,product_view,441505,2021-07-12 20:10:43.000000
375076898,1622729245060,goto,414928,2021-07-12 20:10:43.000000
375076899,1626113440743,referrer,https://www.google.com/,2021-07-12 20:10:43.000000
375076900,1626109240192,referrer,https://prisguiden.no/kategorier/gresstrimmer-og-kantklipper?f[m][]=Husqvarna,2021-07-12 20:10:43.000000
375076901,1589898884784,goto,498984,2021-07-12 20:10:43.000000
375076902,1626109240192,product_view,334469,2021-07-12 20:10:44.000000
375076903,1626113443979,referrer,Adwords,2021-07-12 20:10:44.000000
375076904,1626112685595,goto,308608,2021-07-12 20:10:44.000000
375076905,1625764969833,referrer,https://prisguiden.no/sok?q=osprey%20poco,2021-07-12 20:10:44.000000
375076906,1625764969833,product_view,438628,2021-07-12 20:10:44.000000
375076907,1606677637034,referrer,Adwords,2021-07-12 20:10:45.000000
375076908,1614981653689,referrer,utm_source: pricealert,2021-07-12 20:10:45.000000
375076909,1614981653689,profile_view,utm_medium=email,2021-07-12 20:10:45.000000
375076910,1614981653689,profile_view,direct,2021-07-12 20:10:45.000000
375076911,1600638134446,referrer,https://www.google.com/,2021-07-12 20:10:45.000000
375076912,0,product_view,257149,2021-07-12 20:10:45.000000
375076913,1625779990983,profile_view,direct,2021-07-12 20:10:45.000000
375076914,1625779990983,profile_view,direct,2021-07-12 20:10:45.000000
375076915,1626110944484,product_view,342612,2021-07-12 20:10:45.000000
375076916,1600638134446,product_view,220694,2021-07-12 20:10:45.000000
375076917,1621514910394,referrer,Adwords,2021-07-12 20:10:45.000000
375076918,1579842967152,goto,Unknown product-id,2021-07-12 20:10:46.000000
375076919,1626113446300,referrer,https://www.google.no,2021-07-12 20:10:46.000000
375076920,1626112997496,goto,457496,2021-07-12 20:10:46.000000
375076921,1626113433993,product_view,434005,2021-07-12 20:10:46.000000
375076922,1579906242117,product_view,508283,2021-07-12 20:10:46.000000
375076923,1625267160812,referrer,https://www.google.com/,2021-07-12 20:10:46.000000
375076924,1625736578371,referrer,https://www.google.no,2021-07-12 20:10:46.000000
375076925,1626113446927,referrer,https://www.google.no,2021-07-12 20:10:47.000000
375076926,1625736578371,product_view,444934,2021-07-12 20:10:47.000000
375076927,1606401688931,referrer,https://www.google.com/,2021-07-12 20:10:47.000000
375076928,1619368283646,referrer,https://www.startsiden.no,2021-07-12 20:10:47.000000
375076929,1606401688931,product_view,505255,2021-07-12 20:10:47.000000
375076930,1619763636118,referrer,https://www.google.com/,2021-07-12 20:10:47.000000
375076931,1623605626194,profile_view,https://prisguiden.no/sok?q=Ryobi%20batteri&o=150,2021-07-12 20:10:47.000000
375076932,1619368283646,product_view,269688,2021-07-12 20:10:47.000000
375076933,1625084852026,referrer,https://www.google.no,2021-07-12 20:10:48.000000
375076934,1603472551150,referrer,https://www.google.com/,2021-07-12 20:10:48.000000
375076935,1625084852026,product_view,267254,2021-07-12 20:10:48.000000
375076936,1626113448755,referrer,https://www.google.no,2021-07-12 20:10:48.000000
375076937,1626113448755,product_view,240369,2021-07-12 20:10:48.000000
375076938,1626110944484,product_view,478021,2021-07-12 20:10:48.000000
375076939,1603472551150,product_view,293195,2021-07-12 20:10:48.000000
375076940,1593623525411,referrer,https://www.google.com/,2021-07-12 20:10:49.000000
375076941,1593623525411,product_view,251730,2021-07-12 20:10:49.000000
375076942,1626113448017,referrer,Adwords,2021-07-12 20:10:49.000000
375076943,1626113424228,product_view,397622,2021-07-12 20:10:49.000000
375076944,1626113391829,product_view,282792,2021-07-12 20:10:50.000000
375076945,1626113326122,product_view,433874,2021-07-12 20:10:50.000000
375076946,1626112958606,product_view,500854,2021-07-12 20:10:50.000000
375076947,1626086749418,product_view,384802,2021-07-12 20:10:50.000000
375076948,1626113450600,referrer,https://www.google.com,2021-07-12 20:10:50.000000
375076949,1626113450600,product_view,474083,2021-07-12 20:10:50.000000
375076950,1616800295332,product_view,262826,2021-07-12 20:10:51.000000
375076951,1626113207742,offers_view,https://prisguiden.no/tilbud?f%5Bb%5D=1&o=120,2021-07-12 20:10:51.000000
375076952,1626113452096,referrer,https://www.google.com/,2021-07-12 20:10:52.000000
375076953,1626113452096,product_view,382904,2021-07-12 20:10:52.000000
375076954,1621539124096,product_view,395431,2021-07-12 20:10:52.000000
375076955,1626110944484,product_view,342610,2021-07-12 20:10:52.000000
375076956,1626113439296,product_view,389170,2021-07-12 20:10:52.000000
375076957,1614593239217,product_view,399724,2021-07-12 20:10:53.000000
375076958,1596850772187,referrer,https://www.google.com/,2021-07-12 20:10:53.000000
375076959,1626086749418,goto,384802,2021-07-12 20:10:53.000000
375076960,1625779990983,profile_view,https://prisguiden.no/profil,2021-07-12 20:10:53.000000
375076961,1596850772187,product_view,250583,2021-07-12 20:10:53.000000
375076962,1626113384718,product_view,475934,2021-07-12 20:10:54.000000
375076963,1626113454243,referrer,https://www.google.no,2021-07-12 20:10:54.000000
375076964,1626113454243,product_view,495797,2021-07-12 20:10:54.000000
375076965,1606401688931,goto,505255,2021-07-12 20:10:55.000000
375076966,1626113446892,referrer,https://www.google.com/,2021-07-12 20:10:55.000000
375076967,1626113446892,product_view,259961,2021-07-12 20:10:55.000000
375076968,1625261527782,referrer,direct,2021-07-12 20:10:55.000000
375076969,1622729245060,goto,414926,2021-07-12 20:10:55.000000
375076970,1582870528656,product_view,292289,2021-07-12 20:10:55.000000
375076971,1619009055961,product_view,435159,2021-07-12 20:10:55.000000
375076972,1626113456428,referrer,iOS-App,2021-07-12 20:10:56.000000
375076973,1588771884660,referrer,https://www.google.com/,2021-07-12 20:10:57.000000
375076974,1588771884660,product_view,509746,2021-07-12 20:10:57.000000
375076975,1626113457341,referrer,https://www.google.no,2021-07-12 20:10:57.000000
375076976,1625415333819,referrer,direct,2021-07-12 20:10:57.000000
375076977,1626113457806,referrer,https://www.google.no,2021-07-12 20:10:57.000000
375076978,1588427327955,referrer,https://www.google.com/,2021-07-12 20:10:57.000000
375076979,1625764969833,product_view,439068,2021-07-12 20:10:58.000000
375076980,1626042362398,goto,Unknown product-id,2021-07-12 20:10:58.000000
375076981,1614593239217,goto,399724,2021-07-12 20:10:58.000000
375076982,1588427327955,product_view,257934,2021-07-12 20:10:58.000000
375076983,1626113458203,referrer,utm_source: instagram,2021-07-12 20:10:58.000000
375076984,1602271594555,product_view,389170,2021-07-12 20:10:58.000000
375076985,1625403945719,referrer,https://www.google.com/,2021-07-12 20:10:58.000000
375076986,1617824807901,product_view,NaN,2021-07-12 20:10:58.000000
375076987,1625403945719,product_view,454342,2021-07-12 20:10:58.000000
375076988,1619442675043,referrer,direct,2021-07-12 20:10:59.000000
375076989,1623850086183,product_view,454749,2021-07-12 20:10:59.000000
375076990,1619763636118,product_view,377651,2021-07-12 20:10:59.000000
375076991,1626113139756,offers_view,https://prisguiden.no/tilbud?o=120,2021-07-12 20:10:59.000000
375076992,1626113424228,goto,397622,2021-07-12 20:10:59.000000
375379682,1626204554791,product_view,405731,2021-07-13 21:29:32.000000
375379683,1626072318916,product_view,449605,2021-07-13 21:29:33.000000
375379684,1599639550112,referrer,Adwords,2021-07-13 21:29:33.000000
375379685,1626204573153,referrer,https://www.google.com,2021-07-13 21:29:33.000000
375379686,1621452388814,product_view,200252,2021-07-13 21:29:33.000000
375076993,1626113461375,referrer,https://www.google.no,2021-07-12 20:11:01.000000
375076994,1626113461375,product_view,348290,2021-07-12 20:11:01.000000
375076995,1621761664068,referrer,https://www.google.com/,2021-07-12 20:11:01.000000
375076996,1621761664068,product_view,505375,2021-07-12 20:11:02.000000
375076997,1626113462321,referrer,https://www.google.no,2021-07-12 20:11:02.000000
375076998,1626113462391,referrer,https://www.google.no,2021-07-12 20:11:02.000000
375076999,1626113462391,product_view,198230,2021-07-12 20:11:02.000000
375077000,1626110944484,product_view,342612,2021-07-12 20:11:03.000000
375077001,1621448801967,goto,Unknown product-id,2021-07-12 20:11:03.000000
375077002,1626106933254,referrer,https://www.google.no,2021-07-12 20:11:04.000000
375077003,1626106933254,product_view,220754,2021-07-12 20:11:04.000000
375077004,0,product_view,406271,2021-07-12 20:11:04.000000
375077005,1619016223048,product_view,440354,2021-07-12 20:11:04.000000
375077006,1626112958606,goto,500854,2021-07-12 20:11:04.000000
375077007,1622990969661,offers_view,https://prisguiden.no/tilbud?f%5Br%5D=50&o=60,2021-07-12 20:11:04.000000
375077008,1626113446300,product_view,158165,2021-07-12 20:11:04.000000
375077009,1626113465305,referrer,https://www.google.com/,2021-07-12 20:11:05.000000
375077010,0,product_view,378482,2021-07-12 20:11:06.000000
375077011,1619009055961,goto,Unknown product-id,2021-07-12 20:11:06.000000
375077012,0,product_view,324656,2021-07-12 20:11:06.000000
375077013,1593157712987,referrer,https://www.google.com/,2021-07-12 20:11:06.000000
375077014,1602271594555,product_view,450649,2021-07-12 20:11:06.000000
375077015,1619368283646,goto,269688,2021-07-12 20:11:06.000000
375077016,1593157712987,product_view,466812,2021-07-12 20:11:06.000000
375077017,1625764969833,product_view,438628,2021-07-12 20:11:06.000000
375077018,1614332426673,referrer,https://www.google.com/,2021-07-12 20:11:07.000000
375077019,1624395458203,referrer,https://prisguiden.no/produkt/electrolux-ew8f6248a1-332542,2021-07-12 20:11:08.000000
375077020,1624395458203,product_view,300968,2021-07-12 20:11:08.000000
375077021,1593623525411,goto,Unknown product-id,2021-07-12 20:11:08.000000
375077022,1626113462321,product_view,419736,2021-07-12 20:11:08.000000
375077023,1614332426673,product_view,457372,2021-07-12 20:11:09.000000
375077024,1626113469093,referrer,Adwords,2021-07-12 20:11:09.000000
375077025,1626113439296,product_view,389170,2021-07-12 20:11:09.000000
375077026,1626113428967,product_view,425744,2021-07-12 20:11:09.000000
375077027,1626113433993,product_view,371074,2021-07-12 20:11:10.000000
375077028,1625764969833,product_view,439068,2021-07-12 20:11:10.000000
375077029,1597582912886,product_view,457496,2021-07-12 20:11:10.000000
375077030,1579906242117,offers_view,https://prisguiden.no/tilbud?f%5Bb%5D=1&s=offer_ratio%20asc&o=60,2021-07-12 20:11:10.000000
375077031,1587555292702,referrer,android-app://m.facebook.com/,2021-07-12 20:11:11.000000
375077032,1614332426673,product_view,457379,2021-07-12 20:11:11.000000
375077033,1619877073836,offers_view,https://prisguiden.no/tilbud?o=600,2021-07-12 20:11:11.000000
375077034,1621760762891,goto,475018,2021-07-12 20:11:11.000000
375077035,1588771884660,product_view,509727,2021-07-12 20:11:11.000000
375077036,1626113457806,product_view,440088,2021-07-12 20:11:11.000000
375077037,1625990381085,referrer,https://prisguiden.no/produkt/polar-grit-x-438176,2021-07-12 20:11:12.000000
375077038,1626113471996,referrer,https://www.google.no,2021-07-12 20:11:12.000000
375077039,1626113471996,product_view,291955,2021-07-12 20:11:12.000000
375077040,1626113472438,referrer,https://www.google.no,2021-07-12 20:11:12.000000
375077041,1620167241378,referrer,https://www.google.lt,2021-07-12 20:11:12.000000
375077042,1626113472438,product_view,256876,2021-07-12 20:11:12.000000
375077043,1613985816082,referrer,direct,2021-07-12 20:11:12.000000
375077044,1626113446892,goto,259961,2021-07-12 20:11:12.000000
375077045,1626113472845,referrer,https://www.google.no,2021-07-12 20:11:12.000000
375077046,1626113472845,product_view,463431,2021-07-12 20:11:13.000000
375077047,1593157712987,goto,466812,2021-07-12 20:11:13.000000
375077048,0,product_view,431130,2021-07-12 20:11:13.000000
375077049,1620167241378,product_view,125356,2021-07-12 20:11:14.000000
375077050,1622015532088,referrer,utm_source: pricealert,2021-07-12 20:11:14.000000
375077051,0,article_view,245,2021-07-12 20:11:14.000000
375077052,1597582912886,goto,457496,2021-07-12 20:11:15.000000
375077053,1516278851032,product_view,449306,2021-07-12 20:11:15.000000
375077054,1626113372466,product_view,510952,2021-07-12 20:11:15.000000
375077055,1568139347139,referrer,Adwords,2021-07-12 20:11:15.000000
375077056,1626113475546,referrer,Adwords,2021-07-12 20:11:15.000000
375077057,1568139347139,product_view,395650,2021-07-12 20:11:15.000000
375077058,1625511233541,product_view,446135,2021-07-12 20:11:15.000000
375077059,1626113479230,referrer,Adwords,2021-07-12 20:11:15.000000
375077060,1622761342741,referrer,https://www.google.com,2021-07-12 20:11:15.000000
375077061,1622761342741,product_view,300220,2021-07-12 20:11:16.000000
375077062,1626113462321,product_view,481027,2021-07-12 20:11:16.000000
375077063,1626110944484,product_view,342610,2021-07-12 20:11:16.000000
375077064,1534534489951,referrer,direct,2021-07-12 20:11:16.000000
375077065,1603470132003,referrer,https://www.google.com/,2021-07-12 20:11:16.000000
375077066,1624052211421,referrer,https://www.google.com/,2021-07-12 20:11:16.000000
375077067,1624052211421,product_view,418228,2021-07-12 20:11:17.000000
375077068,1626113304725,goto,428557,2021-07-12 20:11:17.000000
375077069,1603470132003,product_view,436604,2021-07-12 20:11:17.000000
375077070,1589311793510,referrer,https://www.google.com/,2021-07-12 20:11:17.000000
375077071,1589311793510,product_view,328187,2021-07-12 20:11:17.000000
375077072,1626113483187,referrer,Adwords,2021-07-12 20:11:17.000000
375077073,1602271594555,product_view,450645,2021-07-12 20:11:17.000000
375077074,1626113483187,product_view,161280,2021-07-12 20:11:17.000000
375077075,1566823474412,referrer,https://www.google.com/,2021-07-12 20:11:17.000000
375077076,1607774992550,product_view,496128,2021-07-12 20:11:18.000000
375077077,1603169831019,product_view,375021,2021-07-12 20:11:18.000000
375077078,1575642808113,product_view,450274,2021-07-12 20:11:19.000000
375077079,1623605626194,product_view,348343,2021-07-12 20:11:19.000000
375077080,1549380703717,referrer,https://www.google.com/,2021-07-12 20:11:19.000000
375077081,0,product_view,NaN,2021-07-12 20:11:19.000000
375077082,1549380703717,product_view,414541,2021-07-12 20:11:19.000000
375077083,1571331987881,product_view,361944,2021-07-12 20:11:20.000000
375077084,1606677637034,product_view,475950,2021-07-12 20:11:20.000000
375077085,1626105199989,referrer,https://prisguiden.no/kategorier/mobiltelefon?f[p][]=0&f[p][]=6100&f[368][]=Android&f[70][]=5%20-%20,2021-07-12 20:11:20.000000
375077086,0,goto,Unknown product-id,2021-07-12 20:11:21.000000
375077087,1588771884660,product_view,509740,2021-07-12 20:11:21.000000
375077088,1626105199989,product_view,379902,2021-07-12 20:11:21.000000
375077089,1626113472438,product_view,471304,2021-07-12 20:11:21.000000
375077090,1624052211421,product_view,270873,2021-07-12 20:11:22.000000
375077091,1626113482184,referrer,https://www.google.no,2021-07-12 20:11:22.000000
375077092,1626109962807,goto,436348,2021-07-12 20:11:22.000000
375077093,1625331342068,product_view,447995,2021-07-12 20:11:22.000000
375077094,1625680563048,product_view,439068,2021-07-12 20:11:22.000000
375077095,1624835869691,goto,Unknown product-id,2021-07-12 20:11:23.000000
375077096,1626085247206,product_view,327269,2021-07-12 20:11:24.000000
375077097,1626113486324,referrer,utm_source: pricealert,2021-07-12 20:11:26.000000
375077098,1626113486324,product_view,294856,2021-07-12 20:11:27.000000
375077099,1566823474412,product_view,327843,2021-07-12 20:11:27.000000
375077100,1579355070526,referrer,https://prisguiden.no/sok?q=joico%20hydra%20splash%20hydrating%20shampoo,2021-07-12 20:11:27.000000
375077101,1579355070526,product_view,487335,2021-07-12 20:11:27.000000
375077102,1626113487830,referrer,https://www.google.no,2021-07-12 20:11:27.000000
375077103,1624720160755,referrer,Adwords,2021-07-12 20:11:28.000000
375077104,1624720160755,product_view,385894,2021-07-12 20:11:28.000000
375077105,1625224733224,offers_view,https://prisguiden.no/tilbud?f%5Bc%5D%5B%5D=11747&f%5Bc%5D%5B%5D=10049&o=60,2021-07-12 20:11:29.000000
375077106,1626113489035,referrer,Adwords,2021-07-12 20:11:29.000000
375077107,1603169831019,goto,375021,2021-07-12 20:11:29.000000
375077108,1602271594555,product_view,450645,2021-07-12 20:11:29.000000
375077109,1626113489512,referrer,https://www.google.no,2021-07-12 20:11:29.000000
375077110,1626113489512,product_view,380721,2021-07-12 20:11:29.000000
375077111,1626113489482,referrer,https://www.google.no,2021-07-12 20:11:29.000000
375077112,1626113489676,referrer,https://www.google.no,2021-07-12 20:11:29.000000
375077113,1626113489676,product_view,460028,2021-07-12 20:11:29.000000
375077114,0,product_view,473548,2021-07-12 20:11:29.000000
375077115,1626113489650,referrer,https://www.google.com,2021-07-12 20:11:29.000000
375077116,1626113489650,product_view,379548,2021-07-12 20:11:30.000000
375077117,1626113489482,product_view,340671,2021-07-12 20:11:30.000000
375077118,1619763636118,product_view,377594,2021-07-12 20:11:30.000000
375077119,1614332426673,product_view,457372,2021-07-12 20:11:31.000000
375077120,1626113429122,product_view,453057,2021-07-12 20:11:32.000000
375077121,1601489130487,referrer,https://www.google.com,2021-07-12 20:11:32.000000
375077122,1626113263975,product_view,322392,2021-07-12 20:11:32.000000
375077123,1626113492305,referrer,https://www.google.no,2021-07-12 20:11:32.000000
375077124,1619009055961,goto,Unknown product-id,2021-07-12 20:11:32.000000
375077125,1626113492305,product_view,328436,2021-07-12 20:11:32.000000
375077126,1625951293372,product_view,265532,2021-07-12 20:11:32.000000
375077127,1602271594555,goto,450645,2021-07-12 20:11:32.000000
375077128,1620916255442,referrer,https://www.google.com,2021-07-12 20:11:33.000000
375077129,1626113462321,product_view,419697,2021-07-12 20:11:33.000000
375077130,1626113182898,goto,444934,2021-07-12 20:11:33.000000
375077131,1626113493186,referrer,https://www.google.com/,2021-07-12 20:11:33.000000
375077132,1626113493476,referrer,direct,2021-07-12 20:11:33.000000
375077133,1621448801967,product_view,256958,2021-07-12 20:11:33.000000
375077134,1626113494596,referrer,https://prisguiden.no/kategorier/pc-sekk?n=2,2021-07-12 20:11:34.000000
375077135,1626113207742,product_view,497822,2021-07-12 20:11:34.000000
375077136,1626113493186,article_view,232,2021-07-12 20:11:34.000000
375077137,1606677637034,product_view,335991,2021-07-12 20:11:34.000000
375077138,1626113494596,product_view,270328,2021-07-12 20:11:34.000000
375077139,1593203100113,product_view,397760,2021-07-12 20:11:34.000000
375077140,1619632379170,referrer,https://www.google.com/,2021-07-12 20:11:34.000000
375077141,1579355070526,goto,487335,2021-07-12 20:11:35.000000
375077142,1563187074359,referrer,https://www.google.com/,2021-07-12 20:11:35.000000
375077143,1563187074359,product_view,318109,2021-07-12 20:11:35.000000
375077144,1626113492305,goto,Unknown product-id,2021-07-12 20:11:35.000000
375077145,1626074988046,referrer,direct,2021-07-12 20:11:36.000000
375077146,1626074988046,product_view,281401,2021-07-12 20:11:36.000000
375077147,0,product_view,444934,2021-07-12 20:11:36.000000
375077148,1612619555654,product_view,285837,2021-07-12 20:11:36.000000
375077149,1518448627341,referrer,https://www.google.com/,2021-07-12 20:11:36.000000
375077150,1618614865840,referrer,https://www.google.com/,2021-07-12 20:11:37.000000
375077151,1626113450600,product_view,454653,2021-07-12 20:11:37.000000
375077152,1618614865840,product_view,492053,2021-07-12 20:11:37.000000
375077153,1518448627341,product_view,201172,2021-07-12 20:11:37.000000
375077154,1626113489512,goto,380721,2021-07-12 20:11:37.000000
375077155,1598367481662,referrer,https://www.google.co.uk/,2021-07-12 20:11:37.000000
375077156,1621448801967,goto,Unknown product-id,2021-07-12 20:11:37.000000
375077157,1598367481662,product_view,298339,2021-07-12 20:11:37.000000
375077158,1625748018095,referrer,Adwords,2021-07-12 20:11:37.000000
375077159,1625748018095,product_view,434634,2021-07-12 20:11:38.000000
375077160,1601489130487,product_view,444934,2021-07-12 20:11:38.000000
375077161,1611913558729,product_view,447721,2021-07-12 20:11:38.000000
375077162,0,profile_view,https://prisguiden.no/,2021-07-12 20:11:39.000000
375077163,1625839627800,product_view,511985,2021-07-12 20:11:39.000000
375077164,1621760762891,goto,475018,2021-07-12 20:11:39.000000
375077165,0,product_view,444201,2021-07-12 20:11:39.000000
375077166,1597582912886,product_view,472798,2021-07-12 20:11:40.000000
375077167,1626099579463,product_view,504981,2021-07-12 20:11:40.000000
375077168,1620652215332,product_view,299883,2021-07-12 20:11:40.000000
375077169,1621514910394,product_view,204004,2021-07-12 20:11:40.000000
375077170,1626113500500,referrer,https://www.google.no,2021-07-12 20:11:40.000000
375077171,1626113500500,product_view,415278,2021-07-12 20:11:40.000000
375077172,1626085247206,goto,327269,2021-07-12 20:11:41.000000
375077173,1619426679754,referrer,direct,2021-07-12 20:11:41.000000
375077174,1622815456813,referrer,direct,2021-07-12 20:11:41.000000
375077175,1501783820163,product_view,425422,2021-07-12 20:11:42.000000
375077176,1597582912886,goto,472798,2021-07-12 20:11:42.000000
375077177,1626113500459,referrer,https://www.google.no,2021-07-12 20:11:42.000000
375077178,1626113500459,product_view,271274,2021-07-12 20:11:42.000000
375077179,1625680563048,goto,439068,2021-07-12 20:11:42.000000
375077180,1626113502852,referrer,https://www.google.no,2021-07-12 20:11:43.000000
375077181,1626113502852,product_view,211681,2021-07-12 20:11:43.000000
375077182,1619877073836,offers_view,https://prisguiden.no/tilbud?o=660,2021-07-12 20:11:43.000000
375077183,1623580684749,product_view,300914,2021-07-12 20:11:43.000000
375077184,1626113004355,product_view,442894,2021-07-12 20:11:44.000000
375077185,1597352638796,product_view,309427,2021-07-12 20:11:44.000000
375077186,1571679328219,product_view,434799,2021-07-12 20:11:44.000000
375077187,1625524789722,referrer,direct,2021-07-12 20:11:44.000000
375077188,1626109238311,product_view,342183,2021-07-12 20:11:44.000000
375077189,1598592734691,referrer,https://www.google.com/,2021-07-12 20:11:44.000000
375077190,1626113505259,referrer,direct,2021-07-12 20:11:45.000000
375077191,0,product_view,496062,2021-07-12 20:11:45.000000
375077192,1620916255442,product_view,501833,2021-07-12 20:11:45.000000
375077193,1626096873739,goto,312293,2021-07-12 20:11:45.000000
375077194,1598592734691,product_view,304594,2021-07-12 20:11:45.000000
375077195,1567843518658,product_view,465531,2021-07-12 20:11:45.000000
375077196,1604532999678,product_view,374355,2021-07-12 20:11:46.000000
375077197,1532432640082,referrer,https://www.google.com/,2021-07-12 20:11:46.000000
375077198,1608681623067,product_view,483306,2021-07-12 20:11:46.000000
375077199,1532432640082,product_view,431129,2021-07-12 20:11:46.000000
375077200,1622990969661,product_view,311707,2021-07-12 20:11:46.000000
375077201,1626111821010,product_view,442207,2021-07-12 20:11:46.000000
375077202,1578751364749,referrer,Adwords,2021-07-12 20:11:47.000000
375077203,1626073838830,referrer,https://www.google.co.uk,2021-07-12 20:11:47.000000
375077204,1626073838830,product_view,300183,2021-07-12 20:11:47.000000
375077205,1626099579463,goto,Unknown product-id,2021-07-12 20:11:48.000000
375077206,1626113433993,product_view,495881,2021-07-12 20:11:48.000000
375077207,1626113508297,referrer,https://www.google.no,2021-07-12 20:11:48.000000
375077208,1626113139756,offers_view,https://prisguiden.no/tilbud?o=180,2021-07-12 20:11:48.000000
375077209,1626113508297,product_view,385894,2021-07-12 20:11:48.000000
375077210,1567843518658,goto,465531,2021-07-12 20:11:48.000000
375077211,1626113508680,referrer,https://www.google.com,2021-07-12 20:11:48.000000
375077212,1626113508680,product_view,407388,2021-07-12 20:11:48.000000
375077213,1626113507055,referrer,https://www.google.no/,2021-07-12 20:11:48.000000
375077214,1616508752957,referrer,https://www.google.com/,2021-07-12 20:11:49.000000
375077215,1622014354917,product_view,487970,2021-07-12 20:11:49.000000
375077216,1624761019643,product_view,465207,2021-07-12 20:11:49.000000
375077217,1616508752957,product_view,359851,2021-07-12 20:11:49.000000
375077218,1626042084278,referrer,https://www.google.nl,2021-07-12 20:11:50.000000
375077219,1626113369430,product_view,446314,2021-07-12 20:11:50.000000
375077220,1626042084278,product_view,304225,2021-07-12 20:11:50.000000
375077221,1614090914080,referrer,https://www.google.com/,2021-07-12 20:11:50.000000
375077222,1626113433246,product_view,433748,2021-07-12 20:11:50.000000
375077223,1626099568627,referrer,https://www.google.no,2021-07-12 20:11:50.000000
375077224,1626113509120,referrer,Adwords,2021-07-12 20:11:50.000000
375077225,1626113367633,product_view,332694,2021-07-12 20:11:50.000000
375077226,1617122593859,offers_view,https://prisguiden.no/tilbud?s=offer_created%20desc&o=60,2021-07-12 20:11:51.000000
375077227,1601489130487,goto,444934,2021-07-12 20:11:52.000000
375077228,1620672078445,product_view,266825,2021-07-12 20:11:52.000000
375077229,1598193006097,referrer,direct,2021-07-12 20:11:52.000000
375077230,1626113512774,referrer,https://www.google.no,2021-07-12 20:11:52.000000
375077231,1626113512774,product_view,245936,2021-07-12 20:11:53.000000
375077232,1619016223048,offers_view,https://prisguiden.no/tilbud?o=60,2021-07-12 20:11:53.000000
375077233,1621980762807,product_view,485318,2021-07-12 20:11:53.000000
375077234,0,product_view,433933,2021-07-12 20:11:53.000000
375077235,1626113512881,referrer,Adwords,2021-07-12 20:11:53.000000
375077236,1623605626194,product_view,348342,2021-07-12 20:11:53.000000
375077237,1626113382582,product_view,379999,2021-07-12 20:11:54.000000
375077238,1577992815528,referrer,https://www.google.com/,2021-07-12 20:11:54.000000
375077239,1577992815528,product_view,327270,2021-07-12 20:11:54.000000
375077240,1626113515228,referrer,https://www.google.com,2021-07-12 20:11:55.000000
375077241,1580412683968,referrer,Adwords,2021-07-12 20:11:55.000000
375077242,1626113515228,product_view,323830,2021-07-12 20:11:55.000000
375077243,1614625221538,referrer,https://www.google.com/,2021-07-12 20:11:55.000000
375077244,1620672078445,goto,Unknown product-id,2021-07-12 20:11:55.000000
375077245,1614625221538,product_view,508513,2021-07-12 20:11:55.000000
375077246,1622565929416,referrer,Adwords,2021-07-12 20:11:56.000000
375077247,1622015532088,product_view,452010,2021-07-12 20:11:56.000000
375077248,1563036300289,referrer,https://www.google.com/,2021-07-12 20:11:56.000000
375077249,1563036300289,product_view,441551,2021-07-12 20:11:56.000000
375077250,0,product_view,NaN,2021-07-12 20:11:56.000000
375077251,1576164446583,product_view,434744,2021-07-12 20:11:56.000000
375077252,1626113516646,referrer,https://www.google.no,2021-07-12 20:11:56.000000
375077253,1626113516646,product_view,204735,2021-07-12 20:11:56.000000
375077254,1540912825522,referrer,direct,2021-07-12 20:11:57.000000
375077255,1623175961433,referrer,https://www.google.com/,2021-07-12 20:11:58.000000
375077256,1623175961433,product_view,426944,2021-07-12 20:11:58.000000
375077257,1614332426673,product_view,457379,2021-07-12 20:11:58.000000
375077258,0,product_view,402112,2021-07-12 20:11:58.000000
375077259,1514913318137,referrer,https://www.google.no,2021-07-12 20:11:59.000000
375077260,1548703522982,referrer,https://www.google.com,2021-07-12 20:11:59.000000
375077261,1514913318137,product_view,300685,2021-07-12 20:11:59.000000
375077262,1548703522982,product_view,240449,2021-07-12 20:11:59.000000
375077263,1626113519600,referrer,direct,2021-07-12 20:11:59.000000
375077264,1625839627800,product_view,367947,2021-07-12 20:11:59.000000
375077265,1625779990983,profile_view,direct,2021-07-12 20:11:59.000000
375077266,1625779990983,profile_view,direct,2021-07-12 20:11:59.000000
375077267,1598462702786,referrer,https://www.google.no,2021-07-12 20:11:59.000000
375077268,1626112958606,product_view,465436,2021-07-12 20:12:00.000000
375077269,1567843518658,product_view,465005,2021-07-12 20:12:00.000000
375077270,1625526497022,referrer,direct,2021-07-12 20:12:00.000000
375077271,1624388021553,product_view,469896,2021-07-12 20:12:00.000000
375379687,1606860307048,referrer,https://www.google.com/,2021-07-13 21:29:33.000000
375379688,1599639550112,product_view,337419,2021-07-13 21:29:33.000000
375379689,1606860307048,product_view,447966,2021-07-13 21:29:33.000000
375379690,1626204217599,product_view,389906,2021-07-13 21:29:33.000000
375379691,1624630873371,product_view,430385,2021-07-13 21:29:34.000000
375379692,1616401088501,referrer,utm_source: pricealert,2021-07-13 21:29:34.000000
375379693,1626204574496,referrer,direct,2021-07-13 21:29:34.000000
375379694,1616401088501,profile_view,utm_medium=email,2021-07-13 21:29:34.000000
375379695,1616401088501,profile_view,direct,2021-07-13 21:29:34.000000
375379696,1520689631992,goto,506702,2021-07-13 21:29:34.000000
375379697,1557343308632,product_view,472182,2021-07-13 21:29:35.000000
375379698,1606027239465,referrer,https://www.google.com,2021-07-13 21:29:35.000000
375379699,1606027239465,product_view,413355,2021-07-13 21:29:35.000000
375379700,1623262949020,offers_view,https://prisguiden.no/tilbud?o=60,2021-07-13 21:29:35.000000
375379701,1523564913387,goto,305108,2021-07-13 21:29:35.000000
375379702,1626204576414,referrer,https://www.google.no,2021-07-13 21:29:36.000000
375379703,1626204548661,product_view,456075,2021-07-13 21:29:36.000000
375379704,1554567651667,product_view,275150,2021-07-13 21:29:36.000000
375379705,1595941870552,goto,384901,2021-07-13 21:29:36.000000
375379706,1626204576929,referrer,https://www.google.no,2021-07-13 21:29:37.000000
375379707,1578596911442,referrer,https://www.google.com/,2021-07-13 21:29:37.000000
375379708,1514447861156,product_view,494872,2021-07-13 21:29:37.000000
375379709,1616401088501,profile_view,utm_medium=email,2021-07-13 21:29:37.000000
375379710,1616401088501,profile_view,direct,2021-07-13 21:29:37.000000
375379711,1621452388814,goto,200252,2021-07-13 21:29:37.000000
375379712,1626086161153,product_view,431468,2021-07-13 21:29:38.000000
375379713,1626202195114,product_view,447016,2021-07-13 21:29:38.000000
375077272,1620916255442,product_view,498383,2021-07-12 20:12:01.000000
375077273,1596304295593,referrer,https://www.google.com/,2021-07-12 20:12:02.000000
375077274,1596304295593,product_view,316344,2021-07-12 20:12:02.000000
375077275,1614332426673,product_view,457372,2021-07-12 20:12:02.000000
375077276,1611844986958,referrer,https://www.google.com/,2021-07-12 20:12:02.000000
375077277,1611844986958,product_view,113496,2021-07-12 20:12:02.000000
375077278,1597352638796,goto,309427,2021-07-12 20:12:02.000000
375077279,1567705828329,offers_view,https://prisguiden.no/tilbud?s=offer_ratio%20asc&o=120,2021-07-12 20:12:02.000000
375077280,1625224733224,product_view,332910,2021-07-12 20:12:02.000000
375077281,1601636629465,referrer,https://www.google.no/,2021-07-12 20:12:02.000000
375077282,1592076723317,referrer,https://www.google.com/,2021-07-12 20:12:03.000000
375077283,1626113462321,product_view,419726,2021-07-12 20:12:03.000000
375077284,1626113523154,referrer,https://www.google.com,2021-07-12 20:12:03.000000
375077285,1626113523154,product_view,349322,2021-07-12 20:12:03.000000
375077286,1601636629465,product_view,264443,2021-07-12 20:12:03.000000
375077287,1619763636118,product_view,377473,2021-07-12 20:12:03.000000
375077288,1626113146617,product_view,386719,2021-07-12 20:12:03.000000
375077289,1567407291710,product_view,461159,2021-07-12 20:12:04.000000
375077290,1626113523445,referrer,direct,2021-07-12 20:12:04.000000
375077291,1626113523279,referrer,direct,2021-07-12 20:12:04.000000
375077292,1614625221538,goto,508513,2021-07-12 20:12:04.000000
375077293,1626113524461,referrer,https://www.google.no,2021-07-12 20:12:04.000000
375077294,1575642808113,product_view,440178,2021-07-12 20:12:04.000000
375077295,1626113524461,product_view,211681,2021-07-12 20:12:04.000000
375077296,1617122593859,offers_view,https://prisguiden.no/tilbud?s=offer_created%20desc&o=120,2021-07-12 20:12:04.000000
375077297,1626113418531,product_view,353280,2021-07-12 20:12:05.000000
375077298,1624388021553,goto,469896,2021-07-12 20:12:05.000000
375077299,1576164446583,product_view,434752,2021-07-12 20:12:05.000000
375077300,1598193006097,offers_view,https://prisguiden.no/tilbud?f%5Bc%5D%5B%5D=11391,2021-07-12 20:12:06.000000
375077301,1626091092573,product_view,314207,2021-07-12 20:12:06.000000
375077302,1626113526975,referrer,Adwords,2021-07-12 20:12:06.000000
375077303,1623423130743,product_view,384900,2021-07-12 20:12:07.000000
375077304,1598462702786,product_view,326103,2021-07-12 20:12:07.000000
375077305,1625224733224,product_view,332919,2021-07-12 20:12:08.000000
375077306,1626113528501,referrer,Adwords,2021-07-12 20:12:08.000000
375077307,1626113528501,product_view,306811,2021-07-12 20:12:08.000000
375077308,1607774992550,product_view,505353,2021-07-12 20:12:09.000000
375077309,1620916255442,product_view,378482,2021-07-12 20:12:09.000000
375077310,1625224733224,product_view,332910,2021-07-12 20:12:09.000000
375077311,1626113509120,product_view,204004,2021-07-12 20:12:09.000000
375077312,1626113529704,referrer,https://www.google.no/,2021-07-12 20:12:09.000000
375077313,1576164446583,product_view,434744,2021-07-12 20:12:09.000000
375077314,1626113529627,referrer,Adwords,2021-07-12 20:12:09.000000
375077315,1626113529704,product_view,447634,2021-07-12 20:12:10.000000
375077316,1517820598115,referrer,direct,2021-07-12 20:12:10.000000
375077317,1626091092573,goto,314207,2021-07-12 20:12:10.000000
375077318,1626113369430,product_view,446314,2021-07-12 20:12:11.000000
375077319,1625224733224,product_view,332919,2021-07-12 20:12:11.000000
375077320,1617122593859,product_view,504155,2021-07-12 20:12:11.000000
375077321,1621514910394,product_view,204738,2021-07-12 20:12:11.000000
375077322,1626113531946,referrer,https://www.google.com/,2021-07-12 20:12:11.000000
375077323,1625779990983,product_view,368950,2021-07-12 20:12:11.000000
375077324,1626113531734,referrer,https://www.google.com,2021-07-12 20:12:11.000000
375077325,1625224733224,product_view,332910,2021-07-12 20:12:12.000000
375077326,1611508602637,referrer,direct,2021-07-12 20:12:12.000000
375077327,1626113543161,referrer,https://www.google.com/,2021-07-12 20:12:12.000000
375077328,1626113507055,product_view,496506,2021-07-12 20:12:12.000000
375077329,1626113532439,referrer,https://www.google.no,2021-07-12 20:12:12.000000
375077330,1626113532439,product_view,275359,2021-07-12 20:12:12.000000
375077331,1583956701636,referrer,https://www.google.com/,2021-07-12 20:12:12.000000
375077332,1626113543161,product_view,395745,2021-07-12 20:12:12.000000
375077333,1624607805557,referrer,Adwords,2021-07-12 20:12:13.000000
375077334,1579355070526,product_view,361705,2021-07-12 20:12:13.000000
375077335,1624607805557,product_view,395590,2021-07-12 20:12:13.000000
375077336,1626113482184,product_view,234829,2021-07-12 20:12:13.000000
375077337,1625951293372,product_view,473624,2021-07-12 20:12:13.000000
375077338,1617122593859,goto,504155,2021-07-12 20:12:13.000000
375077339,1626113534330,referrer,https://www.google.no,2021-07-12 20:12:14.000000
375077340,1623017973587,product_view,485293,2021-07-12 20:12:14.000000
375077341,1626113534330,product_view,434524,2021-07-12 20:12:14.000000
375077342,1626113475546,product_view,448033,2021-07-12 20:12:14.000000
375077343,1626113369430,goto,446314,2021-07-12 20:12:14.000000
375077344,1614725029863,referrer,https://www.google.com/,2021-07-12 20:12:14.000000
375077345,1626113443979,product_view,331324,2021-07-12 20:12:14.000000
375077346,1626113207742,offers_view,https://prisguiden.no/tilbud?f%5Bb%5D=1&o=180,2021-07-12 20:12:15.000000
375077347,1614725029863,product_view,449706,2021-07-12 20:12:15.000000
375077348,0,product_view,195701,2021-07-12 20:12:15.000000
375077349,1625951293372,goto,473624,2021-07-12 20:12:16.000000
375077350,1626113536072,referrer,Adwords,2021-07-12 20:12:16.000000
375077351,1575642808113,goto,440178,2021-07-12 20:12:16.000000
375077352,1625224733224,product_view,332919,2021-07-12 20:12:17.000000
375077353,1626113482184,product_view,115885,2021-07-12 20:12:18.000000
375077354,0,goto,195701,2021-07-12 20:12:18.000000
