,2,26,6,9,10,11,13,20,24,27,28,29,32,33,34,39,41,51,54,22
2021-06-24,2903.982575370321,192.57223683447742,258.36545414117194,984.7586806852787,353.5495682683301,118.2205155816899,270.8728947277875,30.017254996733325,595.4915353498677,258.5401557743479,34.83793025452457,2246.3994505985797,1187.1762794280887,653.849410835612,36.46095737375623,169.1259029131641,54.98940646677142,3811.442000219555,653.8773020255393,550.7712437172945
2021-06-25,3231.388727826863,198.91660048843988,209.70294013947466,1038.0689096008487,409.00235026603303,98.57912046463451,261.3910929019785,22.380309638695568,651.002961801402,313.9267431459592,38.15593140317966,2063.4211311023605,987.0135735343995,643.7860147652241,53.25079486084297,211.75956665256453,46.94873415388753,3562.9214001920936,812.6810060205028,629.1669167753566
2021-06-26,2949.7776218350887,211.56266000085873,262.82853288425093,961.168622870289,411.4255760358594,89.76548011739769,300.75969252100583,34.3610188555728,529.7768268542746,275.2975104034208,31.820515673920504,1904.4564292698801,978.8429760123229,619.6742806942838,52.22703996332582,202.2844817199377,50.79185633151985,2791.7422287366817,595.9354840272275,588.3785008417179
2021-06-27,2793.8353836836886,165.1355130533257,226.54303010497236,852.6860419103433,389.7669315975704,82.74082906457002,301.69395908011955,23.007854796333156,498.85069628273504,227.9276979596712,29.258915509315777,1671.1962564152482,894.6794727873992,626.8713068411779,43.92411866702979,182.3205170736481,48.84791924212546,2828.6247496791675,700.8270214679856,540.1393555799372
2021-06-28,3149.458394465403,190.78164827132946,283.7704144284397,915.5939625497557,360.28707643574245,81.46019160746631,309.3778444053006,30.367493129068656,559.5704033498455,275.4561160839168,37.260960489257776,1811.427381138735,951.2101332048182,688.0881944554488,52.17467754284303,186.05522013450673,46.4001509647089,2730.126391761908,936.9653680326633,569.2202854803068
2021-06-29,3422.368277114442,240.9287439005713,313.1301227225343,990.7013379308106,431.4205309383334,94.23539601341534,269.3603916005878,43.21504183865869,591.3696246552245,244.53213286157495,46.64872306128725,2316.533569924959,1039.0059349015594,657.8146328916868,46.40621580560809,243.54493533104136,55.86077160083269,3659.7302360297117,858.426109352536,559.7183885739959
2021-06-30,2835.9581503718537,206.57302802103607,306.3633331489329,1057.7107064023646,355.7639512597235,87.58563623802812,262.4451944446247,27.39861275291662,619.9179608388413,247.98289388676582,40.91818395362391,2012.2176964945847,971.2827974836839,732.8713625943498,44.26555682146764,208.33678799575358,55.97096379489515,3283.7702392530346,914.6113892700173,430.7767909033102
2021-07-01,2825.5861484504126,189.49472646422527,235.24665275077177,994.1936875290321,412.17418759987595,67.49417229618945,305.22121647514814,57.369241961600665,536.4433279491498,244.9503856937717,37.24953362885384,1793.574213024708,1032.567473451865,607.8266886424539,45.3068844676192,199.36747384456277,53.08004669597099,3396.0151824928266,917.5754753122708,543.3536184844118
2021-07-02,2750.4264355982227,212.96908494296994,226.4296165288334,936.3005368313683,445.48454630903643,79.14662991439437,262.6898546080583,62.434273568819854,490.0971473313507,289.59434392472457,32.11500132466698,1949.6858929171613,823.2147156854829,622.5257971137765,40.03958268460667,195.79967598627425,49.38999417370816,2846.1682060167523,772.5752572204794,624.6282382154927
2021-07-03,2289.6621386775914,239.8436116096992,209.1225185681908,957.2458906590517,420.8250262044637,81.15480545472708,247.04765318928125,47.39557473879929,473.27856052434277,270.9971132783229,34.04638359596109,1859.4081892823008,840.7605009111281,514.4785899215206,36.952311268905305,193.959050857229,59.833632151103664,2382.164935833153,733.9275361718055,501.2090492520849
2021-07-04,2270.7303913463265,186.36589440795473,275.0631706501402,800.0977769867192,423.71476585225287,60.06287622344502,235.74583668686552,31.165821728432068,412.45939873517113,284.9843114671768,32.537552896973345,1547.4104127227274,764.084834624476,469.31197432982844,41.10106045541518,164.67194570842693,35.50965150732762,2380.056687024341,648.3187905146943,460.50737975748484
2021-07-05,3195.179248568656,213.31593890269386,320.3958739428158,799.7153076053683,478.1661707351267,76.25003275717296,286.79287207678135,32.41777589839077,417.89719826715253,232.31213807812205,27.69505423069123,1719.991258041278,862.3771176985772,570.0744808724198,46.927572281892026,159.7421038505458,39.60347670542755,2580.568843553998,840.7907054780154,588.3481922576643
2021-07-06,3285.321174782616,218.55122253246304,242.3088521868526,943.2729699926213,374.94648573715835,96.70791850904546,361.3639870139007,35.04383094569837,465.9257837774608,277.2335265885972,30.412886827546252,1972.3581706422972,1024.21337282148,663.6935921876911,41.90836465121414,175.73059740921042,50.44293077440285,3798.185968554021,892.618628087122,523.3623161930492
2021-07-07,2985.5909113088223,234.3576227207469,326.6463811471818,919.0654747583501,396.84218148992386,98.15440494483272,292.46915263043473,48.4074959902797,469.48074411002824,261.83541284032844,32.68862184248955,2070.8142090164492,1007.1026884777018,586.9980217704137,37.3714980477545,214.71024970429102,59.06648301961003,3526.7791249416514,855.6648484483354,469.74373092282303
2021-07-08,3011.146317937212,238.949520720815,268.43653504161784,1016.7002547544165,433.82198456929825,85.13639890769504,309.39530698628727,33.867037620815516,479.38225136806125,292.1187007727951,28.314144738561637,1834.3216431059677,988.7258306084085,633.8924691237544,41.341401106279825,172.6910198624739,56.04003740698956,3170.86743197262,812.0479066765199,507.57502265646644
2021-07-09,2941.7453918310316,214.5703325026029,239.62498610483712,925.9085237607505,366.7791058798995,85.09319801213887,335.86177431820835,35.459543832293605,459.65924515750515,229.20872976514158,35.75151816235444,1735.6672936516163,962.6232716998913,592.6839155196346,41.315341557237694,236.29681343683782,44.557987527670676,2869.3807628518425,725.9207521031524,596.9492432786245
2021-07-10,2707.0223337548737,198.40148780686476,258.72971298815446,945.2463166496959,404.27383666887624,83.10649996302689,320.9207963669601,33.33528554404556,440.3069995656922,243.92142348004418,26.824324964215958,1953.8507192363384,777.9423222229459,545.1546442873193,37.97592755153961,220.07497874758957,47.3157984218921,2617.7485346878275,568.0904577613172,501.97437850771604
2021-07-11,2542.552692342543,213.1619938789861,286.4411135236761,950.0968302897824,456.20358193777747,86.46460342590126,296.1319717243297,30.943269490678915,405.20090708664554,288.9093033865572,28.2422626834926,1550.720630662758,1111.9467020194793,555.2066019171293,35.574706574396004,236.99259638375352,45.99825989354533,2796.623382006468,668.7407039269594,355.83100620691937
2021-07-12,2603.897038734307,181.7599919589309,283.0290572531933,890.8637670914054,368.8218337052987,84.47236775317458,305.9005164756877,32.82208887085901,383.92904922115235,244.23079970114534,39.207767697271436,1638.6028979661796,852.3925887514131,600.0273566110857,29.482418555402933,167.8370268354427,54.08447133437655,2310.149093087647,721.8898121852337,440.499902154386
2021-07-13,3322.533434724432,170.5802332427167,333.10225722187425,933.1899592365975,407.03130716330287,95.21916485702026,322.27171315013436,35.98752025021344,504.3094228827012,256.7845138816249,33.882021179495354,1861.9918755289857,1063.346017776018,703.1217008307162,31.4856717475893,180.38265306141074,49.077433900307454,3329.656950995636,786.4482442175643,463.2904191392539
2021-07-14,2822.345540861567,185.97993089859705,243.67781406371031,979.7444546063425,472.1675709396649,96.04008790739282,354.42470475881487,54.47673496934219,440.71996459419233,205.50596143545096,29.49124507037498,1700.4974436181237,1007.3228072691973,617.8212202026353,35.05515783703093,195.76636120420523,58.44298004789927,2710.2424638451052,690.8954610431547,422.7025812084568
2021-07-15,3084.328051884046,178.03017039017993,254.6611749994163,963.7557242378335,544.5213126170115,78.2938333792225,332.25670531651707,28.943684879976963,412.12880010576396,259.9195009607077,26.71390955513899,1711.0292401471675,1212.6299526277253,567.9736857404203,26.827752305417164,200.35116525432244,61.76270269456401,2851.8620148259365,818.0563240997816,456.95559758518664
2021-07-16,2733.210356630435,198.61174711185356,253.81947765411945,870.3294280369884,509.839441688367,69.25708705649396,247.76482081768387,34.63017640041463,486.49860327154596,199.59718035610757,26.85317528801663,1586.0277036478167,1277.7890926340822,513.1737297349688,28.855546738224618,210.19415178306082,46.80383663563894,2699.9774752760977,764.7465825827115,527.4555108305854
2021-07-17,2222.8535340486997,151.0844379045636,294.2974647036247,840.30738724395,453.68640353755626,75.24599318419973,305.22376468397306,26.652279133943736,484.19307524261376,204.02729616750452,30.98461389642513,1497.0081691724363,1427.7301713569937,467.76115637723433,26.62387090923294,237.4154192296831,40.164831740455966,2698.062688668577,716.6652768786079,393.2617488796127
2021-07-18,2666.221566516423,186.4963452500506,286.15933957452455,835.690549216559,458.2608340038287,63.9878208858171,285.6751066881566,30.36377742312179,403.2848535891036,173.3189067105197,26.80164276950064,1469.6993851880948,1220.7199666091913,564.5675913753131,25.025651863150532,216.3697728062729,41.48022733145657,2532.4068415389575,667.7693635080899,359.41002275166755
2021-07-19,3110.703679440378,210.58126885427893,264.879307329746,832.4000069779048,369.8245819912304,73.04805482303891,282.7745823611594,31.588728068996012,428.39890931922514,251.02160930049314,27.94999526600321,1493.3114973498466,1078.996889637881,515.6667364298669,29.569809817696026,187.1458677229143,43.65042582892184,2430.8676366504487,699.169709649762,528.979080231123
2021-07-20,3248.2046310676083,200.2202942774883,333.18288089971304,958.0200393553354,483.0452936553314,77.03734677807145,305.64768078208755,25.783347979804436,439.2614076277497,230.59241246208728,28.662564573629545,1915.1514945509405,1155.995871495049,653.368574574321,31.13983324254455,206.392833201445,58.65127514890139,3516.8104248761547,723.3661541928145,464.89015343737367
2021-07-21,2922.8876974361824,189.54363992370315,349.09033192765526,999.334267070584,453.1738540917426,74.32829036625475,344.58867399429664,30.620543829876063,438.8122291666915,257.8263575589931,39.568343094260996,1755.6496609279186,1136.7795469888151,653.9833632089797,30.51124323409292,220.50259799341183,50.27922256813534,3067.477471989997,638.9823714220901,394.7564322663956
2021-07-22,2842.510049815417,188.3027492445924,283.1935795724901,907.2931404233753,400.1345906317395,93.74415973784637,300.07599234607835,31.26245790201064,426.07581476084096,215.12322952778206,32.50068824471029,1580.4908049243018,1118.2736203310726,563.0063497941646,33.787701674688144,239.5563499314053,50.8473484591134,2913.489389394072,685.8869649428108,442.4016280703402
2021-07-23,3196.352437002672,195.6543380920236,272.87005037840396,1076.7553489455483,437.0368326198574,92.81959388400237,279.86416448872995,23.602625605677602,452.0471936469462,321.78410780190404,32.85964456550949,2077.583630072945,1128.4223856528956,610.5539078269757,24.842101678043402,228.25632441957558,46.47316262835761,2606.2382268393835,614.4915518587264,547.3062330826332
2021-07-24,2271.003477472842,174.53887597100768,231.17405157135454,812.7929261698047,426.0071819202365,71.43214824362136,334.27542163152714,25.634010469944705,433.7628940549389,307.5230496055508,30.073378353911288,1707.5340591862744,913.9209650329105,517.248629963983,32.806451431367094,176.93595758545754,35.17223326404946,3242.211812785565,617.2400731466394,490.29576200399856
2021-07-25,2333.4703251553387,162.0486167683207,256.3936200909647,776.8349763287188,313.16597552484336,74.58658162178763,276.71132351077,25.242702537875083,419.9470138793277,272.2750336434534,27.273718248180007,1654.6027886843333,793.0959693454126,539.4746081572239,32.42518344645546,160.32654955872528,39.782321774479634,2643.016391387775,623.8779918056401,440.8214024889066
2021-07-26,2518.952622578804,155.516476461229,299.4583228125939,798.7459177338238,418.2674375188764,87.5577064472729,292.330409627263,21.654004038371582,477.7578747755922,230.34208277263969,31.85648487038631,1582.1268836417512,751.5687392791484,504.6019513348865,37.809441684388325,146.04658551416406,40.12311672695147,3014.9337824347276,588.6503304606291,528.1787567214344
2021-07-27,3530.060018794086,176.04323334947844,309.4430516180963,880.5080518910776,386.88568754085844,94.70736945660214,291.8080533234219,20.97654211588851,435.51681363984403,268.98581214638193,27.044446790466132,2130.206879430547,1094.9259316766033,624.1031066848038,37.409713599813266,173.24024853962118,45.11007514617535,3766.5440750410035,648.9307982974972,560.8372657577328
2021-07-28,3077.386281891329,181.6715153382485,291.86841680819526,1147.3951513664065,358.70522065704904,86.20038059420295,269.585482620588,23.864580877999565,453.81856477713075,318.19206144983355,35.65400474721501,2070.3365466086034,1220.8685745111968,645.2189714115178,30.786103276357945,165.89469819543757,44.697744896326526,3301.775291899022,692.7122627729527,453.70996528557356
2021-07-29,3685.451290578514,182.98377271245914,237.4255604107265,953.6654553983559,372.6072719652188,77.42277195415012,381.4383462560239,25.15969500952245,449.65711522610616,291.1951326615147,30.137137167644163,1940.3953879897451,1048.2325674661076,643.8035733848685,40.96485928495126,189.43838016028062,54.196741859033835,3361.707784762657,751.7129655762311,495.5471832092522
2021-07-30,3034.085740248266,177.403273106182,237.29681996489936,1123.1860748235629,388.09237817273515,98.88488722704545,287.2304998553164,26.88390347032472,464.64699025233585,237.37269255253804,35.78927761780944,2050.9498113911,1207.931268151499,619.3058573688941,30.071102926418767,212.33345030354076,66.60836001650976,3266.4886556836855,724.5414356300167,617.7898940976314
2021-07-31,2912.559977642716,222.2882539482433,233.92023612382525,1011.1917036451155,387.71777916348935,77.95120913050866,255.1923739453545,28.002951023216163,368.8169317114333,227.54287773241617,35.28539747371596,1691.2796353587144,1080.2153361782596,581.8703536141129,49.286196716797306,233.79766823894946,62.10143692015164,3817.552931079612,693.134899796917,639.9646781950711
2021-08-01,2933.9589236320567,261.9748692233615,257.92537385715514,1026.9204641232093,389.60690183947463,90.50708778311653,263.625418219549,24.996266179987213,404.68511210684323,234.8282049593532,35.19907075256238,2035.7162265343013,1091.4036437627587,615.2103877585373,36.22760956025304,210.76039858743474,47.303257270323144,2935.1071689135433,694.0942336562118,592.8859676629489
2021-08-02,3672.8248160708044,287.2588258337119,297.4959615020998,1067.7368181210736,423.37973653123964,97.31493241551253,329.84498173391074,22.525004037812796,417.3348450988155,224.894650152092,32.319815017011855,2162.626992365751,955.891305563232,774.5064628422696,36.42015972324667,199.11876326794294,61.74255279476414,4006.381498512425,754.2901508459652,618.4138009887553
2021-08-03,4074.6859871896913,252.49408849008591,280.46428248745156,1373.5441670752075,359.27176541717176,99.59037203819757,356.67739970103435,27.198733580596766,437.8045728731012,355.8458485937149,40.52519797694205,2348.049853558716,1123.0177050962477,730.3194461469361,38.37247601500377,195.6516502736069,54.76017153100459,3664.4002344098335,804.0347326432625,616.1199442731794
2021-08-04,3560.6870190636214,258.735472063613,204.83950378852546,1046.5625966303505,391.1437951868938,80.78984177562182,332.27758570672773,35.579869524599644,441.90400395341186,279.3815567358985,36.58499070387448,2106.458736576931,1046.39041747825,752.3051837955841,36.694561150699094,172.3269601079846,52.88646034812997,3703.881131489502,657.1908241169883,530.6921146806267
2021-08-05,4905.4209420485795,260.9372999660243,222.07860484226654,1167.9909214812171,365.70980996760534,115.7565844049947,324.20224853490413,34.526927751565424,426.7686193887956,286.81096751716575,37.34172463991248,2192.3259496739934,1009.1523018786999,649.8213673392802,36.23578450351401,157.54376964024289,54.2959426770771,3849.615695924247,595.7474067568025,665.9830361422028
2021-08-06,5201.559687439672,219.45195532627096,210.90983024871824,1050.192200430541,349.2883607474561,94.10156840299611,302.9599671378079,29.468740996631475,447.2990115341619,286.46131089507355,41.64531938460979,2185.7829487699555,1030.6954381914106,630.4783635927218,33.46945261990723,151.57255517940854,61.84017012724681,3304.4804478638935,652.0734201983157,796.8776748181702
2021-08-07,4346.800410193286,232.71084376814167,224.9273233530297,1066.8591547736885,349.0956776753581,90.99894496640266,313.631892209912,28.3143248877788,414.02118719763337,245.58084844268848,35.18936323099262,2119.731547317418,996.2482476182699,545.9150027094265,39.815838665252194,165.07260902035182,50.16921984257401,2971.6954569314103,647.7265347027995,537.8459661088611
2021-08-08,4239.5796231964205,202.90402080865195,222.8711234604371,997.9581914167442,424.3733436798471,111.09375263653256,358.2733352791218,29.236202978284137,391.4301612547345,252.94419890186924,33.555738251512324,1814.4372543367251,961.8397435553505,558.6804395270993,39.052844194058835,175.5067894371826,64.12307168881057,2624.372999001872,695.9617389123109,409.8569536319147
2021-08-09,5168.2055311364575,183.41595308140384,246.7483441321557,1035.022677130644,414.2715841039483,110.8018477817868,277.08145763911864,25.907591026880354,370.827093961975,309.40128474632326,39.34872997053334,1862.769467592793,950.3364426760951,658.9970800376035,32.716192449602765,172.37399901770485,82.5227174573977,2696.446229312298,685.5696161988942,506.31082099266973
2021-08-10,6561.05286082563,192.57063591062732,287.75455087639136,1243.3640933028944,353.745774079026,139.74591361429339,295.4763532011357,34.4492232651522,444.6165875161554,313.40897986627886,35.86295310179366,2642.0079136626873,1089.0144128446148,743.8187693542122,33.94389492167555,198.06513056581403,67.63944317349488,3984.1674952019066,821.624390411322,611.5126273521989
2021-08-11,5220.23465808045,206.4594082172258,302.13350876805646,1134.7891877295162,395.73697643633415,157.04287054864568,277.03598733455135,22.975700416695517,519.2736268356624,334.1214804354961,38.50288992294602,2396.3670696963914,1126.1183823052554,669.8936976312082,32.92703757633825,179.19909497897515,72.74034624115725,3238.964992170671,728.8885717079463,557.1560665601497
2021-08-12,5531.687655910755,219.8319803467179,281.6714013370884,1325.9860172351791,413.90169506176136,135.9413196819658,286.9330462834214,25.490248776566837,500.8880560103053,275.80781751561733,36.03142632276369,2749.753493300221,1233.86178924949,667.7327323207527,31.906038831713516,170.31074152686637,76.72316511861987,3676.0279984202175,754.7308073402105,622.2299347248597
2021-08-13,5189.9626983869975,235.7862278908402,277.34486399839443,1283.4195426865144,414.59152124030294,114.58211919038592,290.0722628987647,26.357284571097715,425.074447780136,296.83069942634245,36.8677412932966,2425.834824543373,1137.1334803831096,642.5698454149533,43.19955509764384,182.8138765163232,88.37722372286015,3531.1182355650844,629.5517063916842,736.3547821179517
2021-08-14,4650.83010369887,222.49159523282302,228.47317760989674,1195.4063919334421,453.0803348465467,141.6631978186113,327.0520068340427,30.090433249004207,416.32882630759974,318.07410026023047,47.11215440925344,2361.517491197014,952.9577835559583,770.5378730442147,30.643414188543012,165.5451180613819,85.48460809873623,3157.5912529226084,598.6498436995918,585.0881125881422
2021-08-15,4366.561934681626,240.3480608976137,242.9052316266902,1190.2981391283854,472.29253354248345,114.45253367518227,267.0632433249783,23.470236573399845,416.6877951668751,321.8197872844353,42.66184300989172,1993.9799024739957,1003.2638539274425,687.6322957381832,30.02060422077008,175.99743753789897,74.42840137640007,3331.558216624674,635.9211032668102,528.0730937544397
2021-08-16,4113.878891749729,222.06268227753802,268.5489344493959,1039.8511449007437,401.4339212675699,103.93376270911467,286.5900024680402,26.305632047587025,442.6543362182214,345.4514652948834,44.18479205502191,2299.8558319216213,1139.5057792035323,663.8304075759934,26.14084875373141,183.38344757948477,84.95026764220981,3114.789350411788,851.9180870880906,597.4239355432417
2021-08-17,4534.610993978483,251.56535557463155,243.77824075890015,1204.786864904557,510.42693901646805,106.78089590147209,293.7498686914856,24.768042556784508,478.57203967909777,351.019440535669,39.6246751093948,2192.8243201144796,1251.7509777233151,675.7617919237413,30.423217959500786,177.2560422875464,83.52701374319733,3700.0136630139355,901.4235827768357,633.2883664021998
2021-08-18,4130.821271907285,215.8246205919267,208.20341819654837,1226.5524243295413,458.81932897163483,119.05048063866417,312.7971826816735,24.486933104777435,532.7589741892482,411.2141821217191,41.36951258040159,2318.480765583696,1294.209092462443,672.3407058999506,30.98982950649632,175.18782467942947,80.26257258974628,2929.481351076754,713.1765479647627,582.2760487525901
2021-08-19,4168.8300423326955,300.46414209782176,214.92460288296428,1065.2563122876213,491.2919069765134,81.83256209076566,329.7143434782331,27.85378289289248,520.2112840196653,386.0184511206367,38.85987232247791,2044.6576124801802,1077.2665715722972,759.7969033380709,30.483138888534764,175.36310734627187,80.028942555216,3563.365995851724,756.8580528233682,607.9141396677237
2021-08-20,3491.7598442419803,225.2228060268314,165.48670977900971,1139.6518365969616,492.16439974338846,103.64131530913907,339.39786773045296,28.328448461828817,438.0148286629387,356.18813887841844,37.76305287835693,2245.525088698453,895.908240176775,648.2595041631517,33.9729786995979,144.78936934700153,78.72436819190686,2858.0584720161482,599.3629037830453,595.6922904805336
2021-08-21,3267.666078374597,212.4681977894303,186.94351548671537,1015.7724053101985,451.3625061018454,106.35676192059888,385.266083757842,27.12707228538453,429.83504244766186,302.2488019315645,41.97088792165418,1907.2211093120507,1072.6616010776754,590.9670090655918,29.340532895843154,123.49285476255295,72.27171842806243,5802.3808413307,649.6390413680391,496.6365468500386
2021-08-22,3081.163554167686,227.9185340444056,178.41201017919155,920.7123973545342,396.6430181671735,109.52964465024019,372.25037852434286,20.630117619252207,438.4682486143598,349.8631655306024,33.527138195459656,1781.7704356688937,1015.252754962472,594.1619146299101,30.48446060920226,127.42500073720535,74.15712709653174,1954.039858348484,759.4967353202713,479.9141693029553
2021-08-23,3437.1613788376435,209.4714908245772,242.99712646173396,1015.7270900557296,530.4528448416013,102.7614822282527,397.7451967486131,30.983829279000453,441.4882309851151,399.5903703660124,36.408236295706175,1825.036670938791,1092.0091663129604,646.3438215158211,29.632583961230864,162.6403370783205,75.84538701906659,3108.3783970403874,904.1563202271158,626.8570134868459
2021-08-24,1464.1227801856232,135.8384149449336,149.17084786117204,810.8276957971233,311.8573446398434,64.5426086975549,371.29919960284917,19.663430906690504,297.64606752152497,246.0873402991785,26.471635105329373,1126.0845161153566,557.7363830314091,498.80685511683384,22.860896425061398,108.45198124158776,50.84319237212526,1029.3196613858813,447.88285881669856,468.98874849381315
2021-08-25,3306.4819156072917,197.82644235143175,156.3570191299326,972.8939692288893,441.87673144118185,101.27030803966652,359.1758404972885,22.58880773147287,384.5863570298114,264.1064836210138,31.096016764632893,1936.18443077612,810.313326259883,544.8045203972176,25.171915034784263,142.8731105154102,63.29575677538417,2964.2486111923317,551.4072726847331,469.9563488945337
2021-08-26,3453.5227572339745,353.2758317800309,169.08844270034632,1166.076317138472,464.7337668416742,80.47287798249224,392.2479421141301,26.88232266932319,382.95151626149436,309.72645375625535,40.414835981020836,1946.5279583918284,1007.8533558048217,622.9959600018997,36.21236150197632,155.43459708985955,68.97265764862533,3409.8401119440764,616.3677129041102,594.3676098324652
2021-08-27,3377.738864085091,334.9184472901556,179.91717216506763,1025.2226139210923,455.0480609299203,91.5596075637803,477.66728957774694,26.25212804263125,427.40927628564197,323.3224274933909,34.684787003073566,2259.5577178105573,856.5333474350142,604.1464824941602,26.4596435450876,139.7997548272511,57.415181859657665,3932.1104946784517,571.6347685520134,647.831710924233
2021-08-28,2320.5877015140604,304.0775463025447,147.3844068147964,941.6069113528797,374.79709974947514,80.32942450762721,414.25932122328385,24.856822948791415,386.2311528601587,264.6122946079075,30.96429004997588,1631.2559832722723,881.8088757688265,624.219606806689,25.247881388114898,156.68686515799385,62.69363015864574,2946.0750464104367,557.1795205254808,494.94397140899645
2021-08-29,2539.327025956518,284.2215009971068,193.07800756624388,835.3767979231998,514.1994114104222,83.14730576918463,383.65450317160946,20.1240061661602,383.99927398615677,285.6338690679188,29.053050818991828,1713.7419442130374,944.18715098994,664.7923986606279,22.98984921648539,137.8581868596172,51.274650721988436,2618.9062364409815,530.7363847190113,515.0797636336589
2021-08-30,3102.74227293872,290.1186261276757,201.79360984053466,895.9049111177087,411.61709604619756,85.32281695098108,465.3558136126733,23.924726700416983,393.78211677272986,260.8330891069758,27.106381177993786,1807.2207875579486,963.1913811665964,672.3654915160381,21.40244327733021,170.72587483521477,60.26378396927323,2876.6443753484205,646.71774666574,600.4012506996778
2021-08-31,3584.377606965206,287.0606148209687,182.4783798600372,1016.8068669093658,602.7327544791925,62.70304264873267,478.48030249357834,29.36662878375647,528.7426559743742,336.2078134094513,32.54253196578317,2327.265756956243,989.481440479439,759.4932636447536,23.73987511258462,156.91570450590157,72.90671418685436,3646.542219382674,639.0595514381909,624.0218606649029
2021-09-01,3226.942418194305,202.15965442068233,144.5523044993597,1186.5430590200458,517.9073909625523,97.67032243009558,520.4663043377462,22.82135676003937,441.1750307644385,311.2705277621485,35.04704824086637,2268.635033948904,873.8364022980434,705.970015532026,29.23803927948645,147.03254747716943,71.39094772114805,3723.057032903945,634.7820721575738,518.2779440463013
2021-09-02,3590.667458788171,212.21277294381534,198.73736674194777,1284.119272468314,526.3746848637304,86.46016080266156,454.190887551383,27.812514799686717,417.20162183820077,275.37137161475033,30.305345251392623,2456.195359584241,815.813795854695,758.4276083849578,25.752951206748477,163.3113615228518,63.05885743663309,3724.6821526918793,676.3598985859534,641.6949300156009
2021-09-03,2882.4254628781678,238.16648734136007,170.32174922033448,1150.7315694650858,532.6709621719292,87.62740743813933,465.86792824964687,28.756062820977615,505.8025256068511,485.43015610772534,39.24582434196416,2124.673194978942,793.4206911691822,636.5449234517466,26.761361285564444,139.62934518736012,74.22638377124755,3062.8635152849665,723.5716836853783,764.0091271355763
2021-09-04,2869.46894674932,208.87065611769162,191.5952489290069,1137.3415843220619,541.2231862365999,100.0815325561313,368.3583682787601,17.07476477689898,487.72786101173693,409.4530883082766,30.99830825407463,2247.6201252207397,920.0803133014306,595.3453462359596,27.858456465894186,174.01760276774507,70.09092945154563,2939.632119981731,659.291335189854,662.0994536093195
2021-09-05,2903.8296916758172,179.3059017553819,170.41310620538403,1044.019442337443,505.5147569976961,103.68938972711751,426.7921039903374,29.26124826322156,399.43223210198715,346.69667254114665,32.99134606011615,1925.2380502564577,1020.8582044678103,647.8002227572609,31.367408362414274,163.60300700532179,51.93119612062717,3253.098444807636,622.1264296510687,625.1789306749607
2021-09-06,2991.9521220374213,222.482910470222,223.41759463980787,950.2281929858985,578.4692260621999,104.69406998127016,486.7272278960922,31.248552888767456,438.93644125791485,309.434458437849,40.19547388944789,2269.5213597897605,980.9996874399227,689.8189779921368,28.952828734689803,151.5916601359311,78.30112186701469,3193.1213957294067,705.9516803156469,670.2692602487706
2021-09-07,3537.1972894743303,220.7475711973813,208.69752581328294,1096.0036791414436,541.918080594726,93.06788051009642,456.68599590783765,20.881231282538828,470.0443527492037,377.5687875255917,34.20745845465294,2557.5270516015776,966.4478243386617,754.4945796919621,38.40690919728175,200.7688608619994,104.5465741330913,4075.136782517786,764.491157702052,723.2545874326013
2021-09-08,2994.8401590995422,232.5198483720803,180.58904031986032,1095.260266518041,523.3593770415814,96.29393669511677,440.88959762391056,24.328391837166023,424.07118011895926,473.15294078372114,35.48493361576512,2222.994244244021,954.6801198126886,849.3124126516585,24.60584244209173,161.58562598747147,83.24884316082927,3737.022941188446,730.5302895067026,614.3735825685189
2021-09-09,3056.397374149084,208.88888925794694,175.4660275185,1181.0031250985637,501.85077930075823,80.73555862547221,414.1999220755664,28.26131676445735,472.3566437612386,443.21636578738713,32.300062334900886,2319.782831862332,986.2404873982634,758.1374740466654,30.812901734075723,148.81076703997724,76.61917401574519,3402.410108707473,660.3209411734028,601.3343267165762
2021-09-10,2351.3941229977336,242.43621460030093,186.68421853052996,1170.0952682924074,522.2568139301897,87.45425007762026,414.8575893892567,19.933380083321346,505.11490982256373,411.7692643362648,29.764960572464478,2089.568123288264,1009.5720028412295,658.5271062900364,29.412568697436292,125.04931047299895,86.12577076943994,3475.2736731109626,724.7549941362134,663.6195682190324
2021-09-11,2104.136842844161,215.42211342794383,188.38206357887717,999.1702703305524,460.8715345949352,105.40408677590032,380.67352440037104,18.88008698435818,380.67890615546844,356.9899596554897,32.519221958708386,2171.851255475204,976.5085383631052,559.7868556157209,26.609193019403985,143.46563347883645,74.62064625497567,2649.3776782177474,632.2499602508141,533.8836481339772
2021-09-12,2415.708489254347,227.7515908169656,185.47688983275472,1074.2416082555262,476.1596665166103,86.19167627422203,371.7353468211698,25.434653457545984,462.10499116183814,398.89868473970427,39.996225874590976,2174.4142552267617,1077.1362667959017,602.3339832308782,28.350189648073247,147.1830696451787,75.26725518001099,3073.6095454197034,660.7682141955638,499.7594723847169
2021-09-13,1723.2810885395093,191.8288052701299,163.99083144319712,785.9813689515319,424.1792221489126,87.71070565505237,345.0249634667298,20.08789900835154,299.1319509671206,339.3069363445309,27.536800232161553,1546.2844623221229,729.4939461840318,562.8305887359138,21.59935011124654,121.61905587543754,65.07978453373516,1556.7366316848884,474.65423991097293,429.1531692286168
2021-09-14,2618.629994921784,187.11083424897853,181.78723878006016,1075.264596850678,436.66192334833016,97.26081577024269,334.6061585836971,19.43135944854974,389.23626900648117,358.62035580169396,27.458448392132432,2410.6442176101586,885.416812733321,617.6934258300173,26.87884969065503,131.97559082074986,78.86361851260494,4101.848287454589,622.257947481355,565.8620879457616
2021-09-15,2143.313178913704,242.6798199223576,168.5258013565773,1142.6756413531396,522.4907733920545,99.22493276709301,404.3776847821479,20.880194683863863,382.7259893216034,339.9229665539461,33.763052273898,2194.7812996906023,1089.9856806233536,720.5178991069043,27.580248368276166,154.1873179859867,84.74620455566479,4811.460264460398,657.4255842072944,540.7634672141108
2021-09-16,2535.1383588406666,219.39517741597874,176.71050648267635,1316.2990017816805,457.42969474040626,74.94834947235053,349.4879713295827,22.538553991561198,513.5202410320633,374.26287292029053,33.92512020094007,2785.371364191283,1099.0363336172445,675.784591076345,42.25381505556294,160.5345229083779,86.63809755122384,4531.141619215403,749.4522675418507,605.5103108676947
2021-09-17,2141.6856750869833,235.241107842981,183.0660756745149,1435.6238879665668,446.5261031262387,81.88386286215908,291.9296698029162,17.486303703835233,428.5247761534815,310.73302376717595,40.52629804045786,2246.520013622864,1076.1394416494406,659.1386141090463,27.89033607471461,121.81481359661989,76.57864354235157,3762.665492352695,753.2006178093511,625.9470693887997
2021-09-18,1786.391604157891,222.52207152662814,171.4384017306629,1258.480035302799,419.7594802284478,74.2181991682224,361.2974262298429,20.432503120860844,378.36127026506915,296.532661107521,36.670595267216314,2286.653447084533,1349.728106307541,560.1780480836999,24.893961174509997,130.14507049727655,64.36741981972669,3179.712752512656,588.696120006727,532.3689757815152
2021-09-19,1958.078872932623,210.9309342543009,167.1370763362987,1258.9441833909273,473.5759092713117,98.6986979005079,350.81913758331257,19.691754568557318,421.1498489025575,289.49336246937634,31.100610716350737,1627.5651458340983,1236.9993822219126,576.2161748679057,22.790726020551446,184.44841087937525,68.9586288545072,2884.427706748345,610.1936748807941,446.3771295898897
2021-09-20,1903.3360600890383,218.52472202337017,190.03509496600998,1201.0818356911302,435.4731148828461,106.27113366908122,428.68372220284016,17.24693424363035,411.2941252752986,344.0819628138731,32.95199399520494,1851.9463294922314,1343.6579503488322,572.0911336861896,30.199992885659352,173.3558135244965,73.26963834919354,3146.850996730287,680.5901118970388,495.1739691866937
2021-09-21,2020.0353714851246,332.1663740315411,242.72363309628628,1320.8725376671641,469.53745177184106,101.34346892502745,357.0077206050993,24.60713372376925,451.4499022334941,294.2026588379274,38.54582603028795,2026.898458882172,1558.2360240674761,678.348378080267,27.661361721545095,151.42311756054033,88.09908682211653,4348.664805483398,749.3916368148739,612.8654220339795
2021-09-22,1907.0696625215364,281.4569762559365,181.54457324804943,1513.334684874926,430.72094344346203,86.6258806135136,461.9584286581178,20.369689247402473,432.94436793152096,303.39920104379644,32.16976886561488,2295.4296068706776,1602.2621186135593,666.0162872323043,29.75150388181762,151.4260685657906,72.99617657364101,3320.9196814626393,693.7390394411382,471.8893946304792
2021-09-23,2205.1977662947734,299.75082757758304,179.17197585976515,1439.2129913548845,411.4385897124997,82.13382302547782,391.5714615314913,20.022801700634446,427.52038398953783,245.65429222114813,33.56369573071102,1996.7164399353953,1669.5592385952239,714.3841480020353,22.861304678444526,178.30474667491458,81.08258952418787,3313.7205765888643,665.1409245445509,570.6963391303582
2021-09-24,2002.6787291857906,291.4040540533624,167.20127845865812,1110.1212298182606,560.3201547935544,100.60565947078898,380.1041589786168,16.25661264330224,372.2483271975174,314.5095235329009,35.47662484091799,2266.8400529511355,1848.5012259761534,797.1918453859514,20.94438217285446,184.0144840837702,82.55504443838535,3042.6004794665755,535.1491834357815,620.8790554777507
2021-09-25,1852.8439918911188,306.74855339736234,202.97166922826986,1136.8880361458923,459.49401434494825,83.30405105459178,332.08154586056537,18.720699316812063,450.61527854431245,284.93029686772064,40.1827416098465,1963.1223242367505,1629.7922504322414,756.8085666660081,28.63361642573844,178.9971081834018,58.659693470855295,3011.72172249892,638.2652185629906,661.7729615468614
2021-09-26,1848.0103200636606,283.92257468024985,221.4553520820107,850.7814995554398,453.7860615898592,78.8046065938126,295.8552539036564,16.527104684889267,350.9221783013926,289.4795482123448,32.11674751251649,1765.685113663755,1377.0942169827647,759.0269158002209,20.209151326747346,137.89489920904654,55.76128700041576,3022.1439143286766,571.7785717855975,583.052150237325
2021-09-27,1975.9346880004823,266.9131710624219,219.19340255762398,1018.7029770508885,538.7993606092696,104.1126728428149,317.39547018964186,21.736943946791598,358.5682543921312,279.08227215179033,29.258778080948925,1824.0940397819754,1343.90716369827,745.142445102842,27.95037238011222,189.10991651016462,64.91158283930616,2991.8730379210797,658.1898817917081,574.0417796502833
2021-09-28,2130.300306976207,275.7567703564931,233.1468037118991,1249.956982584349,472.8193652403834,128.23027668410995,283.8850473583532,20.425769420050997,523.9007931262105,314.40057161751747,43.319738167257405,2855.689856640057,1682.6446013857467,666.9097758518097,25.708937195028447,189.5164789806621,73.31113605565372,3493.977792456856,689.5046529505105,630.4713413846057
2021-09-29,1820.5978451869144,290.54811012854964,191.94521753827803,1154.072330444877,457.7239080108124,99.89357167692745,238.43235387237291,17.35975714630956,442.8617731892074,301.3127525940151,38.41684638644854,2601.0567617391175,1532.132024515892,678.6212544169136,27.631273856057465,164.2733049416668,76.65839340137319,3300.8017728522323,526.8104248797995,578.9675409520595
2021-09-30,2110.6521374000004,276.3367047907059,208.53852301460464,1076.4142378194347,515.5617963432221,69.09428592246033,319.81618634712476,11.628336947303499,418.66706970833724,311.2208075228158,44.11552743943556,2647.6715570509655,1521.189521443132,626.2420138411879,30.729855843442493,170.6974045912973,69.29725133042608,3574.438046656008,550.4446427328287,548.6250991234931
2021-10-01,2123.153109874843,261.2277629902424,190.57988216435865,1030.5557686933362,357.7045018435475,101.90830429353242,311.743315152904,15.698048246439454,392.3384458410228,253.15125566437757,40.46888825601887,2259.471838638652,1601.546407953437,663.8935207913213,29.566696253423338,164.53961753181872,69.07504903578815,3405.2054175217686,560.9929512081535,564.2232575186064
2021-10-02,1806.1773608539863,273.6549946821935,185.98478974348387,1176.8349442222745,445.83552150311004,105.10859494149126,252.6887781753785,16.235639132784023,399.4702585644932,244.06300178754014,27.492102999244004,2479.9839841748303,1901.0568564341947,648.5104655966556,24.84567891318246,168.30722733553677,53.42367622816273,3124.857651076319,642.9736490078255,509.17936297470476
2021-10-03,1915.204323326993,256.6978636572303,202.88566017030251,1069.9675155328518,496.29312688709894,121.35645639328494,328.54733649544625,14.893893121946094,410.0436010890487,246.85767639927604,34.10443029724573,1866.8737610582991,1756.273630741859,623.9786395496601,26.01564758799434,196.40715350229706,70.67788864344212,2990.7102386774436,567.3243077696565,478.21184005030017
2021-10-04,2056.235162543713,289.77900606406854,229.3053013616301,1136.387681560375,428.6502953440239,112.41437415048104,366.4766683811853,18.24494656869491,397.6958980191916,265.1728183919917,31.978069190228645,2130.0700537828216,1714.4570713113694,839.5254681408346,31.650218051901803,164.46870826336314,71.99603779220712,2837.5297715071215,646.5452564319047,553.1020601019152
2021-10-05,1927.9406498031867,267.6079189439879,170.10815855881145,1179.4689994556998,485.294695466446,86.05177699366885,376.7104523138703,22.27071474685132,395.1723529510183,312.0133940659506,36.953729270774986,2347.624447584312,2013.8174660099137,763.2771375274508,33.46575270996522,164.54972948967122,70.88809672588998,3554.4682694078338,542.9264609231673,590.2772465321082
2021-10-06,2055.410633479679,255.61334298438445,181.05095173629897,1106.8133198589926,449.2715744995052,95.35797086982251,380.7823147391923,14.584294144281413,461.38584168548755,257.5458499168614,35.89385962120631,2217.0355508524717,1846.3637799747469,750.2651134280698,26.584994169722073,175.2019182074477,72.58759663723939,3693.1920607873617,649.0958748399138,508.1585844156831
2021-10-07,2116.144783210113,283.7796425225801,170.39855654732884,1141.7950036966167,431.21906875124404,87.52754904197649,322.6008197235071,19.581500459589215,406.91320152440665,320.84024773947783,37.123400981822435,2143.0923976053496,1835.1754513474184,642.0332885878878,27.772631512893803,148.89085199388273,72.41925384554843,3400.3132412179416,603.889988855221,529.4619037821323
2021-10-08,2267.2725533810917,239.11959173356925,176.5953231665668,1140.0424552638704,520.6059841893006,90.49004207961816,347.38593515147613,27.102764889254196,448.16366357257584,283.5118123782106,30.436704397839375,2097.440202514354,1932.9963636535651,633.1946386718004,23.01516580136282,156.78652004967756,69.67842633708128,3021.97946633825,577.5580604864598,574.6900829531457
2021-10-09,1662.341255550913,264.5015462673261,176.32226956133582,1037.838597459551,455.65855350516307,86.52294530248454,378.9239935318745,28.969064510616743,468.0886089201429,260.7315530134223,42.83361196874046,1994.225159702374,1973.5717291884848,664.1803370220592,31.28372193025261,190.1189772851472,73.60007324996349,2905.7660959899513,562.7530082274122,556.2690648383875
2021-10-10,1826.98916649914,206.79260940708883,207.93804103799195,1108.6336604855023,406.450567750948,84.95728509292414,308.84482871060766,16.036710349672642,365.1268186281102,282.36364914433267,36.056692795010505,1815.3203259671152,1784.5638591448185,655.605322211948,30.831636650137867,200.42690817278137,56.98304358678753,2228.9706798921725,578.8218267492606,445.48416236404864
2021-10-11,1923.8771568033299,292.62633034502676,202.62878345904312,1156.175973593648,432.09238283449463,90.16838913283704,316.28321306575083,17.32844849203855,411.82498861606376,283.4566458738609,41.66523757203164,1945.9124662423521,1622.792461348677,600.9385849466105,25.64002984466471,172.78230904495524,68.5891503396111,2999.868132282777,604.8042196784494,511.99154125766677
2021-10-12,2133.0945106872787,276.40524569027053,175.28381973639011,1260.6634794887582,481.92226496788913,80.87828341328171,309.51844152750175,22.186767912503043,458.20126565895,306.2802049349956,45.508962944165766,2237.324790873871,1840.7804079070145,643.0357037295435,34.8755190631026,169.62147622428355,67.63207291720597,3604.126080521092,547.0697190720332,779.4157947356271
2021-10-13,2023.0554795884043,225.44971143086048,156.8006146507541,1310.0841239369452,441.28394968750024,117.69339788866031,339.6617522434204,19.13071067047247,468.9872729559371,361.4882443144813,42.80660308727733,2397.2408310848004,1752.3011349798717,623.2790685487669,36.94244838523683,191.32410605454356,75.04706278620223,3290.7095467542717,528.5730472467227,720.5204258245965
2021-10-14,2205.299500223561,241.13651969242463,142.99792872577393,1134.2029954145653,475.3017496063344,103.66800052020328,342.04894976666765,14.097742275971514,390.9142333935429,331.32493371786995,40.92657619552638,2013.731082551335,1742.5602524359758,730.7436718931907,39.615928011641095,169.33909067041537,71.23391125282885,3178.9345472612367,541.914465905959,717.7425972133522
2021-10-15,2593.9054436795013,404.33325922506083,176.0951973533411,1656.5938633969022,659.6640035918101,116.16587494395966,486.21023357781115,29.489574523091818,750.6567039699815,513.7987585985045,61.03859612133594,2795.424041977617,2430.7881048218815,766.5163851515464,55.2844883998242,235.04125484917495,86.85539978781355,4494.887710205574,640.8196464767832,916.7874123677191
2021-10-16,1473.2430198819393,246.0280989457678,137.32071575471446,1028.7740403959924,428.5354609468462,99.0881506934211,343.2151700321698,23.006062114353796,417.5612097956973,303.6784900024195,39.81959037645217,1923.2603729570865,1606.4757665469797,577.2520174825797,34.2248066028217,180.0275201697917,62.59647484821595,2848.667048882389,688.2247172600399,613.4419932794341
2021-10-17,1988.9457596674367,231.61748520285767,173.65059485376406,1168.657080616498,424.47522752825455,78.12431796584205,384.9420069371506,21.797973213965346,449.66417667651297,372.59729895118966,48.01712353313789,1966.5052967805063,1365.928288169836,606.0787327899136,28.324385942925673,184.53772016980184,53.09858349831322,3333.3554847324076,570.5890544657522,469.9935615591384
2021-10-18,2029.4007334936853,277.744723485271,173.71716658702192,968.6128574237935,542.2458921775266,106.22744252735215,389.8518920298316,22.30058787461909,430.77912122617886,348.71722510929527,41.19928769420425,1784.3103684886407,1244.5534442700887,649.2836374964794,30.022399017137275,160.79289086946267,56.830486167907836,2630.692496871763,663.5170325732739,544.7163586528477
2021-10-19,2336.4314565950176,230.11518403642148,209.4069625936363,1113.7872814440066,513.8723780772797,91.60834664582137,422.2635787626506,16.404283757225027,559.5343400219126,435.37678063071866,41.14810409322605,2416.1595905611744,1243.43588055447,661.0623848235564,28.987421999576156,159.8214043016232,68.24311645549851,3570.5268807186603,572.6017338170495,609.7812735697237
2021-10-20,2443.1986791682957,231.33914563994915,173.83781361465432,1150.3642700154473,513.5102755250077,120.58846023167322,387.8515434513562,23.044553139932802,415.95575934441024,369.930028480415,60.467471158294856,2191.6993682177645,1131.427035406641,627.9023674214125,34.075714991578494,170.5346686084613,66.51614286045546,4089.7632037373423,564.1780298499458,570.4586914388989
2021-10-21,4509.920226379527,231.46794902383107,151.4955713741986,1142.062423361616,513.3912918421743,90.56547208912075,391.66189732006535,21.045037673973876,423.4191961169366,399.68370985007584,57.19924798060572,2412.3915581202386,1096.1293310750668,684.6887918535164,32.314115529462754,141.31247736974865,64.07090164675212,3649.557106292527,592.9261453698441,630.7742460054155
2021-10-22,2801.4281185797536,235.35497234447632,118.18307431702775,1212.7026157115727,556.6746950447082,70.32145786859817,362.01367292111615,21.175849001413205,450.63344455683875,300.11607412792483,55.212216554329586,2243.6605857770023,1121.9266142661745,589.1358016423072,31.838896967296527,148.55104276159375,59.384916708213105,3650.508934534973,585.9898607070653,653.0180970205527
2021-10-23,2538.0252587794284,241.15784135004895,134.30981859183865,1067.3217981810228,484.83050614912463,83.82094593915986,345.95526481819843,25.79104751353816,405.3119398429969,303.98580775433976,35.44961610400578,2173.4741121361076,1180.3799566742175,642.8106744513345,28.765796407984283,154.59416201296366,54.78006591089213,2848.545068074052,516.5606522947514,593.6783733938119
2021-10-24,1966.7944518680479,213.5414841589374,148.77107233203324,1046.1408070737032,542.1993551655914,77.75825801226898,439.5838338235273,21.224137428807378,388.35749417788816,305.1866516173937,29.34318352694534,1723.9154187339434,1144.3535382952473,713.9842579478263,34.20784659953283,151.77835733100414,60.81180504364674,3277.703495593955,571.0177494562863,589.0569048932441
2021-10-25,2823.442795565711,214.80536661810964,166.63808886577493,1157.1290499842469,622.788461782172,93.40391971180723,378.0316266056473,26.067144039112108,451.00539662007793,283.3611972057089,46.69700357727472,1690.3436361584909,1140.6271350494776,770.7293933554357,33.25873886258365,152.10622190741861,57.147698272238046,3175.597140038498,714.778883929358,642.8831868063651
2021-10-26,2354.503641411219,245.14734279313066,141.7961859671463,1181.5440668736876,554.5423657096474,64.00770893472766,395.7939403041336,24.501066978009472,406.70341095965085,359.27315123382544,52.546352092810984,2040.9705110359605,1174.0522145390776,845.5103229286184,35.45659762477479,166.90535622009068,79.5765760757614,4470.240636457218,680.8064634481692,694.4773346772613
2021-10-27,2088.396946812046,187.62623108374584,139.77224260997852,1297.5581744784643,498.8577136976953,89.30718177687666,310.18191105201225,17.557973410475554,407.13895225018734,409.65142798623134,53.07989995598225,1936.4327429632192,1151.2469772836737,723.5787081125595,31.378942678095527,143.69974580013087,67.9015578993283,3475.2920774016216,608.343963892395,720.9223423932356
2021-10-28,2811.9137393857854,212.53273481992483,179.41295597195523,1198.0950561419695,546.550015480519,71.89954095324251,324.42614273907225,23.422575087384967,538.7037856951812,448.92201703113307,41.989580543172934,2147.9418158228345,1241.160417945834,675.857865507732,36.56843395354655,155.5917943055381,59.229902837185726,3777.259085343155,680.6309351554356,747.4083550644339
2021-10-29,2293.0816695928997,209.97872207388187,162.71288576503318,1154.04426551253,498.1330641155603,53.539319737802316,365.32847566221284,18.769491223649815,453.118169974739,428.6196931723124,38.510910962388834,2427.7457283506496,1383.0807342580931,520.7760474304604,31.788505495891147,168.48135073109455,51.151186392789974,4018.3741425798603,566.030879968463,627.4542908385944
2021-10-30,1948.6129798888974,199.4684940507124,128.57083424034636,1139.533087305547,415.7836114056756,66.01270676634121,326.2008703740465,18.444683062551107,330.7155236325976,383.64702017663814,35.903425362766015,1874.9693835072399,1583.1429234967597,443.93972382677015,29.193415082145076,145.91393830740398,53.367993520581905,3897.9507121483903,492.3427868939167,512.3090810410257
2021-10-31,1668.8815753493518,177.4227180516296,122.28153640628129,931.0986110396987,470.0748455523984,68.35212269638481,342.9707292522873,20.709496070211383,358.68792201725927,364.47421323595063,34.89692166798019,1927.8348229079163,1456.0225138765134,492.0740005377562,30.832731531790714,122.06485503689396,40.09838477188801,3493.988763241344,484.9184428378273,464.08050325424546
2021-11-01,2083.179579771503,256.9418797814798,165.44464974095942,921.4796915740739,442.71615430217196,81.69965271351145,360.9102004507782,21.889699382297696,430.2506509683837,399.8096025374684,47.81915783761637,1930.6324556691197,1446.1074753813377,591.7871538267362,29.867307543929474,142.36656634720867,62.576378591024024,3688.991509276799,697.9962774589131,555.2993258656188
2021-11-02,2468.9474190155966,243.91683548581938,158.7650186188825,1271.8960567939732,452.6080528331396,76.74901430749995,351.3692683279669,25.118561801522198,407.27108340303516,426.1553608983552,51.91285710254589,2233.5719317351995,1551.9478278391098,703.8735180863919,46.627164086505374,168.37927561864782,68.18179008543122,4395.84593210019,557.0373134218232,676.1357320726647
2021-11-03,2290.8967782314203,246.63689642012045,149.71410768361048,1253.8319643081109,475.67440059670844,84.90120040183125,357.5518517536129,19.869930041054847,415.98647437940986,357.8804878686669,37.57158858971211,2134.0218578758736,1436.4531540099185,692.9454721773787,27.163789244002803,161.95661966541604,67.73295908540184,4004.915561614085,568.551924105237,587.6865323185029
2021-11-04,2060.2801372225285,223.80893896434537,164.13800468812016,1176.2887145824898,424.79971073590747,88.81012919212694,314.022694190008,27.035538092900584,404.410446921396,402.119374374345,48.01078927153371,2305.468651830044,1505.5224460535096,588.3575122753432,32.26214893822071,168.4073488023047,65.5421400705451,4328.478664897904,543.8698397995868,635.0516267274389
2021-11-05,1842.2206562795818,207.26843909062552,125.15371263821316,1176.821384290097,463.8123163228505,72.97482536948343,330.73022872301993,20.968816552482988,380.1538286277974,415.4817196922593,29.27988256824792,1829.757797463474,1627.219125304517,572.4065542635728,31.500222665990538,134.78707222063872,56.50356660138103,3314.844123467714,498.7244429836845,544.939519612046
2021-11-06,1023.9244337357231,161.0231220801992,91.96814725855866,848.4746947318896,330.5002881572071,71.0190991792771,241.1680544503905,14.583480653301896,275.4327375663578,293.9938238387129,31.201726289783565,1390.7634244150654,1038.7189046153887,363.0093138120008,21.275822466823016,126.41715115365363,45.50465431660547,1560.1773244160706,538.501799818462,382.61883347777484
2021-11-07,731.0714698173255,116.21590796933937,78.87993704488525,540.2659033849887,252.83410972028534,42.90220475836435,207.6454933773174,13.10666354098829,208.93716743282147,237.4880756409217,29.911016763399623,757.6794563405894,421.1635356802532,308.9414113996679,18.61547115043386,81.66430910321142,32.04315848987389,899.8183600252567,225.94669284454577,241.31198840919419
2021-11-08,708.323756981781,100.0863242038105,82.47350152506311,460.0354464040901,211.9052782684844,56.93174049404316,172.4392055530273,13.750781124813741,163.10612398818532,179.85782336510113,26.074188203890177,779.5280764956884,280.4775452252168,274.999679498359,16.69751161246514,72.64534261482697,32.016168940593204,939.386907550667,248.03632356200131,252.22838694244555
2021-11-09,2178.369588584934,176.89800085034165,140.31972891640413,968.6559642292258,342.5106074864515,70.52063255041787,276.2260929836493,23.56534759729513,403.37371834855264,360.8339144408162,35.43563268683273,2297.835560498392,1402.1000873582286,427.28106959482875,20.846922242486553,153.87218833457916,50.41812192729049,4090.586965937827,590.5533587775229,483.75662621838103
2021-11-10,1960.33868352036,226.63207570394005,139.23846126102745,983.1500061980406,371.07353982837765,69.35479469067988,276.38584219353544,15.655295515983521,423.2545532459677,535.7932221453584,29.846352260906713,2161.691823579967,1783.9670483148288,550.2411078879155,31.78488305523298,166.57177244199022,55.056805920197164,3546.4658135164077,729.8035936812481,531.7213116784499
2021-11-11,2287.519044261579,242.23480559501564,160.31580582039263,932.3928029631517,434.374494805233,75.36040133264873,344.19015004640386,19.012412007103503,417.51238269755675,587.3997367826444,33.23039994416104,2460.438193270493,1776.256208185157,533.8768016727195,28.009077168718765,158.80269668708843,65.10142432528096,4272.383131187128,740.4202851958757,482.50819794595446
2021-11-12,3387.171972145576,294.6217150398209,148.90878381520983,1141.514749993367,503.3707716030781,75.66781235785118,387.414131055229,16.541758731277902,451.6511374984058,523.3269922058796,32.424810043731284,3792.8678135007326,2778.7493354408257,723.7604044844795,28.156219094730023,196.245751764087,75.01543761306299,7187.793457656619,703.0369792331469,740.6164282934392
2021-11-13,2249.479708600472,270.8016348306162,189.28978766626554,1079.9817954826767,411.7229349335381,81.5443526264855,294.5986140899681,21.633321260150197,436.78126204120696,441.6183275883881,27.334030779869018,2801.662006836138,2388.0177512996597,590.2208902739023,22.9734336172183,177.6500296843935,46.240574535761326,4213.247888969438,645.377533511502,656.2560099013015
2021-11-14,2450.787042608521,275.0752881463761,164.30150693471967,992.7834579543875,478.0024665826764,85.66078791533897,316.6960669199432,17.057866289338904,409.1039222865587,441.3612004755164,29.139693487045594,2952.0691692128257,2187.573663533331,668.174851384408,26.374729854413857,195.3342309468382,49.14059463099046,5296.9355036947145,710.3728759715116,603.7853142543781
2021-11-15,2323.027816495789,257.7009973554554,206.5730047414717,962.6579027457508,503.3970372480836,89.13784573459606,323.93463380453244,29.058233351732,434.34616676196265,549.4540702941637,36.42060689018943,2383.176204182149,2198.061691896238,696.5781626732286,24.888594314101866,223.1056808437397,55.524362668441796,4738.806127622529,755.6312459239133,639.1107101860206
2021-11-16,2843.9845563700255,307.1867793785852,229.17607419822085,1182.831514990479,583.8962553457184,84.10903139381708,391.59927185200667,18.300002295017052,495.88992224150314,609.0946093544936,39.19815510337404,3111.3953876914725,3034.375419027709,893.617176169028,27.942792922564024,288.1676580343044,69.6225317461572,6432.255793390161,750.638046923708,660.473597454442
2021-11-17,2452.8763746224104,264.0458746752198,187.88410280933297,1117.3396951023199,521.9368398361552,83.78912988770922,346.614342352285,26.805446234698312,451.84453922564535,616.292646439599,32.11624696357691,2362.4846449867478,3127.9599592718687,939.7250810450226,33.257739801164405,298.8776431132683,54.16403322453162,5838.937437032209,671.6777311258572,665.9029978157821
2021-11-18,2513.0936138419615,308.61897344565966,177.3948992205747,1130.1090486088194,550.5645422758571,97.68333437179936,343.44194198501236,27.420164936697883,414.0776014213813,588.1909635383888,41.239199006508,2679.9354307630897,2500.0212660395723,925.9360357953577,36.046012391501165,271.95348742893975,70.30547126980863,7335.265796927916,724.173111270454,768.0893887774948
2021-11-19,4955.025697921516,569.0850806236051,277.7971686969992,2719.678685432018,772.219171571184,100.81079772786896,504.9594884553143,21.98671059374534,620.370824091732,776.2106309276223,56.93816997618756,6591.209358018616,3661.9143276374552,1577.8911397645297,49.09020222783071,312.39522882770143,73.12530395458407,18550.049850028303,866.955366692493,2240.5892568751306
2021-11-20,6327.973037261696,710.4648445494984,305.6714744555384,3108.718221071518,858.6887554783505,136.69579067213417,627.099720540593,29.72792701580803,624.7365028316591,1078.2550390220908,64.50697550581076,7040.150604584369,6070.757746282874,2189.83131908053,44.28826910396427,513.3840265918949,116.83205930005664,20736.57071931088,933.1378175309462,2727.683346093888
2021-11-21,5606.133924989408,583.658335004419,338.66347014773754,2894.986089597932,759.4725668369986,177.2371132313226,736.6268536334082,45.90779103295402,627.4201678902972,952.5277697566387,55.9402237062488,6266.294609390659,6010.200528873299,2076.723062414861,49.805168952338065,629.4553718415384,129.6443215102809,15334.623668319482,1162.560603342124,2311.714912650545
2021-11-22,6538.953425399935,665.0015737655481,371.92990826012937,3063.236700217508,846.7630904575548,190.54932006803438,632.6797897308583,65.3797160901938,674.4572125072484,971.3267926857413,68.77254828011075,6402.395367316388,7116.587770685434,2153.545504358731,37.3388872492269,648.8157065977309,129.2111641403085,18863.712939197652,1023.5815270405446,2053.8394877728642
2021-11-23,8254.561519106917,818.5508226823714,472.34619862695035,4382.104547198569,1100.0216095464464,266.69254274956256,738.3697085200316,86.04673214511695,1404.2471625511384,1193.2529877858512,90.00263940715485,9094.09979176122,9002.510224358386,2651.520372232385,50.0553896166964,932.7404469263171,154.57325888762472,25659.793220282925,2160.134687850361,2370.349052969077
2021-11-24,8735.50872907545,747.2155582567718,455.7176090421159,3640.6948350850266,910.9613837280585,280.8039593637734,748.1023430000251,50.24917661075617,1084.5417998348203,1159.0358049545694,105.02901699516256,8380.431744834961,8543.688860725355,2607.0698798925655,56.28032904481164,751.7075032236348,145.1608402550818,22708.950904193003,1885.8072008602746,2217.763428631808
2021-11-25,8660.02806659821,761.0746063205502,422.77858163273635,3349.66408335874,1039.4116474815005,278.66966884018336,708.0528946780894,43.56565597835535,928.6227272815537,1172.6779431018824,98.02462345383708,7525.968455400179,7741.225443185083,2502.765644706873,54.75801689608669,605.4166312067603,150.10783668299473,24249.3816545654,1838.7635967422525,1941.2321115083791
2021-11-26,9112.34116355973,773.5710330323718,483.6727227728186,3438.664011495563,887.7046624202419,311.33162397881904,788.229145172377,56.64199740362025,1042.0920821360041,1070.0197600217305,90.54078944906468,7583.0294991174505,7965.754428366843,2434.4204862924307,60.23367623641026,646.2676284946505,129.35095120348072,25514.145739648135,1818.2288853289806,2018.885463221804
2021-11-27,15595.51755531136,1225.9298641106566,627.9233774065588,5764.536061330284,1289.1306580647195,390.7895254227759,1116.7262905512052,64.81933631556947,1402.422475407744,1532.3073728827335,109.71541495117542,14494.440924613707,12632.262087151117,3840.244187294799,77.74028077629939,975.8350848892325,180.1251069087488,47246.101107440736,2729.6215815257556,3350.315718635133
2021-11-28,5275.277311839614,661.2527799263862,362.8148919576423,2535.3994473769917,971.8718653305152,244.83360968358102,729.3644660443717,45.24014762160796,690.7808986385504,997.3548515450269,87.89410574355352,4632.516137080134,6930.947693758051,2454.078139772341,68.06079478870694,761.2909516259252,104.0808059993368,9448.186725612453,1159.6422704361003,1923.2194127535097
2021-11-29,6404.994996319594,562.710595630549,384.7606236195139,2849.0143892464334,913.2111235841626,235.45269662287598,792.8996534457849,49.251406010828,779.6400907899291,998.7094479714874,87.33154133318486,7127.073923400649,4741.996472013976,2082.4041872331168,74.8547014767351,606.6675937699789,110.7377179389116,19853.149319007855,1203.8239501245048,1355.5494843966953
2021-11-30,5881.651751230932,590.6474908694996,347.3592215534628,2617.991416311921,884.9485840073845,272.48025703504413,812.4244982912165,43.640831735898544,864.9695581073055,835.0444497879016,82.64069653519722,5028.054439107141,5097.371585102035,1922.8472228905491,61.78919992048593,621.9482413479457,107.12512341711397,12634.252530280819,987.5344486661978,1436.7171798094428
2021-12-01,5950.366035001783,327.17658599918764,317.12792698686576,1728.123720238173,698.565766414956,233.12754594963255,615.1466173058573,43.99534793246443,689.0154407968571,805.2763157570024,61.3039301128391,4695.954970538314,3573.7955248044486,1551.4718517863798,100.42344098398581,599.9696113110149,87.02757692164948,8520.79145117007,1133.6410979208476,1064.9295812889131
2021-12-02,3966.104584813765,340.29462600897585,296.9744010792913,1608.640559892086,598.6839351543828,170.89284631002664,610.9990394003023,41.92683770572476,567.4688956770001,788.7828558021399,60.213743009207924,3230.2081287194633,2846.6364010481307,1543.5533307188884,58.79602584577563,440.66926480938497,80.74579885082166,12089.732085828098,1027.490003370995,1004.0015470864921
2021-12-03,2992.608594152378,281.1963545486546,291.54146302657307,1459.7502143568436,741.1519992764075,182.46432918666278,523.2597584801077,36.350003412133375,641.0434912978311,679.7566607479866,50.35309662621106,3273.323217950241,2808.410696856669,1114.321959923115,50.2492795150165,408.5905733368612,91.93557288613938,10605.716504742537,1345.2954960086536,871.4382000594065
2021-12-04,2836.4279360440196,242.06318311736402,229.17732950370174,1371.0584443501973,521.1263028766632,199.49591039819154,443.4318911217405,36.684075181091075,587.8189672251276,485.60557764906514,46.994210151114814,2736.3137921027014,2534.141186761756,939.3268592822678,60.89991016761553,321.8775090904095,72.4514944942821,4491.482358042587,1158.3350902556194,744.8402103579841
2021-12-05,2701.281910016426,285.30726121634643,302.64974389164246,1364.874854369342,528.6912024409389,137.62738856736763,441.1091921153879,29.84120805597136,515.7377964624419,478.7103060042846,48.77608791294146,3005.750732563303,2764.985803515581,1276.6425033082678,40.51823368550339,317.91292879177405,74.79510772606122,6810.994075109161,1197.2165756801558,990.6447794269677
2021-12-06,2623.402470482548,260.2769675303385,270.1546425644776,1348.1389302620462,493.97109615834825,161.12382693618204,357.6111588811142,31.571657617600103,610.5225949145256,558.682912312899,41.86519198238339,2579.715685917507,3008.939175918518,986.8498810526085,62.85854861101731,372.6116503780281,77.47760396695902,7756.310489125265,956.7517787913107,990.2798344874047
2021-12-07,2517.03308896597,338.5964668367286,271.6374013124594,1340.0707862069469,432.23264859352963,186.61452485873795,322.373485027685,39.37361382738561,629.3582007020619,545.1747324968276,39.18592041825901,3198.316388166717,3319.5689382009537,1095.2630351601115,45.992774092361046,375.7508947565148,75.38539450448064,9208.0003048689,941.0967175020459,895.9257392370191
2021-12-08,2291.443560778344,270.75284076994916,252.09926702183571,1203.0647921526277,509.8286577936874,151.48688856573858,424.27321281974935,42.287375391378156,490.1126058729038,497.43103156077404,39.50911131521403,2645.2241455561452,2782.8146289869837,976.5318916576877,56.665349808708065,364.3748481953749,81.87177359312633,7044.628575781428,860.9913425346195,841.8453119013186
2021-12-09,2918.0181458050324,269.685441789622,267.335380977626,1145.6677607446697,539.9238424006144,125.4104188726395,361.45684433627906,37.087452923148625,573.7318103964354,571.6611544366584,31.54139601581697,2752.699077322313,2977.7911933496102,1310.8693851456426,44.10223853571944,362.68542952531294,79.80859914544682,6901.862013094227,953.5254361105533,1294.4239880248226
2021-12-10,2239.86940735212,312.34614929907127,217.35826612198065,1193.314888023947,506.8599963598139,141.11494050675427,372.112082659359,44.88441912982335,579.7376507534522,679.9615904426654,36.88093281889596,2830.695698028448,3063.3487457841034,1037.3054621042268,52.6730047788076,371.7524219080695,66.68982326549968,7568.163035169526,800.0830555555417,1085.1364505760123
2021-12-11,2271.6011460113555,261.11083735295205,206.65383721163525,1199.0339296438494,472.5574312542739,155.64920509763698,400.81180556646586,34.45005432669893,502.18716897012,562.9739435066073,51.48808712960885,2608.754047239586,3059.7114100021213,860.1141923950948,37.195653157918365,340.1814616000239,64.38363625608618,7529.775815098044,584.2871935769015,762.2430323418907
2021-12-12,2337.3902581634275,290.20375716062387,275.4693917433784,1101.9114420717672,519.7588791002536,108.11565959625574,356.3487173652317,33.8933136163012,487.6154316605282,464.66907480071137,43.031781831703505,2506.410628130848,3558.868065895418,1176.5651185447484,46.729792955214435,410.05615331305415,49.2451699009853,8262.265898465972,813.1302447621333,881.5417257407771
2021-12-13,2745.712030860669,308.8584389598639,323.60907124418173,1249.5906417027804,523.679733533891,143.29752804586442,387.5227733860734,44.87106222056587,629.0218083888373,642.2977489818617,44.445421596281385,2483.611758690226,3918.1888589546375,1116.7208396272683,36.65496732950884,438.45591685361626,63.36231099839833,7701.266775526001,868.0343303522025,942.166926463028
2021-12-14,2563.1212712200554,302.7522436633349,288.26460562862496,1194.0403575789574,492.2599680178948,164.74517087859238,393.21913606076237,38.80033747759668,521.4861503427957,587.3612279425078,46.50599365242828,3134.814541951862,4230.715006143869,1344.1811632347576,35.58757922660773,453.7840156300237,62.9551472653952,8047.837598235793,806.6880514698457,953.1265080661734
2021-12-15,2600.7164668053574,310.27467355149423,268.9728326228043,1374.7070170857432,578.4619733500294,145.8222624880727,459.7230243316815,36.49652998775215,466.01911485472715,543.2714244971144,45.34964121694504,3402.997985836023,3983.7361603233194,1396.6952281427682,49.3452424579082,478.0441786443632,56.70319000582201,7905.0116241439255,858.1437564100994,978.221310830525
2021-12-16,3109.1706577594414,282.2820684150794,281.84204057678676,1214.5647627969834,564.9217577406536,115.62954018175533,469.5537054271622,34.31941541658644,658.4439145492248,599.9339761077619,49.387903205835485,3177.745400530302,3625.234418792869,1309.5312333381864,47.46510907022891,436.1855297252536,49.49356846178891,8569.865972209689,956.9631063357268,995.9662745222657
2021-12-17,2559.609290916296,310.12437108772036,237.60500580188952,1248.9530879125534,564.479845457543,150.7201862259514,405.56287544571927,34.95928693208373,589.3395262871986,558.6452580279921,49.580842896320995,2987.716316780124,3903.964550748554,1209.3336131424867,42.91877250630107,454.51434411987225,58.76648474037917,7332.799100530002,829.917298284657,939.5892723324733
2021-12-18,2054.0552115725523,278.7800931213532,223.5174109680715,1279.9755445091373,506.9543608934939,168.59376555701766,411.22412493369706,53.37701449604074,485.25622074279664,467.7883122830972,46.22005717020325,2560.4560127585282,3960.593325903283,775.5267771201137,36.77941926889028,455.7100174522724,56.810219674387795,7111.390530077626,722.7636631624553,876.1175511841379
2021-12-19,2671.0483024789805,265.70572483308723,221.59697890325725,1575.2555885116649,461.2627787739276,137.74254640459355,409.47476157983624,39.08303709926903,543.2547870036126,425.5095239174928,48.77344930904907,2471.4459726648374,3988.71111073033,1253.2634246244475,40.0521689612026,479.8874611914095,41.79437838790366,6420.052189474049,760.4235240222254,888.5104334737065
2021-12-20,2683.3465704750683,258.10751437619683,255.2509681219575,1487.1043372095135,631.7980086811542,137.63603460493303,532.42542394673,33.76826721253374,532.8781331435297,535.317356856348,52.85049586663476,2282.921547721194,3808.4088081610967,1130.1775081499363,35.40991042429776,487.7104737309621,58.819283955986734,6418.26029146359,903.010506716468,875.5298069116975
2021-12-21,2390.4276690488728,288.34992142022423,251.26761998429905,1492.8446312460526,504.47196392193945,129.73439864754147,418.79559231622653,27.071631846361065,502.1919729144177,459.75057605391834,56.62709195112646,3075.375832914657,4074.370186373202,903.5998053347263,30.07526123119458,502.00041518483096,47.96850234271966,7000.559376648008,772.7909029801348,740.2307174588487
2021-12-22,2025.2795449955315,250.0602834959146,257.1596201024931,1261.765087915267,491.6721312838582,121.16877293197999,402.6241860456039,38.371542251515926,525.0388749512346,563.028801278511,44.141940069886154,2638.990261056619,3920.9442131558517,1100.958224339831,28.546047051904864,492.473904071496,44.01384516959159,6371.837941502896,777.7260287488348,692.8707538747869
2021-12-23,2677.2004189049835,234.52415767001787,255.07002972669693,1189.656881125609,459.87079011502226,112.69626491123813,431.4533934680831,38.46736187595922,507.7009998047891,559.2383290614362,47.21183361245845,2695.9632174668536,3455.0420459249226,1028.4241307333366,37.310445184918365,501.3138393648429,45.34384498001798,5757.912327121972,802.9133276014929,905.1151152708252
2021-12-24,1887.3583157678445,319.94303045321743,243.9733245427402,1167.2510880456148,465.4529262373862,122.20485275814282,405.2816505734148,30.625136775853157,490.8651942797184,454.5080136248948,49.980982200712305,2269.6907134484068,3081.397590297714,896.2882748967196,35.58797315389175,483.584750530038,38.55588233548039,5070.6956879148665,823.926502266011,770.7107027836187
2021-12-25,1774.887455217821,229.55443925497582,190.33635696125236,1311.3932484266309,459.26389169693203,143.23748710807934,344.8765866459303,26.66635257974704,448.3937236653133,412.706921867571,44.14018236948097,2280.415272201274,2506.297752075586,816.7565574530358,29.51381699241012,506.5247393464814,34.25423480236339,5562.8346479771635,573.6115614044484,752.381939797164
2021-12-26,3688.0969643794597,305.1824008328917,288.0555250903257,2263.428097542739,681.2938974728246,163.0989051934268,501.9048432790148,79.7199394922264,836.8302572194185,555.5274429147909,44.576307557020314,3824.134583911395,4620.814065706402,1862.7085352155455,31.519074467780968,711.2728196497767,39.756483377071476,8752.792630241749,1075.664131984242,1065.644900713785
2021-12-27,3555.8931464378593,327.2135743967584,279.9061065263939,2027.5430959418143,691.9013188072356,190.13749491403632,461.1855017668662,48.982103254765505,656.1279873454929,525.9721637398861,46.02752848789644,3286.78044352719,4034.3768275822117,1747.8606095160567,49.49973110377063,637.2259404898977,49.56953880695842,6040.807774362046,1047.846934453963,1034.578978301308
2021-12-28,3372.2368367806475,310.587510777286,275.9491920926039,2205.693718803926,666.4822682074893,157.93264653057054,502.6921891960306,33.25323712939952,649.2396382527795,576.197104973672,53.47491890326816,4118.018561064667,3780.3298788230377,1483.156207462024,40.35795536682086,715.1106257731316,45.51240005609708,9310.625246428106,1125.1239993069025,969.872070482616
2021-12-29,2971.5129045409203,341.24758464472296,237.52731793358757,1887.5392694121056,604.9851052699339,135.73669956617073,508.08920451572953,30.27873451250502,768.3881672676602,589.4922798973315,50.61620598381302,3070.5638612203693,3220.275782751687,1529.1532559734967,49.8004067412147,598.753898405561,57.42464169900596,5597.829579748895,1010.4276411431681,852.451633203699
2021-12-30,3634.7587759521757,312.19491098865086,246.90763297875247,1723.5299590254474,631.4217721962002,149.05771655860457,463.57894645863627,32.41546383853387,743.5805758554583,515.8450665507369,46.90425103023911,3413.364091439733,2791.9491552134723,1441.6084937021901,48.12188957735923,549.8653598100021,61.03631398924446,5983.3137823353245,1084.1564275659755,911.4088587860238
2021-12-31,3081.789315696011,282.21716113875937,255.62315297044634,1635.3035217798422,564.0357347922304,150.08048555185377,461.80634936415106,25.89747516707587,705.2699798193042,511.1977171171026,41.41178081009291,2504.769326403362,2665.2449117769424,1215.9250940642369,60.1809319879475,496.05420452622764,62.290230241420986,5172.5154283569245,1079.237290681141,743.4458130477108
2022-01-01,1745.3707533208722,255.40946478096816,226.9333597176985,1541.9140898903936,601.2964165013715,113.2739619750773,427.84289036811964,23.18047061430606,642.3365702847977,518.7263407217865,35.979476495549406,2915.5883825079086,2215.773192240757,854.2418618913349,37.545195437266955,395.57290328537135,47.47378950337688,3505.6129131889593,664.1484670142402,461.4920450121539
2022-01-02,3500.686695079769,261.89233460077656,283.01802078086206,1669.26994915612,630.3073387125027,115.85670273501381,463.6071661698606,35.583978730341194,692.5717340609039,454.75500416790334,46.819152844017054,4634.2311495772765,2571.0819914873696,1030.1034368885164,41.93164541081816,427.03841121279004,58.9061393272337,4586.919491184095,1052.8812830716033,656.2904464494785
2022-01-03,3029.189595755816,292.13615154927123,320.31163268286787,1420.492921936127,487.56325544783135,124.36428234949528,489.98280084456405,26.27385123530102,599.476767180814,528.7960266550882,59.574043650510305,4523.797717350864,2195.8549698542693,1209.9324965927776,42.4267299975249,392.85628680803063,43.643223457312146,4032.0638729280054,1081.1582508036713,701.2557965113601
2022-01-04,3787.1417651633665,394.73455539295145,328.4692220978236,1953.8082307243242,526.4835950169298,149.03919279909712,591.2018433943282,27.933191739376944,814.9107742860408,527.6662110329752,64.97564590255973,5418.942608417109,2692.406802962655,1002.3606034469256,58.355716166542095,462.9851415432572,62.64681937495744,6314.937789356427,1117.4021227092765,771.5274293010622
2022-01-05,2835.0405877124244,402.05198089988755,337.4062796029781,1695.1763790151456,494.6575729608483,125.44693395667925,456.53894001211836,33.245920661326835,818.0593521963574,453.80062310760434,63.726514498492875,4509.304548571448,2507.4447624907043,1165.6286733599206,50.810966833109546,409.8687371769554,109.10013133866019,5371.596169702912,1230.6209186690025,770.1551065768903
2022-01-06,3988.1859203328363,503.09906613103885,256.3949781763604,1610.69458414934,586.226106494389,165.2517124634648,531.1625952348028,43.395561732565085,663.5390850660634,489.76507993521176,54.65787685878031,3851.7839321200067,2243.1075343221114,1228.6415509711221,34.44744559375954,401.3050809955587,110.51979429255258,5255.060881129702,1022.0591246664083,799.3519668133175
2022-01-07,3212.538083022389,423.95110810916725,233.57026682274423,1586.9295513181469,593.8412953788692,131.09543696904103,565.1860947730798,36.90952848093057,628.1083850228737,479.3660532073813,62.58611760707979,3598.0663455809135,2181.5637769639357,1125.5464115763657,41.9354111844547,413.5305200401813,75.64133507263396,4455.995330215872,936.3613303339147,816.3375685345084
2022-01-08,2921.0757260600744,380.6321648678572,237.54658973976765,1390.4903393982229,543.3972490883608,121.52652297335149,460.2847726209453,26.222214325366558,673.5438783915422,450.6226509604821,53.688698577721034,3002.9687736406213,2155.471564751461,1027.3384474921895,35.623859187169934,357.6145672247971,74.37425215438695,4910.568703000307,856.195909766622,640.9408026502365
2022-01-09,2853.931972672134,361.80202217338126,270.3809701951654,1228.0461155459375,554.3459642533988,110.84058124172195,423.07830736907016,26.967242164320737,598.82848115514,418.01335534747506,61.62088296085254,2651.2259690991896,2255.387663159431,1017.5317033691229,42.175193835860696,350.33917125336626,56.99048075312366,3988.352693176966,945.8463354091883,708.2943431450378
2022-01-10,3337.85465582186,368.5136314400595,312.20521398190965,1235.4010781271609,534.6358950875924,126.2486289086248,472.7482207787735,25.11669754411843,581.7864216319074,409.09448729676666,66.1212777773168,2897.5146826490354,2013.45330322089,1310.0066079840851,40.34837945359601,309.39885700246225,64.81683287412132,4704.092324085366,1043.2110910610927,807.2934500049636
2022-01-11,3215.976696093536,315.4368336469641,275.9186397289802,1597.4294982091292,469.914985154295,127.54945739799776,460.0121507710483,37.506677884788324,718.1031114792869,399.867029841593,81.99357721538547,3189.171979615967,1974.9912031903748,1265.5378149711564,49.99901523340117,308.34220977686573,56.77807074052441,5653.909016353282,984.4883196338212,817.5300978167515
2022-01-12,3023.740177600902,279.3386817250652,257.5899033610014,1482.9063048111047,629.1080306512017,127.1380017824466,490.1841926977511,35.84507790562715,658.5457311124303,437.84455887181235,83.32103828480103,3146.2013728754027,1955.8229851777708,1126.0738669045832,50.41479196688765,303.27949804193514,76.97367311515094,5340.989186800045,916.4970786214975,774.2181581197145
2022-01-13,3362.570206891705,337.99552280273974,295.8226082543251,1619.0030097041636,548.4681981139082,183.22729514630964,481.9584978693831,32.38726390414525,631.4126615914925,492.6469151703078,62.10762763609882,3455.6001422814356,2111.3254172700185,1307.835056755363,45.70349483390413,378.9352713724172,65.48326028997572,5419.907992360347,1013.3005443981787,865.0346595577947
2022-01-14,3199.3170850774072,321.24693249720826,305.4608686412466,1351.4673555970835,526.381923799977,193.09771217759715,482.91027373384276,23.8496547257875,680.6949543153548,446.53101749645776,64.31187539354897,3301.6467825455643,2005.1911629280225,1029.1703882321094,43.07816046594547,344.0246354076502,61.65748152987346,5105.55553723174,991.1108343024913,713.2951497437134
2022-01-15,3001.621748180655,321.5273271846393,235.961338776422,1400.6631286812615,548.9933816856978,162.77266207379932,487.0037459726953,34.921718817811715,646.325447142574,403.9959596458197,60.75373147481183,3072.1091241218674,1793.2027747516574,974.2903815247222,49.386488515898975,344.28445692980563,54.03581590053461,4195.549898214655,957.5489154485734,663.9346205780339
2022-01-16,2908.0827721937385,361.77084171397513,255.09038088074945,1269.412370673742,493.18200893047197,149.15200291140627,476.97655023406946,26.582946847006657,544.6062149373336,363.40914446223326,60.7217099065233,2784.5633142022975,1815.4690738527513,1147.9477492776732,41.17368778005418,377.79818303652354,47.29242950821019,4605.119257601278,1024.9610698766446,874.7077482038771
2022-01-17,3254.025421484137,311.9869617245837,254.52206659433566,1318.9709971445507,478.512302011318,152.1856116439262,485.8146701556042,34.37858542496626,560.1429968305986,433.14906986356607,63.42043538315154,2969.2238534039448,2048.9749416041827,1268.969714606149,55.11247974436981,402.38734621613366,46.61663127194567,3788.7256473639495,1049.1783864910387,908.0324779977832
2022-01-18,3149.5196053997365,289.2139848000023,264.9561580116907,1353.7515132724611,537.6732059110226,136.6432022651499,578.7115949978863,33.83498152323005,676.0050257514525,453.92119013639575,75.55297313607409,3358.4692078297,1881.2751141514286,1135.5096951472601,73.95226557432315,377.76880400927143,57.66304558707969,5377.459988286917,890.1705008485844,784.78557569269
2022-01-19,2930.790903220027,344.3246521594132,237.13088374736031,1297.0444595047743,452.7309257866876,166.78663217989288,607.3318158298935,35.97684407785025,617.8183570450171,475.3241422849331,67.19029958649968,2829.4548485930836,1764.3524352553866,963.0435858313143,56.942592358291364,387.46241883219477,55.605278364682206,4497.804435643343,843.4665168445923,749.4842944598737
2022-01-20,3125.237520002692,372.2307659502084,254.853545231857,1284.169489508571,486.5241036416834,181.2921094235263,651.3964143029685,26.001709222846078,604.7550218711915,512.2342148667595,62.97417295156332,3030.0866307093997,1850.7115098515133,1230.765365406686,61.79837272831432,392.51002537739294,54.35646509290955,4731.804302504635,1056.1249814025787,792.9838044864748
2022-01-21,2828.2954758204896,303.79216719187514,233.03933633280175,1307.021006282523,569.0903691181281,148.71584051956626,668.0724217168508,27.64525676126175,692.0170564520357,548.4079437770204,52.03185083033107,2627.7413692148507,2075.1172011041067,977.3151612290203,57.510083453719055,347.9718171117811,57.02226096429088,4357.516586961123,1077.282806347617,720.6810377370814
2022-01-22,2182.6093144644533,284.28652970029526,206.42220758232622,1379.9328219737313,494.1951020558329,134.0152444123174,611.4918458215441,35.611556593787974,623.0260274849473,493.0125538924967,54.559445593850256,2542.5897345857757,1989.5537482191826,830.2639875891996,53.04259497287004,309.9403464075507,49.54398046270154,3706.840143477382,877.322575321207,641.8524870424409
2022-01-23,2441.825764033584,348.1110823788532,215.5143538131881,1207.4405692220676,427.7901094164703,157.3930450232907,536.5617351218984,26.436733698855964,530.8082840429984,478.4541853651494,71.3431884092847,2330.4120483346883,2074.7621270293957,839.9846599033889,41.91982348915968,293.50862814336176,49.81110375982934,4194.368462766607,937.5701159465812,703.3202225998887
2022-01-24,2537.5986908358673,300.7608690700965,263.88578819068186,1281.4889081888907,543.1930420594672,161.76356590398933,554.0400246505955,32.193385261624265,650.2031411678639,457.4285200611853,63.73046319360557,2910.660967039988,1861.305641806961,904.6921784177571,50.06952063139043,292.83930090845865,50.744248540568286,3912.871073199326,1072.43245376735,777.6111126000587
2022-01-25,2333.817546905102,329.11731432510106,272.80888024112915,1426.8218424362642,493.43404942220104,160.9364770540244,530.8872956603307,29.39731091242611,707.6146238410198,494.00242269365253,60.69441673305958,3076.920163649359,1492.7645103091374,1077.8475149277401,51.24559008273265,294.4057872239451,47.39163410387442,5170.439649169961,994.9536002035118,651.7374540686684
2022-01-26,2294.0778053850077,326.2845181362848,239.85955255054847,1413.031683967189,569.7922280715878,158.83567662561939,515.0067960756339,33.20460285482283,579.8260897427011,579.7717562914295,61.94003187035979,3306.368490553071,1921.102728953614,865.0135886887562,48.8407946876207,266.6066834388592,66.70974093549103,4612.293956207076,935.63607569357,750.6283582595852
2022-01-27,2781.208245596972,332.4765855924498,305.4344395869738,1434.8693009716897,546.2961702977325,126.20810687739274,467.23397701490893,27.399799791209183,640.8435211988492,414.3262182379338,57.0773834988133,2917.5813421481266,1949.2204519388788,954.7717713541745,55.376643545096826,279.99218536776516,43.17154600249225,4447.4579375790245,913.9555843398,746.6691293430999
2022-01-28,2967.7487635290204,305.5293117916905,272.52521076057644,1654.9124251913436,520.970737960224,132.73770036723369,544.382181945308,26.57142698720338,606.8346842019056,451.6914883468385,58.53531063344785,3270.0293274732935,2037.4061525415862,874.0458565638518,42.01759458324567,245.08411131752922,53.457644918680046,5363.698172429386,843.6706454030586,739.0080047096499
2022-01-29,2147.7425917891605,321.4807914073337,221.9330608581554,1330.2899756882598,484.9980434904591,119.43675534382112,506.97067383877607,48.23774584048921,579.016705003957,387.8624568199234,45.72981199478579,2529.7232993079997,2022.4434018073348,714.002332390731,62.33098664366423,256.2249497500754,48.02761101382357,4632.324679929847,797.0475086094104,519.179834843718
2022-01-30,2199.605447487367,304.9131644925362,248.7180316043557,1277.285286719293,549.6467528590949,127.74073464054632,513.4483954873267,34.88677333476028,611.5752108003736,420.40629649183046,54.46667870265506,2879.6298090360683,2089.7564895370424,820.0017329002455,49.031963561213516,299.7292723236986,50.53176481610093,4494.956890757294,868.5869221730927,698.6480534583955
2022-01-31,2440.1525906745505,346.0027751543364,226.1967099937023,1159.7391018734822,510.0321703893279,136.76874734534027,487.8462067037787,33.989153707844494,626.5520958984944,437.1149540742687,63.79623782554772,2368.3436286104766,1790.0066904266896,837.1861014416268,41.61242285180234,281.51687285079544,53.37405534575638,3681.3970024659284,948.7594605832594,707.6039697632582
2022-02-01,2598.8137279056727,336.1318272768259,250.48827405421275,1458.4503556550014,570.8262493142182,129.54123896669498,553.6409176573526,29.837729753282023,619.9459440528861,424.4375436742373,70.85975647079545,3025.182515323259,2152.307241015195,902.0661483689735,45.26854483754562,256.1525752153535,47.052014979725655,4882.547310567248,936.8008106083495,623.9708199509292
2022-02-02,2041.1124930833064,302.1985842301044,242.16325218398757,1279.7222524331032,530.8054970236021,126.41263322815448,641.2683440117687,25.60116281299903,633.6084404185242,431.14684387621764,62.07969218254281,2569.732787018739,1796.0075697226955,934.0529344336885,43.816213430514296,232.06604051201202,53.04266770965833,4268.406553939316,898.264179788101,708.6011633522095
2022-02-03,2559.454408189912,321.90963142552886,218.6164832333359,1365.651573477598,613.9760144762397,112.72902307086606,560.3790773960088,29.133272255564233,612.4134721631116,482.4212612243382,58.729201177569195,2738.4448174564272,1621.767628882264,978.4161474055585,51.16412439145984,283.58922689907183,63.69856946232528,4208.543632836023,872.0189294261506,770.9603158848053
2022-02-04,2199.2466175004706,335.1316320761701,169.21767261780383,1181.2182789329322,604.635601485675,115.7723682814136,533.2481841316246,28.614561951871465,614.1026879135075,368.9098086845024,66.17644263949373,2333.2583442018804,1644.0928676523195,947.9943188085876,44.0785701834953,282.24639859380096,64.88842886368793,4226.078171164205,774.1371408818876,720.3168318318703
2022-02-05,1860.6474846780839,275.3125761471743,195.11459103915143,1230.0878276980407,557.3903904086415,143.54268293543828,428.95303415674783,23.446604497248057,514.3514525262758,392.22439384945113,65.28548297486847,2591.4164447798285,1648.0134841438326,617.9354839280662,44.11291511550385,241.5165467894348,54.99821206107054,3398.845352036965,627.2356954106992,633.763019072499
2022-02-06,1313.8526583399016,229.6420653869567,151.3724118042005,913.99865117778,317.84624917325834,105.36217708742328,369.80420941152573,22.528503948518676,324.68094071504333,348.06289902748375,57.72861473230553,1449.3711670611383,1114.712240115317,655.2430311595223,32.73169036846516,183.86978128231476,44.93348997490578,2850.04531211204,714.701444898882,534.3239018074713
2022-02-07,2237.459403067445,309.7532195408087,232.1360145536085,1115.1476165076062,488.6793027599231,111.35175049650181,555.5292881569808,28.474349795610586,530.8671182300351,392.4041572095108,63.25383008441493,2254.3482184101804,1409.663413315914,812.5856721737562,49.20749569435557,179.1138392171413,53.84411475520974,3645.1830489440094,902.3816691814584,654.2427815651166
2022-02-08,2387.259417252997,341.4899587642103,257.5947783700261,1168.382482122452,484.5324805492655,136.98529213229983,480.1812868721398,32.81052889637412,483.74656291148705,390.769232542734,56.954479383984655,2423.8316109745206,1307.1970034310941,795.9763525537834,50.57408521999713,184.17689426081114,63.82736253817851,4334.414218361191,752.4920919258855,684.5951749544963
2022-02-09,2363.6508345208176,293.3120076661995,200.6063429513332,1250.6676878256203,460.69452397630204,120.33977674271561,458.70122655366555,29.88685185659982,549.6800231421528,392.3471262881643,62.44671211233855,2584.8624074824725,1464.9286765078014,627.2359324403815,41.498618320324326,195.31906787086456,49.36065072420675,4178.280586285451,712.5145812831479,748.7328733778979
2022-02-10,2587.2267625173185,286.75068268247924,199.28662831820571,1193.0745084046043,443.54611432533665,98.4678743231332,463.3284743912895,34.41910156643336,535.6271400708748,349.83321504753826,71.43542569009605,2279.502834818202,1257.8706673195115,765.6253159782361,47.67425959685713,174.93514288999415,61.70403561558864,3893.355039126497,827.2989061062822,792.6907099045605
2022-02-11,2474.0545107910266,306.8796564608326,186.54205602321713,1276.7732786923239,433.624789757815,117.36926275984726,427.22233760572175,46.64249815750796,531.7296843571274,380.69885432388804,46.03562111326195,2374.1155059655575,1563.16957064882,922.2861633110399,38.52614741626407,197.29622816339412,47.95589374589926,3606.472830229302,736.75977823265,808.2850549735475
2022-02-12,1933.536814083805,263.9002968430108,170.2239592263627,1162.4869345729355,424.93308008559825,113.23790450188078,442.19042318691675,25.56342772051938,535.0455203754274,332.99438094074264,53.11286900356203,2203.4670417895436,1956.1050132290916,696.2840622941095,40.57306030252852,189.97597203103211,43.19908974347007,4099.696475822782,679.3731281523167,624.0277988241194
2022-02-13,2433.6314713263723,253.04307859387634,223.94941812182563,1224.9691284481942,437.76699974263846,100.22927534507014,428.70019578165005,33.885465005606314,577.9849993736775,344.22395477814547,51.4252333004579,1994.1933667382073,1848.2578498169366,707.2298476785845,41.42873174513582,196.20733965664036,44.607897006461656,3603.440417574936,762.3376839527202,594.5829086255383
