,12532,11694,11716,11950,11195,11998,274,11407,46,11326,11335,12197,11693,11780,12502,11866,11400,12256,10320,10030
2021-06-21,,,3.6352460794144394,,,,,,,,,,,,,,,,,
2021-06-22,,,5.740444651443945,,,,,,,,,,,,,,,,,
2021-06-23,,,7.10112816289979,,,,,,,,,,,,,,,,,
2021-06-24,,60.68409595655974,9.154208130675986,4.130357813584672,425.03971964983134,16.496689071150758,272.77995621846884,0.42629609800516577,12.584624523805143,1202.179142366619,46.40910032419479,,41.21979041482468,0.6359369317389931,,0.07109873831670517,4.641604835777347,,6.996201576728324,20.035115346346654
2021-06-25,,98.95706382806608,6.192675675699274,3.2957005889015756,570.4960168686463,29.158174409189535,364.58713355841843,0.4227036971371966,226.1303544148342,1140.7132862858255,44.4806064616458,,40.61253720871765,0.0801995333676746,,0.1782275688579761,8.31812538312263,,13.516275202526554,18.225645053458237
2021-06-26,,82.55922609539158,6.069378297272633,3.127765960300838,634.2344459881893,25.274483850893287,315.6584088495213,0.3741039253513023,85.34627844253077,1152.503589756627,33.30682291861385,,33.90280085017096,0.04369639775593803,,0.13423544671065046,17.34464024424132,,12.098009781331282,20.16558944817954
2021-06-27,,73.16008176771462,4.94374109571278,4.241518887559293,547.1570074780489,19.31669191006403,457.65967084433487,0.8108219527223673,115.09556972890596,1174.3826862093092,35.67704963064618,,28.00448179453756,0.012730976911761128,,0.11162379415769144,21.62098257802097,,12.533615164159038,19.54242860999956
2021-06-28,,63.84750480065153,5.54901868039884,3.376978763179218,1452.9350523580133,11.457210059935479,683.4207314799897,0.8127069623020959,22.162801159976993,2939.8637412310973,57.13480406646898,,49.11453403725167,0.5733583278001959,,0.0845288059652618,9.808702050902118,,7.381481365327926,17.602964828750437
2021-06-29,,66.87551984685334,6.360147944825054,3.9777288297888873,1266.4797817992571,20.67906360711906,954.0874378604165,0.20601388392471065,17.51052864457644,2638.960397139129,75.78683026967639,,42.49425096102246,0.6140663740053671,,0.7239947652292777,8.673345297186126,,10.73399998648598,14.131034372141741
2021-06-30,,76.15647680973996,3.6406319961576776,4.788823282924568,694.0426283116055,15.429924309056807,485.9371907007889,0.03361269086163851,14.783999692474993,2043.7816117130913,46.29953334030208,,33.53931787038488,0.061764542112230814,,-0.02950735471384378,5.788498689920503,,15.086511128422124,15.008106309261128
2021-07-01,,86.88280858306248,4.35543046790183,4.14961124886455,839.1996791672225,11.405719140241729,504.5865797783791,0.00819036358660152,10.33796155732091,2014.0013611191491,80.01478365852226,,22.88296022267725,0.02817544324959742,,0.0481890286674809,4.839924912799669,,8.35178682296817,15.23134559434045
2021-07-02,,100.85593053932001,4.166169197586974,3.0084971983274547,717.1999259981121,11.375231911217563,519.0143182377852,0.08181066183139882,9.919165243800052,2112.096991724953,66.11545246629015,,29.38725405261076,-0.00031620221652642935,,0.18723449349728866,14.361802632347118,,6.457260836867716,15.42887835445786
2021-07-03,,108.1378733266686,9.00422646837131,3.0995555661812113,1187.5727026339334,12.224660291267398,731.3088383368489,0.1318981150305043,6.824320672039291,2004.2947710668625,45.26818572700229,,24.89742585614099,-0.024480096494095334,,0.09845548624246273,14.671783825273923,,12.277711955031222,15.558652617675605
2021-07-04,,95.24477056765444,6.218375135600252,3.621557450228226,2881.0203244367603,12.719118225739486,1318.3535082398707,0.12379690942794197,9.350411365684586,2022.5546977807926,41.42786649259174,,24.062090395972483,-0.044969726854007686,,0.057476537686830115,8.26326864171092,,7.907810063966947,16.00070073401779
2021-07-05,,76.23821013260601,6.3552457562310485,4.156987871124079,1925.8567546088107,12.170339413062994,749.2870294789909,1.190843107294414,6.763339927086863,2294.8573026646472,65.57833023724731,,51.22019289317588,-0.06233991254484549,,0.08203653625238674,9.05858107474181,,7.01473752993933,15.772078546476585
2021-07-06,,84.83545146879948,7.607302736408462,3.635078722624158,3513.0658810005752,11.381816413489448,1352.2859252726062,0.8655096586915912,6.376482450879031,2642.8622717206654,43.64293866244955,,56.376260596741034,1.0967024172649857,,0.10112132644382257,8.897733155206062,,8.577395553760724,23.901571204004938
2021-07-07,,66.12191076698905,17.664189751970245,4.41770366505042,1817.825806493934,8.684703422269642,1069.028628781842,2.4293129772556106,18.674169308938364,2498.1071700568227,47.01363833051281,,36.287617049013065,0.6233012624607923,,1.283799362313652,12.974239664593362,,10.928530484689627,53.53672543757773
2021-07-08,,60.996409655700305,8.768048256244082,5.253262623712508,817.7260134827104,20.70886009950583,616.7582402656011,1.2073695150171138,6.898893604290365,2028.8146799858241,35.109279674302755,,42.45239566740838,0.06981560612515303,,-0.1981174283175628,15.10324533463969,,7.10117828810766,63.699403537820245
2021-07-09,,87.69525141464857,12.895503116047351,4.895787960629496,372.0678400066229,15.799048173113697,351.56066018106554,0.432573033985925,19.577064778198476,1722.8989877459105,40.03109607592983,,34.21641460090667,0.035217001193657727,,0.05277341345219745,19.302804226807357,,12.264860602509481,52.10583006293036
2021-07-10,,126.26753228722691,16.754093882204632,4.215101466088129,416.5098159755358,15.470574648348682,342.0817644090216,0.3892646951489947,42.09399576027511,1627.9729701319175,21.91608649908976,,17.50809637886771,0.0058678310136522915,,0.29316296629539534,12.86227953001583,,5.691845707955008,48.50738916825751
2021-07-11,,158.89447134284526,15.557656073472838,3.149263306351772,302.28101011117343,17.850115005680607,245.2269274747126,0.39299963502307633,32.572798975091246,1748.136646761321,26.055530308307084,,35.410527910086444,-0.01902455178584952,,0.08360544527796024,12.41458280926972,,9.47506481882843,47.76626611355672
2021-07-12,,141.69312928448377,21.50617284804536,3.3036010297198732,373.98696544163676,13.228272467835417,370.5541892325943,0.5584331653318977,25.724908491886495,1316.5953323731949,35.45060594978265,,108.45821085536562,-0.040133115322417603,,0.06871208416612107,13.273942330500407,,11.170916446782549,48.27163592102425
2021-07-13,,147.02369630156147,20.37600432838167,4.125937089511097,599.3586579601016,15.379240482700517,659.1765496279464,0.4251152755562976,18.26045285084254,1436.219619076968,37.62715325838931,,134.65262514256415,-0.05802921842671891,,0.12995371671530925,13.738564985781462,,6.526488834990064,46.39756627978659
2021-07-14,,145.7855070115969,25.64367883685718,3.7498509429354288,1210.9244162170453,8.349748226981795,798.2976914681351,0.8280673782900296,7.50577479694978,1624.9739858041166,30.375753455709265,38.48559270385391,115.30127494333767,-0.07319795228441854,,0.1266260526946452,8.85022336624489,,7.671951036506213,32.848216742914545
2021-07-15,,132.24390615135613,22.027550809274906,4.222523915587029,3003.016945522738,7.523443279652415,1261.1452438027939,0.2543309617744188,12.65850449443785,1660.267521766454,33.58466564918737,24.7734314437868,80.31097748950636,0.5008207593487355,,0.05148009374275231,10.15550946579718,,12.997325160679187,21.944112579303223
2021-07-16,,109.34991968606255,20.39439395533237,4.02735254540046,2789.8271709068626,8.111589674885478,1706.0932891375062,0.5411550098651539,21.385656968916997,1399.4377394094615,25.30298749107947,28.53717297779709,53.63209643968866,-0.033965031852510874,,0.06517924041763205,16.455512621026294,,18.40985153884132,19.07640070057256
2021-07-17,,119.09629834619525,23.827160198858326,3.1310646590619906,1094.0786693256118,9.060114633454267,1131.2556598983317,0.6404351525657606,11.64911110429341,1388.9044073101516,29.661581879220527,29.165916378317956,38.12897838785483,-0.052691539352441086,,0.09537537689041203,13.570267057309453,,16.901795507815603,24.698559610487777
2021-07-18,,94.95810095256688,21.146942938181134,4.106492029130089,1016.2663817937805,4.327285382769917,601.7497231182416,1.2245552526444368,16.356591644637945,1193.0130306523474,18.75729176734481,46.153240109778565,53.79867010682073,0.518303079297904,,0.05035077667275888,11.049228773951398,738.0523791586195,9.729215874300948,22.547422974358046
2021-07-19,,72.36082712551277,27.074630526892268,3.350321332643544,315.0233303840971,5.117413866191056,148.8908310331594,1.5015276898490824,4.273943984201967,1001.4168364931129,28.871565384477716,33.3579237366439,52.08723411949613,-0.019045578182740552,,0.031019286355702825,8.552132582378738,818.8586418910014,11.789740215360759,25.02361920449942
2021-07-20,,78.19259414271481,36.12452260752927,5.154398680046002,509.8741444456279,6.0827764452599915,366.24453264448874,0.5214567763461213,6.106524702421845,1203.1982141316291,21.817343378355673,36.271326223210075,54.16836636394635,-0.039949602950796415,,0.06045704452032099,6.484082405977216,810.5342024388516,9.022682094928282,21.667857363571752
2021-07-21,,78.98363346546729,30.438142641721253,6.161922635143869,291.49842287388503,6.193935653517846,309.66945681690174,0.3755101079788661,2.9793598329227535,1105.1310605181625,16.915700833397516,43.24134355575089,45.46606017661019,-0.05767247373036939,,0.04791761182463108,10.164448331789918,707.8306163819136,9.812673681651413,25.64861457378032
2021-07-22,,79.66778881103451,47.330110672470994,6.33032047267299,308.28307444651614,7.4800303178288114,263.5053034821844,0.9063013317000073,3.3849178106497355,856.246489162133,18.123431688847607,46.6545132082381,44.9081979028018,-0.07269455318732874,,1.2519628664664098,9.179372706839306,627.1709170705225,9.239378335533193,22.314835850439117
2021-07-23,,69.1654630218505,39.13357524116592,5.709218029393213,606.8994621884009,5.623441738661704,340.38478242161455,1.617511742479726,4.500654411907096,897.0030761036414,21.64661276045454,34.93547828069107,34.98102972212049,-0.08542367560227947,,-0.2066607536941129,5.564608640905206,540.6459334972526,7.598893389346896,24.02010359236598
2021-07-24,,102.10012357469233,41.27047012554293,6.187649592252772,345.09160312091484,5.946076495070592,314.8981613223252,2.343207477696761,1.9946315738011915,841.8483309338812,13.100555407813738,32.086831624048635,44.440633635252404,-0.09620609767556465,,0.023894452817801535,5.1721457122264685,594.7279449085449,12.789314261075145,25.657478582336115
2021-07-25,,79.67655101025514,37.75803240633639,5.245547078373214,521.197333717765,5.903986409314271,454.6037607756439,0.776587940331714,8.640222653397672,658.7855049211049,21.72902437233948,34.45497200985435,51.78679643607836,-0.10533579590809747,,0.26261378719839695,10.555987183706522,614.5258955473905,13.220656608482031,31.569642740193878
2021-07-26,,76.50780669554392,43.22469012827936,6.247579719098162,1023.7020383859856,5.163916612835408,456.20609463085776,0.9212388234811301,1.2174364879075306,817.2955792304926,31.016586601607948,40.33442119964017,33.99926597987668,-0.11306236020295103,,0.0758712174797829,6.924393439356816,722.4712183013356,10.13030124311937,29.097001701099465
2021-07-27,,86.80962275769727,49.199742987356785,4.83012053738503,736.7366844873086,5.5845862354929725,498.35477487907235,1.4932898631833853,12.058027081665635,802.0923406495613,24.665776840482383,41.25814760250586,43.558225200258036,-0.11959769563957001,,0.05657406501732069,9.779665442236679,756.4528319047133,7.329339737412118,23.689317530192156
2021-07-28,,72.2420167077618,41.21380682869508,5.917234320719946,534.1338737313683,4.734101096449917,509.654767974306,0.6202585848762007,7.86425764547328,635.9782224930624,31.111386307142674,28.798562393585527,45.077371345721325,-0.12512171237055666,,0.10668998723474894,7.886714424623604,717.3751244217376,9.767552626294197,27.2184066310543
2021-07-29,,83.59381478060159,37.595968460080044,6.665465556286854,715.9049259834931,9.91156755536921,307.72481317597584,1.6019981162008254,10.286651352389718,547.5357706707317,29.05856936972949,26.291290786280076,43.711082440165825,0.457069382678027,,0.11633856527841448,14.252244164916132,649.6344584041792,19.87915577571143,33.01670118609269
2021-07-30,,76.51641298882461,48.67257455489363,7.142479610280189,313.3478828950084,6.493804426403965,291.4284313445195,2.285383820465813,5.869792335548411,472.68845081600625,29.075271915391994,24.607734816608442,54.55260081443409,0.5160988787728256,,0.04731958736165703,12.563782153854044,643.596971776939,32.267998177783554,28.804100927656805
2021-07-31,,85.35663026633632,46.74624485776296,6.618832179844974,159.2149079017483,4.048413943722684,202.86650771728608,5.804858544974463,3.291215775938795,357.6896098307674,25.32523910417754,25.093633164126587,57.381610875124125,0.5662395533428004,,0.6676040424842837,11.802211966797742,598.5325237892475,13.865393463936934,25.026357080925777
2021-08-01,,74.5687641508609,58.90369722200255,4.796999948573676,131.5298353099302,10.770875158160514,198.38244838715568,2.3320330585532703,1.0251651099948607,268.87997619026567,29.8201502388932,25.51816624845129,53.396105551638215,0.02198014590779218,,-0.03535971632626331,18.40057528035512,674.8570809553702,10.69884440926505,29.121228170192303
2021-08-02,,67.31446368428391,61.53478562667056,9.561889528993483,130.37895397099388,6.5634267883182735,141.03920504340243,2.570813153822512,7.255446987725378,385.8136723569024,29.43264337807195,38.721298691798026,42.32134605621992,-0.004798050751056715,39.89852786991861,0.04031865528083292,13.002216692452052,801.1039247210778,45.802822453931334,30.21556029771394
2021-08-03,445.970627875476,88.53111397472408,61.04390898901974,16.141454144035123,202.5976472542286,5.391295889258272,155.77005080290058,2.25324197328093,7.437413207348982,309.7602102111917,38.6699861642621,58.375301392738514,42.85263813487021,-0.027508841869742437,44.16082847502108,0.14706364497764374,14.842279610323997,975.3893549970236,6.4038385489597855,29.94064657795337
2021-08-04,359.7303809601833,106.784127084686,62.793093543395784,21.45457783652453,144.7381517585016,7.708991622674844,85.88743200688836,2.8198148178727287,5.375608045304038,223.6292528291535,33.98673653341001,43.86430600715291,47.78998143419874,-0.046766399207594435,35.6533702183018,0.08118903272340548,10.328073011373485,870.5140940999462,16.874861887315653,30.87702624675866
2021-08-05,394.27516672765626,166.97866893360123,71.35959191181168,21.131019804251338,122.81671266140238,5.404688382103184,106.7683718640374,2.7850660169537487,12.246489830365931,218.70055149194346,41.130073730417415,51.608621673754335,70.51780618287395,0.5237568509837829,32.2682121437852,0.6761038006323832,8.292820987968579,801.2549004310615,11.015629880307204,36.57083607684194
2021-08-06,293.19650467395775,178.6781144683591,68.81151896270114,18.556702017944716,161.31296141982438,6.344782717986082,109.69117781824245,1.9459273607729166,6.83450014429118,223.15085394346045,34.072985214950876,47.828309097782466,49.67799943006121,0.5728831272717586,25.385247060380276,-0.058253698535323334,12.602949264421232,683.8437100737341,17.099323066924022,33.71255639902979
2021-08-07,497.95734977043907,169.94937405470066,65.4504726621974,13.406970314017112,146.00600135897247,4.944944238300341,160.0372250922949,2.330093538900916,11.37001763002512,213.90855503065265,24.342831673073956,34.98600435941963,51.90298980969582,0.02776861045823753,21.54362480715565,0.07234985023175228,14.424869891791822,682.1134369793872,30.342696504161037,34.82332196356889
2021-08-08,384.67707740754287,150.27694963245108,73.76869134812821,15.017924199856036,100.82125187878648,4.621859615597885,75.25827968137844,1.6265313825438996,6.223664704764978,173.3161093770471,20.662294361389087,30.78959553951943,52.908555646784585,0.0002613175921323263,21.559976041373936,0.1739865798757776,16.754206938207314,752.2022600568857,39.24583647393943,28.03147730583086
2021-08-09,510.6827681776219,137.24752681289598,79.66903471314876,11.638479831358039,97.52724795382971,5.804954150246642,82.7033921263869,1.3403626569000435,6.716337936518734,194.04694025574827,30.551945356843895,46.78103335853979,67.07117982983331,-0.023068785553045038,28.88882822229743,0.06452435244064691,19.578795938569396,951.8548921682843,23.998793122756695,30.009105410083865
2021-08-10,449.2735992718682,188.73760834625432,79.95852677415749,14.221432093051337,248.48617247632006,5.167762122275044,194.56363292557137,1.2197941658211056,9.8511234550156,188.54485278007428,41.153605820297955,30.680735771690568,64.81985253429332,1.1308349653601906,23.913329362316432,1.915052133645226,13.163432158691883,837.4873815793588,24.583474281953237,32.06325546456886
2021-08-11,371.12171207978975,190.0174685045762,71.99961685591603,15.40091680860678,126.26147657445209,10.565794315926532,98.80849265676899,1.0375053589236658,10.287794231878607,141.71183145749075,25.164661251720055,28.905934330264312,70.54325740029344,0.06629848175367092,25.314984002703767,-0.27014632886990797,23.63800593841548,834.3884850047208,16.18006897958173,32.07099995055812
2021-08-12,330.37638183525866,206.76229620358413,70.30960615893584,14.964071881158361,206.52439582349896,6.6669347757523845,161.76310333975616,2.725148704394499,14.88396335851549,127.43078230849414,27.20398718644907,30.964453323226913,63.308871508364184,0.0330693205925624,14.723829617682796,0.054018782391441644,21.09253592307188,717.5188003685781,33.826155407430676,26.939205634406242
2021-08-13,195.2541169981752,200.53992288447256,74.41825194246466,12.766856495993032,213.6916275953621,7.130162773648121,108.18000847129954,0.8865476642033987,12.180818761291667,176.18506139333235,27.71025492551131,28.21034990769303,61.02994112403306,0.004881074422939788,28.21708710155957,1.0291230664816071,10.661580656885057,734.8219686908153,26.260440199972752,24.9538786361004
2021-08-14,424.33041100188257,181.66396900283962,68.84380142839233,11.890088818564282,210.4010508468339,8.400386858585136,68.94819276170055,1.582996247547799,18.339348050349,107.33908091688934,25.005017438511942,26.37086897602894,71.79808796843363,-0.019027412794872956,20.240429620689945,0.022911334448108188,14.679004205516073,697.4213879321477,15.975241382772051,27.3396390227361
2021-08-15,271.63908095762457,146.42919707610758,67.79377043996709,12.845407554760772,159.26484670109403,7.398199586703771,70.17646036397316,1.7700495026731258,13.999843598860355,83.87453404958427,23.951156942475386,23.33850475422632,84.10969417157979,-0.03930237298457922,18.621932532003186,0.09444244086133664,13.495832919615438,835.526071824305,23.774397749135886,30.129951202297065
2021-08-16,424.50307200828775,113.52481886583325,71.20931117038856,12.070018734976909,159.4870334764968,6.920027796343218,105.15358021588536,2.3665744643286475,15.949748254732686,81.87742064196692,45.29331651536279,27.06190679046312,96.34778069290616,-0.05649246590471515,18.98444503287314,0.2923226960164908,16.566746855105396,882.2599528782325,20.57197607991432,33.834711232960835
2021-08-17,289.73272896260085,164.60300162429235,67.93677957034612,12.558753521484206,169.3529635242336,6.7135439671022255,108.42964355784645,4.347057658321714,10.70227958582727,73.7049277569894,30.787297991561342,34.61477033076322,72.33957508749913,-0.07106351119388345,18.891710401408403,0.22231589756742032,18.02804360128228,836.9840545342231,26.920541784484872,28.657834627361062
2021-08-18,170.14756591149816,145.00137860045317,67.61697711591279,12.645179913998408,105.66723220814441,9.506715439910492,50.629231399526866,1.4215922147291997,19.50523459531095,80.84807064462638,34.65115392207148,18.841011743100765,57.23709183132636,-0.08341099608026468,11.431597273118179,0.10121281781090985,15.931401431052972,743.112353270773,25.08367469709429,27.162931634269597
2021-08-19,200.83334027384836,196.69001724904575,69.26358750742547,10.830844925643781,70.43452738884534,9.185591981756183,83.3012966172969,1.962144928201843,9.623691864239198,40.22191544655634,37.731758801180156,20.17457870463881,66.7373778523475,0.4929635924030471,14.525821627094682,0.12786302190952034,9.75505487893387,667.5428343966845,113.29196336445668,21.858285331314306
2021-08-20,149.48710936623726,203.46417377048311,63.44111919848912,8.951796924399478,148.75797482991564,6.862129519428194,81.66765536677337,0.9545216629819979,15.412497388142725,44.561971577775374,42.381540409587956,18.161093222676296,93.68934241863124,-0.03976974844882397,14.81960323351812,0.18963767878701507,15.849633000824607,513.1322207054772,213.71568507499728,33.6715914127297
2021-08-21,154.9414783331211,225.6549861075678,55.28157769042916,11.906632181892608,43.686016721078786,5.941860278799962,80.83569030735413,0.7639074884928887,7.735481613949652,87.20501842293763,34.64372040853981,21.240548469344507,81.22578089690212,-0.056771820125146144,19.0041949136331,0.7164715511804793,14.056909502004793,517.8379175086988,128.43984841368393,24.509586446186262
2021-08-22,145.85689069575866,192.51447012548743,61.71193692607178,10.99380454712487,64.33937453998239,5.654677513168147,62.57605036771895,0.863261083297777,3.1729549620418,78.59952976187782,38.516243273837276,31.93993412051194,75.56122393761176,-0.07118347131738025,11.708508216619133,-0.05905782108656407,19.19831290571664,569.3773573646175,133.54894825333514,26.449048711383785
2021-08-23,337.6234267407292,214.4822985581017,68.40167138210026,7.60768746869084,84.8369475714762,4.791700164811951,109.32596069906225,3.815815205688334,5.098079839274481,69.29807445390595,36.1163191624302,26.71910526754892,90.01423775636101,0.5034342904671631,16.436282516918794,0.1120432797246148,16.107785206743166,619.9766934094954,79.22023184494789,24.073380048426674
2021-08-24,104.40380643574738,121.32174471371042,44.91914308574003,8.475602359581035,79.12088655895897,4.6236013153377336,32.62641022278267,1.3444054568548789,3.0441781302769364,37.188160996383644,22.311248884608005,12.29467727720808,81.30571477454643,-0.03078488031989557,9.586752653587304,0.8346658797895962,9.186039554162118,431.33826344358556,25.889749701115363,21.498181051139085
2021-08-25,178.26089507755768,79.63341583591011,50.832229455854645,9.011036465144594,60.22236130910702,8.990429016309491,39.10601413563143,1.0251418462125121,8.953899158737077,71.46204795566375,31.155321626991267,21.71406285494792,77.15792346507473,-0.04905042774904478,10.026595647236366,-0.052151686914239576,13.729207438362057,489.39828511667145,35.589267015746074,17.18396923744809
2021-08-26,172.11264967405563,58.0794720923694,54.40851052289863,7.763441413320379,64.5596378055161,6.644314509799851,117.94690776188658,4.722249213830199,8.25977166381075,60.75036048048731,42.691002244039886,19.522651098778127,90.69546058782359,-0.06453497609589304,11.950549019841802,0.07051988040377202,21.402707768452725,465.77825440998583,44.986876268243755,17.166208794505536
2021-08-27,131.69578474649543,14.713377331761706,53.72300771930548,7.916829252858456,81.1377559371704,8.483099213809723,83.24475509007942,1.9101067784713535,9.417313670234137,36.88572990501614,31.663679139019685,18.341190653845086,94.78679837970577,-0.07765846339123393,15.46893791728791,0.24567667853239933,9.171989535364997,366.71253120873087,19.99190396983,16.900492495522446
2021-08-28,212.13479272030966,8.565615643335914,48.852709910385876,8.341201541378975,87.0269732780836,9.036980556529981,79.72375077727757,0.9750462459517324,4.649588093221991,52.2967067033353,32.296652267513004,14.062153462445814,102.42451487532584,-0.08877742279584001,6.764348099435541,0.11876079991630796,9.934220271381008,451.49975195959274,23.275343695544898,16.209667359320566
2021-08-29,183.66782379942546,10.184509323978467,45.60038893601624,8.417379762964757,27.103061961629678,4.828154605636286,74.51891978738742,0.6817455324926429,3.5115908460724223,46.21234414659311,37.947060936174005,15.072700049672335,97.83637090251412,-0.09819455584799189,9.536959231798164,0.06005318097589336,11.117151505456995,488.29402099083836,16.969585343234844,20.070521233196345
2021-08-30,340.8645795845391,10.101525689788176,55.231879779419806,7.873033253795613,102.19145397343972,6.09745292586897,79.79571439073825,0.7266207146074132,8.346749779600827,52.56672159823315,21.954195109720093,32.787286022211,92.72826542758872,-0.10616686028409579,9.106649416638078,0.11631775550102026,27.236642067446986,549.2181644310739,21.22096981291488,18.511604382758584
2021-08-31,335.2801022648021,4.717523683209803,56.527306930354,8.124549237167834,162.89916364109297,8.31315654429504,76.6671987067894,3.1315401447235582,6.335854902381467,114.2035755495996,26.24915825386077,46.92079613413799,134.67461670925553,-0.11291253067180423,7.619212806170896,0.12797138129807228,14.81965220884912,684.621553427924,13.182301155407165,20.521987145079432
2021-09-01,193.55618675011073,4.003362670942749,49.67094049949454,9.528027797453614,31.360367412012494,6.585024563894892,85.54591047123498,2.820371156540493,8.704818015397954,71.15200295407558,30.764784410303005,24.31965588487961,104.19091263941718,-0.1186168171439145,12.10748395210198,0.05091404452986062,13.19356724558886,575.6436683687713,21.566453651205137,22.783673315837007
2021-09-02,187.90396787286653,5.188701278620169,50.42238754390056,7.0042854380255415,90.90176723643955,7.546554805210681,76.02870139029382,2.1878338431157416,9.921460036294654,47.666562435581355,30.25754352875405,28.489371933856717,122.8956998840935,-0.12343699954534802,10.709596358316885,0.055006031759023986,11.569129751381249,515.5754784626382,8.85328775834056,22.05665579269976
2021-09-03,147.25091596117144,4.480750664567023,52.14205834607484,6.4348980999971594,75.9985609013457,12.499187320935063,56.279468281849326,2.3404883823458045,9.69058167541882,54.003452546814415,32.023698917841685,29.916671487764134,132.45632817069037,-0.12750661055353207,4.842948211481328,0.09245141932203398,8.348383598359007,445.8152775426336,37.06262213635017,21.89345647304144
2021-09-04,158.86517532784282,5.118480120562925,46.526760768179564,6.558261009041506,18.67119901633842,7.968317903103433,19.321775563528707,0.6959336499717208,9.375009419440957,57.80085662456994,22.555142724142218,31.51119216258149,130.20363352521926,-0.13093902116674463,5.043136180454596,0.05245087113373822,12.389088329395701,443.0007091158522,14.653197981716971,20.10585290686347
2021-09-05,108.44231979950897,6.876586603230204,50.80826680675152,7.574332385753055,178.20190830316585,6.593851404675858,44.377568799962646,3.3042246315001598,12.676992099087581,44.85145522384078,26.403293487441495,41.21047808982452,111.28185835642692,0.4529864773771999,8.15336518925595,0.025849582518500804,27.438958612299878,509.4144992682395,36.188715265529325,19.974175763158073
2021-09-06,117.36085156989066,7.776938622482603,47.60590081265306,7.040928045151981,7.2902852439576975,11.170985960218989,40.43132221106437,2.8589490183860238,4.312880475089855,35.657923409464345,27.280515648041312,29.185131509688055,111.42912621755731,1.6871359364913583,2.954636735810606,0.05560845821948819,33.67538559834262,556.0128913460785,36.45277593452683,23.91444304280664
2021-09-07,113.58914616787075,9.125894969697786,54.05346474518095,10.726570163807871,179.4978205206492,15.887008756051065,293.7837312282817,1.8588261666493453,6.624420062126752,66.97635663546438,36.13526529276085,27.007746032556206,160.08063534334974,0.10399207513229758,5.893661255522718,0.04929944334367199,24.112744661405205,831.4503046337159,28.980517305894644,26.695434497978795
2021-09-08,264.16704290133805,10.549649207312124,43.59895526196238,14.472128477784509,-1.109396428015188,8.412759450740674,41.553132123523085,2.182112980815419,7.933162121432204,33.535014950397766,33.51932704573605,19.57097318059543,155.28522733151942,0.06569721925005867,4.528732119765781,0.6341420913408603,18.547497074819507,904.6791627912835,33.191778569614925,21.627773691040588
2021-09-09,294.9946235178727,7.927789497106956,43.25980061863429,14.516692518915688,88.43692383988167,8.496352573643662,35.52824093561637,3.729026174084029,4.979507761317251,34.45235397600572,40.78597976895617,33.97498101387881,136.99268863221457,0.6200198300789428,13.493616402840509,-0.09157643231355797,21.931443263297368,755.5224504142052,15.656738989151748,23.139827393020973
2021-09-10,146.19830667449256,12.691081505807126,39.706102891502915,13.459407782572812,117.33194445875908,10.696478339437736,69.26674910527626,1.6077983588827063,12.93190704211736,33.268201437318524,29.264538273869412,22.400637524669406,121.58471674621126,0.06859367678979178,4.917380848970176,0.031289535712966346,15.040497581800196,737.0571243381441,28.519496149017584,25.69501526416303
2021-09-11,55.402781822094084,6.9321906416144365,38.012974864027846,9.69943016189173,26.05493901727884,14.763194607101086,41.9256196903397,0.8959886552685643,22.87813099010033,27.713633946901396,32.83721066490859,13.732821609820924,131.26801560693775,0.035710902369963826,6.190779673054919,0.14046302976317282,18.492421110201057,1817.5894542635097,22.470452853888453,25.246930074312594
2021-09-12,130.05057294329447,5.771998561812463,42.8875412855633,9.67746773247353,131.9383499258688,6.38768358426225,61.0237206893994,0.6707439951461511,22.41253496815061,49.53998586421113,20.212846225172918,9.540053659986903,117.62310139308053,0.007815342048037535,6.29565212629705,0.04278880523154806,21.900038041516666,1209.4177081174298,21.8743405293319,31.280079286397502
2021-09-13,36.60760820358695,8.967440868807959,31.616305378944865,9.317997242733105,14.014449275552792,5.708903381409438,32.12028388043953,0.5830984632672033,16.173531944581235,26.008135004814967,30.06369042572975,11.322260274190121,100.670886498739,2.3313900052973056,10.819263443121892,0.040353553390327535,16.21222532056468,1145.5026019463644,11.642958651583388,23.306354028976312
2021-09-14,101.09915102582828,5.533935676440474,32.20836859012538,12.306404273234492,43.44667252393869,11.473692392065193,39.23367040529945,0.5406831123077294,14.885924163907347,41.721743602976474,34.757631108787564,6.687538631973889,122.67820469672971,0.2158773459393375,9.111638994180101,0.06277021360695813,24.068560227429057,1099.2091796146951,16.96680610180608,22.157055312415995
2021-09-15,61.69644441430096,6.661587399062882,36.288903566414255,9.652588625169278,92.93019583488629,5.149300401486524,72.33313612952814,3.623765479144863,17.896620279881347,28.89097395601553,33.21273359675132,14.749116285186929,143.5332292310898,1.3344602414151803,10.873549737771775,1.9105461058698527,18.339314648987987,805.1794206864055,21.455572621636982,19.48544815832892
2021-09-16,120.2724337417493,9.383831478912745,38.39773208578571,8.660555710115506,48.17388334277385,6.946455453364581,32.8041141450471,3.2232844065283137,15.64342024481978,40.82623694909414,36.52249368041626,20.75728090581286,144.78085271150223,0.24003943267740357,3.639487320563436,0.2878995033807795,9.813021056058641,960.1733217268422,35.61001441856162,27.661773817259032
2021-09-17,32.21738313119093,8.88417058525103,29.28789613051903,10.999267747358155,54.420242338058394,12.675883357775529,44.89194609161288,5.828691482009631,19.53184835478031,16.741732973870853,38.32542786421375,25.851766021326384,144.90253800522962,0.18140449110020107,7.587557200890458,-0.10911036142757269,16.873507137824674,1057.5745014124304,27.54468547401816,25.35336150029921
2021-09-18,41.821486871545915,5.656112848980378,32.28334648982099,11.40411623797691,26.89384463056221,7.83525586582226,163.32586280873974,2.171354772621541,21.006234887849523,26.951269885561885,31.521213806863564,17.061730558803163,105.80110536791148,0.13164470260884403,10.864130090083727,0.4053569631746975,29.47086258538732,344.7354987335353,12.070031938184066,21.650224813004016
2021-09-19,53.52250047163045,6.709602680362282,34.93518308965156,9.062000540669484,51.61532621147862,5.209577935858045,13.597912386333547,6.38624042257714,13.938859381625782,22.35613406768783,25.205008548682457,22.735134076686343,94.54354527673873,0.6762231372967784,6.912999269459085,0.2403900427410871,26.71417604041053,502.46213438564905,40.47167337447135,20.35562937650775
2021-09-20,50.83082334807984,4.918675917407239,32.61766231975241,11.03338789282985,44.01496060322997,10.35063948235473,46.956077362651705,5.681708292991909,15.101044262907905,24.16168543032151,33.05578595178349,17.845299395195763,103.97823558841918,0.1165377185687897,7.879759490834211,0.09220983259504138,26.134199900428413,541.7148666285534,38.506770748392775,19.775134721999624
2021-09-21,46.36563592746684,6.062207988361898,42.96834674687209,13.16396582954484,47.51119036807912,6.090663805548729,51.39037797255061,3.5441634147111163,15.932140170792593,19.225833318446423,40.971598182958544,17.467419812257916,124.67343502657994,0.07663798837941693,16.713687443696074,0.7939854947432352,23.85277873635757,601.8730031389657,19.035948433163878,30.92445662950731
2021-09-22,43.5162722457421,4.270875869187108,38.42930879247059,11.23010628842186,38.58796169247974,6.225063921250606,46.99307734778477,6.161265911355925,8.729041735545065,14.198665521763145,37.8416112183759,12.847885350799853,163.21858294626838,0.04278449089145034,10.098299876316613,0.1117797870164928,28.270409595936993,602.4510887330214,46.19091562205441,33.121123508489475
2021-09-23,259.9105452319881,8.69332327331725,35.06466640690647,12.371647587678602,96.3173383159546,8.489210675035146,78.92519813580283,5.959078088083625,11.506223443964647,24.281520245008938,47.65018352778186,10.202353159315972,136.64796813660416,0.014064289474441148,8.820405356397274,0.10546495413746779,26.93024779900319,631.322015353662,27.082599755165333,27.811852138969293
2021-09-24,57.96101869700814,9.75784112437121,38.50411004515075,12.996046820026551,67.46745326964515,7.390456463254901,41.23484148815121,3.539262319890284,6.816067032198102,15.95153853596442,48.91847388868939,21.05410729565751,130.91498318939486,-0.010297712088680022,8.179285569497925,0.8243681412311172,29.57476540792704,558.1961009687917,45.37162713373037,25.675797490762235
2021-09-25,37.13599056720747,9.491494966659937,31.888071108066036,11.926692971680707,15.816475508048491,7.125759912454347,10.81944081999173,5.8796253774824105,14.307113683660376,11.335369073352574,41.758285255997826,14.640605042193393,90.06987434797381,-0.030959581528709906,7.444398752198492,0.06466350176723765,33.4040823390583,330.44237491407023,31.778969061547592,27.16110438576219
2021-09-26,54.523628623320576,8.223841342627853,27.234186343168084,13.019637708578712,35.19433976787266,5.398892094280562,51.21246943551246,8.39636185454502,9.791700265477568,15.84328132958908,32.687746069552595,9.708593811764825,95.61038179416805,2.2987054226095047,10.567830127825285,0.11629352931797654,42.728130959833905,458.40730781106043,44.095394175960266,27.994585371872176
2021-09-27,41.43952332135961,7.86456653571364,29.32585583600702,13.40497344458917,31.66583235756912,4.682154335981759,52.38015188182246,4.3097362554374605,11.381986607682457,18.020742223516315,52.06490108543156,8.3238581137816,120.053465415413,0.18843563211668002,6.023023749170034,0.2147747643629438,31.551551922605164,385.9553647097773,35.002661127318035,27.439051330193738
2021-09-28,49.9047943784057,6.11499229079345,25.678808286939184,14.06927941954692,70.23095980876933,5.463996400869329,65.94016872787972,3.083818015035928,14.815236979045835,26.01797532117805,37.0526003427738,7.228321644918378,137.4012226646518,0.7246275825973165,9.583990831100355,0.17102399408272453,33.14266319977825,453.44077306993813,64.76902317416939,33.99789852099672
2021-09-29,14.34122484744557,8.147825977677329,22.091893895263382,14.824120892643565,43.976463664027,5.273746200398691,111.92991541786051,5.495189245307902,14.414428885680916,21.041074596642694,41.63879972151455,13.626484897518246,133.22284588707817,0.15783400197798025,6.23703753969329,0.12380177243484729,38.1287484289843,344.0840131254551,27.762700732680234,29.621724286773162
2021-09-30,29.34453180624753,5.578537054560034,19.68668920373611,17.436614147477748,36.30122854156898,7.027338852972058,32.65373125731284,3.031416808025954,15.55998955319215,15.24474699930986,37.01233583523036,12.204731712765874,134.57201133279503,0.11189517303773466,9.311975185406613,0.10151763511213553,31.143375643687605,411.6984784712778,41.53109427986093,27.327354156093453
2021-10-01,21.03306245660017,8.371859763708539,18.297808677000006,13.150612518422005,50.74102379231991,8.744376787755064,32.48657928081343,3.6482869893151557,15.054214687842112,23.824438104460256,43.84121979874617,12.398935637549174,140.87306673875173,0.07291400682233637,5.351243080314223,0.751926232731244,34.62600233538197,320.8538578931369,31.15399926379679,24.527705936207557
2021-10-02,32.34766854729762,8.036680120899288,16.164876530954583,12.540906980340893,12.3983453792844,12.101967963209654,26.751551257474738,4.626933160299826,11.923769500614242,12.848781963212364,30.60534634254255,13.651608906223972,105.49014472034705,0.039839955747379564,6.824395940791376,0.6005113599698202,28.678274693703294,290.324447188671,52.283807779918156,28.593373073644436
2021-10-03,5.560883041358533,6.233834571847789,14.200581962313935,13.221531762011274,72.87594950313553,6.604640471731318,35.447437596248896,9.689327978745258,12.064164761180876,14.53217974918918,34.54324409795509,9.633552938168503,109.42652162308671,0.011781089805225199,7.836468691446427,-0.06414713436201788,27.492509053043243,338.2656121851913,45.81918075823246,25.2473273736729
2021-10-04,36.655178326863165,4.524029399100174,14.754225811637047,13.574346576149454,13.282469059449824,6.228792399216176,36.18446246864492,4.960852382969183,16.75727353910267,36.5358928983278,34.094119071628384,7.421663351076951,139.8846861982244,-0.012019852399802427,6.4362616639375645,0.19689092454271184,46.51765940604764,331.1986746073964,46.04704136485463,25.49946183663218
2021-10-05,62.9889190010894,5.726863300561046,14.622138541272612,12.6973903455164,29.402235076458904,8.856988981308378,46.958659529494305,4.121587091109867,29.546118610245685,21.319207870551075,33.93613129034962,4.747559935575371,152.05409525039505,-0.03220579666675262,6.6157720273288305,1.4679482081639441,42.21859783461661,380.3490389366856,33.65413722500095,24.110375005528923
2021-10-06,62.457016393546525,4.120269408797451,12.7671522010478,13.04946184438554,44.75713369733821,4.999449074366351,31.70145570214168,4.6468874365224195,24.424392345977992,10.196759514569123,27.93165564013605,5.8056475460585055,133.99957684764397,-0.04932259622054639,13.705078986653014,0.46963860224455256,37.843471985840736,280.01864765688987,67.14194226581665,46.127352193462585
2021-10-07,58.531834295165034,3.6553753953616313,10.65766097688077,14.912711273705535,81.6679537781637,9.251693281722076,40.29110280867696,7.07425663616282,43.04546935505141,19.7561248390448,29.975716874576563,3.552323267873445,139.0505953148382,-0.06383368826658889,7.443673213406299,0.5871693014815715,36.801741788187734,320.5697844871446,32.518532235395845,36.179671866950656
2021-10-08,28.97068852523039,8.945083750796686,13.454301320872458,14.890004165545207,13.72830749246021,10.704554295263891,40.846399266524216,6.597273613455536,18.110432246718304,31.057377748442008,35.30392838504617,4.949451377155539,138.46410286436458,-0.07613253761678983,9.884959527100847,0.27555001288638925,30.98280325042292,249.44925569878524,43.13105147300098,34.87785810166578
2021-10-09,43.359033151652625,5.510223213839209,11.537821589536481,16.061949458378546,56.0361117572833,7.949580782462972,57.03744702890559,7.321395151196616,27.983470681320938,15.596712619148308,37.11865441392269,9.212297052334229,92.77538418707434,0.500230830948933,7.328529024986818,2.7512882536613006,40.537561876081256,284.73945653127055,60.553990625422685,31.674550347980574
2021-10-10,40.82113244076748,6.3515200090085715,8.958749241337717,16.724540081443887,29.400147490171015,6.375187549841325,24.696964110334687,7.032717176914597,10.154020993686743,16.001973904646093,25.967172875584723,7.317397772736325,91.64866773929745,-0.03244213766684012,8.090502449566461,1.6145821080894778,43.542970225628885,264.2859152487654,54.13756469585516,35.843870177026595
2021-10-11,50.2124307756436,6.839004561772725,7.319809269965681,13.167995935409248,28.34141726126886,6.564197666472185,34.055828956157754,8.51033295081285,14.640547722642665,14.507011134047314,34.48791036562588,5.4769720686028736,120.61891048718233,-0.049417053171094405,3.2439005086679984,0.45561055590574806,44.74830792304562,302.33892569161463,78.83163170425529,43.427718249533996
2021-10-12,31.662481162512574,4.330101310784337,10.88877871423831,12.210252048779475,57.33768433799457,5.672325611622901,50.97564889836582,8.402498430699127,11.313393224799437,13.50773414384058,44.89208361591562,3.6910388250937958,115.18414083242234,-0.06380788866682112,18.08037196748525,4.307165199480885,37.912847780611294,284.8632234834391,41.937673643378254,33.90854163782192
2021-10-13,29.349117632611957,4.8328522407726595,7.932158310913189,14.2139003684005,34.34112510790999,4.8311342803908115,47.97912659940464,7.905435298673796,23.72665047826273,9.387396473721033,29.96584104640599,7.524307308475721,112.31954649835552,-0.07600484280425168,9.014413335320825,-0.05947681940718638,37.61467753080416,247.56747504540874,59.194775760645804,31.8425174262305
2021-10-14,27.654540563898035,6.503206774712045,10.710441605357518,11.87962755970863,53.64201008762668,4.459026420318636,22.887205447971112,7.900761505897423,18.531944528779,26.558392361356283,41.328135021910235,8.2003151906884,126.70092647257533,0.5004401729761301,10.002218115316815,0.3821380862907627,36.43589424258691,220.73206877863487,42.8801382207421,28.396118519030388
2021-10-15,119.18259434988585,10.503823659562599,16.56512334238124,11.812062234630789,150.30838395892755,8.708465571275266,283.9492281337692,11.810182618594839,23.460733542212786,49.2720702772169,49.641568493915294,29.472675672091896,174.20350262771476,1.1413999031645303,38.452285873673446,28.91261792373322,98.05319199668114,214.08351466453337,124.03193078060373,31.44866222173274
2021-10-16,-2.6546055111694074,8.02179307109401,7.967843212452628,12.612688829197381,7.804236774235761,8.118829401083019,3.7797011028124388,6.977958427486742,19.749512540617786,15.288197144960225,31.682891931265253,12.104132253323257,106.94793765934256,0.07679993140918384,17.165100296660825,-4.690086911521563,46.14362674380534,226.5730083239727,27.3404759842638,28.023303431764994
2021-10-17,33.8851733482806,11.371947268117452,10.431366425664361,14.158757904695964,42.93781411319113,5.59339706195013,4.552923592204724,10.205886751983233,18.053414797101567,9.277294076101601,35.32519309297694,3.0300327024223517,86.26271058851412,0.6302337738914068,11.707427431707174,0.11037359540241276,87.88825373493917,254.52142592107668,61.57735269957762,28.280343179194567
2021-10-18,25.191655928813205,7.69466904146106,9.067402217693566,11.897261504135525,34.42247806860788,8.929081890369481,31.89510084744271,12.624356182335921,16.374603608644126,12.935085376089773,46.04553965852464,7.81284459386541,88.71336224387073,0.07810364728739838,11.547174393470186,6.076844126212672,77.23456377729946,317.58971342635243,78.43094475158327,26.840550409283264
2021-10-19,9.79455155801562,9.964446868566394,9.969825075402973,13.224249189505763,51.68717248211084,7.521842096304647,69.70456709181674,7.275225324448116,66.99436965255703,16.22954293843968,41.66260455580206,10.536265959800202,125.42450718249549,0.04460576095701402,13.410877096545315,3.2573927184076643,55.17700533289832,308.00429816042305,112.53010094038625,28.689465345827706
2021-10-20,11.946277630925128,9.509783651382586,8.693637755240003,14.21594307594792,55.28558266215565,5.610474774437836,53.53223826799234,12.781636743623359,68.8092122437611,11.246322756450251,35.994584605532665,7.285154284294306,109.97743799304311,0.602960196885592,7.413008961506879,0.8036706581652381,65.7688011354983,236.63720718060378,49.51199224072609,23.605576135585117
2021-10-21,11.946340679029534,7.668557417704761,8.197859853508216,12.219780781620626,42.03721882313085,8.03641395254889,83.4600462474111,17.014844817786663,56.906121921143395,4.578625571316975,51.525290020418566,5.55324689079008,134.7961838183239,1.2285574159082788,9.733199185167404,2.2956168705404854,64.81193834699113,205.81244865672446,35.911226783311186,26.896450547757652
2021-10-22,11.946403579925478,8.736528376097304,8.4074371341266,10.558149791606361,68.20976760714893,5.669488985991005,12.47463871172493,11.501131119793781,34.36425564543202,18.304126048427158,37.3715836072158,4.719616574217127,113.480253640858,1.3244716741774005,3.425776710526491,3.1303231140873287,61.02697582108715,176.00206339543152,61.44273251932433,25.513091009150692
2021-10-23,37.34943714485644,8.375534968590886,6.994455592097493,10.804832916639175,38.34323721002272,6.227249693175388,61.49056968991613,16.28615498842304,19.196423486462386,20.464691127598027,26.9280134526031,3.943778357093951,129.1974097798721,0.8191528508874574,4.28410423084518,1.7210409941995017,121.47447901031958,188.49193858302357,145.44544376811996,24.539276798898307
2021-10-24,8.565367251851313,5.38960568582937,5.817210747285156,11.719508751385648,25.019135543971085,5.7344950573552875,5.661891031714571,14.503126537890834,18.952407218496568,19.37795594798873,27.980553369244852,2.4339109051315484,133.27188948019585,0.8253957466522265,1.9538013672059016,2.1255961226159976,104.78701101426712,219.0468647832384,104.62857853261137,26.730301219817605
2021-10-25,40.81353565553176,4.8280956713482475,6.183604848662366,11.1867465089823,87.76152586766861,3.461180671252041,89.2330654901443,16.551422592855452,19.14498921512486,16.32265043110663,46.90061214786102,2.4489536731604717,127.47031140259587,0.2439468651383061,4.155722562907414,3.0945865985840104,79.48319168035889,202.8759622470363,124.75095102181795,28.14598202287774
2021-10-26,11.568463986451363,4.77440988552567,5.859197430472416,14.217717091396532,23.4365852518904,6.251422906603162,123.90704854409452,17.773435027060657,22.218048803736142,12.880654160012982,33.593770508151856,1.8997330839177349,137.90681435355296,1.3590905974396277,1.067922202540763,1.1538040907312226,69.00290731295439,156.07682365847398,72.29148401788015,31.41757193990985
2021-10-27,49.58992738849129,4.417926824431509,7.1154120458544865,13.620079380872381,43.0694365511414,6.581438197037948,54.21428252892582,14.18377137069864,29.21515064369784,13.952649562239028,31.88005723844389,1.4031928373988998,146.86366045286687,2.0221616153877475,1.7100098217226947,1.3338646550732691,75.12402449103548,210.72435573237448,78.29364383340629,31.91056975517529
2021-10-28,40.36060051754032,9.624286405843815,6.075199949496833,11.708664968878596,80.5407072332819,7.7092586096047695,50.350445745510285,12.775062641662139,18.625499248684797,28.006713903831873,30.187683071177773,8.361363699382864,151.1380550158764,0.3895936491827632,6.289136863254285,2.000934971720237,84.7579210802609,194.08535691170113,87.62075664891097,27.906794873503625
2021-10-29,30.583330979045307,5.928593278823556,4.8153683691331075,11.247996498336857,24.207396195820216,6.525884391171521,16.439057331192934,12.958427412169,18.36257922709394,14.38421042859148,26.13126093018533,3.6647414181164066,116.83038962254044,0.8960372451231953,10.150000604913604,1.207631868206251,63.16857071688853,177.41786242807044,63.797164042339304,30.488370989285077
2021-10-30,16.955839302284122,7.664011548563774,5.122629346291085,11.017150255981926,21.445049872106964,6.640558289151949,36.680104878523245,9.410824029777167,8.751431695573547,9.805580120028704,17.119796774698216,3.1879908499402907,83.10007942515148,0.30402692689940136,1.3419421543254053,2.508253003385015,64.11765049865255,167.54372799960726,57.043562569464946,31.72542413279567
2021-10-31,5.097799266587694,8.336210417335224,6.717945397497241,10.781098020739385,38.45507242616467,5.813543696488645,31.239343012635594,12.071205695326737,11.803206103119606,16.700694020195336,27.548720081129176,7.270192794242117,74.62827264021298,0.23666493330744642,3.3212534828571165,0.5457554572682246,62.719209455627734,192.99474008748945,104.07501281928205,36.05996406847691
2021-11-01,43.891507187615105,6.741780823592488,6.013585343072542,8.834492046995315,34.774718633340356,5.095420848426675,33.78570688943656,15.926481758953544,15.943994278245704,19.636617075177096,31.14724233618312,9.162285357361224,127.77368971799213,3.113308752001064,6.102371097950716,1.0939556900688179,67.36780885386841,227.49899788822117,76.46203173733991,42.16370946064131
2021-11-02,112.87222893637149,8.779452144193375,5.605278479927241,9.668288394219354,53.64256942330746,6.3546910164962895,31.54810474264714,18.390868041826053,15.09926430353832,15.108980564411835,20.524740116467953,3.983581589866806,164.29081906627695,1.032379509439056,6.207029429126679,3.4286575832821717,59.520506690138916,245.2777755902925,112.69801090412147,41.05719032980521
2021-11-03,42.99358189224327,6.705024663641465,11.244509441862302,10.160742994056346,12.858260078710941,19.262005702603517,54.29397300203653,14.904156146871712,14.861111550584884,9.448085093854864,26.341662363435617,3.22187228422369,146.63763248401696,0.4198663421404125,6.2408345376342815,0.06143931343050324,50.81004026767891,194.4623291318377,55.57530761945194,39.6623391449317
2021-11-04,143.3584801700233,6.479335249352993,6.070985831102361,8.720053957510206,58.49883079757255,12.568600540053318,24.130997816417878,17.776109296392146,7.738470484134574,11.932763527408838,26.181552679731837,6.484885852931577,129.19719486119746,0.3350954059395912,6.3870916229183266,0.7743015078540735,53.45652961630417,158.66054243232628,97.76752196552137,34.08041547525891
2021-11-05,218.81784929177064,7.287841781919457,7.133295425519103,8.832028768455151,35.757438133014006,12.43854721245987,41.702191006421785,17.413255070687423,17.17542245815263,18.31165049843413,24.290908131737496,8.327748053057807,130.97922579064826,0.26314378953140793,6.943830685621283,1.796455996757881,66.04290775469612,167.9911272950394,52.81475079666714,37.06735794441525
2021-11-06,55.876810981547635,5.4502721324754635,5.809457533542203,8.702596116585777,36.709955303026256,15.385605662799726,31.52405354810159,11.953020161645252,6.41418271722506,7.108755111213551,25.668395289036006,2.650649410114934,92.50136125345973,0.20207592903848626,6.379240333778046,0.42390298264262183,58.32301031105655,145.2687305247395,48.08367421935206,33.34053790820781
2021-11-07,7.884763727728142,3.781501305515943,6.509732697919876,5.466845169578578,15.928728477722704,7.052284832761617,15.029804263780314,9.084721940055967,9.777999983914864,2.2123578178017524,19.188320034847585,0.7801607766493879,67.82290243261212,0.1502485020689225,3.0071310042978467,0.5304074635939168,30.517935396351415,143.85026105109898,22.7601671578744,27.399152640910188
2021-11-08,15.797650578706977,3.1122170743123707,4.37627119297237,5.43996232038,41.31150784852496,6.351844664273494,13.257219756182025,8.809551854821796,-0.141404962025363,5.1286229985077805,18.15274031429271,1.4201194791583056,71.57440813080015,0.10626630357863792,1.785537188574562,0.8191887585442854,24.398442386228393,129.6410997636728,27.15764881565832,20.894938983463568
2021-11-09,107.16936097025305,5.385573841745515,7.144671442854212,6.2089319962393805,28.85138532141452,5.620276361019794,32.250599394075195,21.90966516531454,301.26398969649426,105.0758441041334,24.94741312409007,1.8604759787271297,110.83561631994515,0.6557006363559692,10.988878839718357,1.1913281753397507,54.20234632610914,152.67604113515722,122.2236186363821,33.12233926445606
2021-11-10,65.00707394221428,3.288663416392822,8.806090169540424,5.3479832263513,26.82581937217768,8.323827417547227,45.0745511593656,20.77479531389595,290.43677614404055,45.75597390899594,21.058720006828423,4.859441916550624,139.76237405766872,0.686958725670684,7.638393689141655,2.701577153532656,73.58167495969269,125.46262350613861,106.90512588972076,34.8142567582844
2021-11-11,129.04496992477706,4.471826532235275,4.322604376906529,5.534292567483266,17.24172274766108,10.232341468339385,39.127505163756815,21.955362305930546,347.73767650796003,16.829190357606286,35.306471937008,5.195071839512066,120.8153867540512,0.12676267596788915,6.311669914642767,2.4485162019291207,94.86333420801122,118.7924903624558,131.3362037719848,37.40880208272336
2021-11-12,110.66137828407068,6.557699664530476,10.743638205172374,6.560898330373708,28.57635571375561,7.374633344944396,49.213304107047186,20.771159281957445,189.81193494668912,25.350928883930806,41.4178691295296,2.416995997945471,138.97201938528798,0.6731595771250596,5.63816037912359,0.09272439504822404,96.26074752273499,126.06784547230475,140.80846061989982,62.81375869450511
2021-11-13,84.33283199020624,5.919585111303583,6.188685316948645,6.182618500026667,58.488426721776534,6.4540259210755675,7.196342426691277,18.832087695003455,112.82820462186459,24.685204575643297,31.264043014093854,0.7954518631679564,135.5483500176383,0.7018398835531103,5.1925383038686626,0.7593694911949519,101.31688985231031,86.56572084771008,302.62490190096577,59.37326521009791
2021-11-14,18.742170033154913,6.535111754586891,5.945566826917308,5.892056385754158,19.02768203505267,7.574778144013238,21.11355176660789,25.93161466050109,67.02717366074799,16.081780155816297,39.143905287791554,8.778122471274251,150.43999017900057,0.139457779545773,11.41521313025769,3.3530863306155414,79.26968269978332,150.5395046523596,342.9945840063394,79.8290285729694
2021-11-15,47.59235600224774,6.9901110686170105,7.095252888985402,6.725402116321309,22.57605229050064,5.415799630043643,33.743714156092835,43.024479449227215,53.34283315564886,27.351780596564588,48.14961878921425,4.308274851425004,204.84059614258337,0.09724421694018542,8.824823556880865,0.08643014390768099,159.53627952445967,158.5805242709009,583.7749469818644,81.34036791548857
2021-11-16,36.89719808449892,8.701679949430215,9.409136262342027,5.62952727672133,53.86267399236831,5.263688691162229,74.47799034089219,44.291381941337036,67.80949358030011,40.5246820461374,42.615780122329355,5.238054090846347,237.6556332439778,1.8216731824708638,5.3686742340351685,0.4896661408860954,163.20108107723522,193.88262031466905,371.14378300566756,91.36171451576827
2021-11-17,94.55074613712065,8.456579411979462,6.345595235366053,5.8398974844700335,23.30900533481153,7.409176991555606,46.632602715586124,34.95297440360313,33.980090427741956,25.698823891947246,44.524629753267874,5.53428247027305,241.55171454088938,0.8065496604141127,7.033811939901698,2.285389682514755,120.66292506341118,197.72134910403102,381.3334130506417,92.42869004021203
2021-11-18,80.0923154981218,7.215733398185527,8.779758158527448,5.530842296471736,29.80937353970545,7.121915522967708,38.25230940206259,39.46999304023665,48.20865435854341,21.08400296592708,47.61397837365852,3.508621511083142,269.3486456327993,0.22843846712325866,7.547280717625856,1.0105083275695637,123.5083862149217,137.8577211574783,271.5806306989004,105.24994552735518
2021-11-19,139.90129390907236,6.699145425246597,11.979977497160835,6.49026224572135,91.83826929173237,15.175014101839565,65.69833426308846,43.80479858276504,41.47133302057817,29.075055804317827,43.79913588296337,1.9707269394399165,279.27540787096075,0.1728690044026664,4.074855172396809,0.2873447768248997,149.67075974835763,106.8176787628494,309.07230294842384,116.94971552033994
2021-11-20,165.54800814796855,8.738560848157883,13.558956579852426,6.276838680850042,127.04495636933522,9.890898103510718,77.3873321952189,43.58453650832197,44.15447226068157,19.847430769657684,50.41842009132103,3.2716988771907607,200.49991561593893,0.12570931217073703,10.278693191573659,0.7671439901906524,205.26424424343554,98.12882222313033,336.0279401801923,115.75557593670564
2021-11-21,153.00858084005867,7.144370204521783,10.399474539746556,6.350881570251805,31.16783641726377,5.712002484086739,57.54188248254388,58.17983936245686,48.88635137419438,25.48972974641768,54.927272370064905,2.2130978864942,192.2855217165803,0.08568960547705076,6.514321543369775,3.847677942317377,177.52916814103475,125.57752683618773,390.54043824718883,128.23341755329562
2021-11-22,157.54819322894136,7.002513403031516,12.556688881440424,7.364882158811012,60.57530276685174,10.959494000686966,92.6424964966256,60.51164512548561,44.11693679632725,26.41910495534394,57.10501066420226,15.632032117532031,290.31778968839217,0.6384763386375092,7.190369706352062,1.030275640558221,405.1532641668847,181.3126378286036,492.14342129614323,154.03052327625375
2021-11-23,278.32422569848285,12.019948199299911,16.51229525382743,7.901092083301874,41.39899826299019,8.534282679201599,150.48692118984687,87.86756725175185,125.69090167340374,37.91106636910233,81.00108559735747,6.85409315873542,367.87296321322935,1.8460724637626842,6.868694246022674,1.9679534243744456,846.4772970973429,179.07313638647867,576.0365905695259,176.8718037357985
2021-11-24,331.46559932919376,10.109192472045118,14.82007094334266,7.562172135314127,49.37639266917453,11.713398157578958,191.80825485452334,97.82303727131651,95.09616935235931,64.58627259153562,94.99053808371725,2.145477549473686,367.0267523275918,0.8274039683680254,5.758993443243371,0.7927190009352402,724.017779136692,167.6491706311845,502.1127520222759,210.34910703580897
2021-11-25,394.9864971267518,15.109775739694188,12.961986814801278,7.908570058618556,67.4309950104857,10.476071541898541,148.01018130132763,94.60064949298672,88.69989164688499,46.4852756228342,79.66728772570605,6.9601877711940405,336.9082272997859,0.8330255042120815,8.553286641901465,1.363540557293912,595.5515945497616,153.69689266593403,456.5700560997582,226.1447035576179
2021-11-26,387.61341390539604,15.801892894536213,11.737900038426815,7.612438639434756,59.019343944219536,14.085667196743882,61.330252607993096,111.54964437257911,77.04300991167338,53.63083069399708,103.35129192618204,7.908981097198254,300.9390496679029,0.25107610477153663,11.039958393022047,2.45719695607868,503.19748281536926,102.7783294192729,447.3827278289481,236.9746493024739
2021-11-27,988.8704231269116,16.269045289227883,19.126208164641923,7.6513872749859155,438.82689579291946,11.121019619505656,180.626891052591,154.610522836313,74.2684317206211,68.07500508569916,90.8352935114721,16.141308552116477,354.61499909504005,4.886166534750053,4.960494713761303,2.1667518759944864,709.6061364339503,105.32211334355188,772.9217207027264,289.59418451477904
2021-11-28,146.74289255838357,13.44779727423359,12.65387144527692,6.802644393493953,-24.93144714045218,10.065102855854207,88.11294703911834,122.09006954681223,68.06661355722683,38.23589946856568,53.80241347755541,7.053312480195077,283.78630529678344,2.992625168679549,5.803928093077506,1.0763338482084597,655.3557492109701,121.34223267103208,477.06834288738827,245.12256387709454
2021-11-29,296.66747706149584,10.54983989091819,15.61181286247664,6.653142640751222,188.42766830949193,8.939363166423146,74.49286843051293,145.02259529228317,83.72925339704543,61.04085814511434,93.6665737100475,3.136109197566526,287.5301491638306,0.7789722839949871,6.53604138522353,4.435850624037417,670.1175470869503,117.18824153123589,790.7073660345353,249.11663381773803
2021-11-30,313.30521637687036,10.39613895015868,15.557556045417618,7.08479893388887,35.80203267816418,9.195975656275369,196.05446132959304,166.733655220896,94.13203268356725,66.44420445455901,101.23997621332242,4.638344465781233,281.14218670563514,3.57418280984995,11.509805242283402,2.0687948513257712,645.437297390418,115.46623060250462,505.08637719553724,228.27579431197674
2021-12-01,86.23314411713949,13.672392590537566,14.698515622071888,6.521419850875405,23.476011893611783,15.44774655058076,81.18047833209074,187.87288599767396,111.18790347710328,36.56682119022639,46.25347212068996,6.360587108979163,216.47839923554614,1.4242706269204604,8.240966362469948,1.0277683149285715,411.51199845833514,106.87843540776191,443.5488036365837,210.21390966198263
2021-12-02,76.78994773117017,8.351066584422979,12.764087463179967,6.365156558400356,47.56284795728815,7.963894315064307,25.627364332754453,191.77658736328993,122.91359070689819,20.36593864821686,60.45906448638,6.546637949150358,188.8291583395454,2.513378032908015,9.155314410746342,1.2260624335516712,298.6173035544204,72.82553095048195,422.9184825228656,172.2695537176101
2021-12-03,62.386434062422026,12.264200703267015,14.0996088507312,5.74466768215259,32.55948257605126,7.824883863408768,16.79492715435273,196.76429571757996,123.48371323560168,30.34430695834023,66.7699066510551,4.6722509199503195,196.65758990563378,1.3941325269860272,9.18840587151037,1.7756717319961575,305.4453448916138,58.034992912080625,489.33850402289386,146.97641978727742
2021-12-04,64.9990155820156,11.86756299557657,11.346094896222226,6.126660247993052,29.466173249775917,12.676314175684217,43.92491086591285,182.182177317066,123.04673558489071,14.424707720923996,37.98130803351511,6.9129539959721775,126.303230452913,1.9010899695781212,12.857299045472729,0.7942408525255651,413.91803674096195,55.25788357664334,442.7139081218879,126.41435648231553
2021-12-05,53.45276839378814,8.163685101063614,13.722707234947116,5.4595363166266475,32.836380641201984,5.5301988410132825,110.44100202690626,199.96014469346298,100.48667368236252,10.417546747018385,43.8182137664049,2.9032042016810635,161.44332378722268,0.7228256506531503,6.421292650311656,0.8168548047135787,434.0006796014481,53.93475181394799,725.7357598077579,124.23340684135074
2021-12-06,94.24679054138286,5.8673101233393385,14.095510537670084,5.456518604854,60.73877960590723,4.721952163853554,86.15097194542975,242.759654886882,105.86255407910139,27.92131895894078,52.31951566847664,2.7975091626197277,209.50359994801093,0.592939857681424,12.305847889823724,1.614264950918066,831.2543267952228,91.34716634595227,927.7361946200762,131.3028647599725
2021-12-07,67.08379991579864,8.081791829629225,12.481713862011077,5.87593881340974,14.408384733699847,8.05755790668315,65.04836843585319,244.78602916796513,135.7712454377364,17.741610294113457,37.679783027549824,4.274553442408835,238.58674355931186,0.4826838554501453,15.370616708235914,0.6244167904621781,610.9551093417367,66.51220152411044,794.5009542640737,126.71480062810859
2021-12-08,52.68440705966443,16.158808977820783,15.773919138462423,5.219098668985905,37.93438523849129,6.499170422201016,65.15640392680676,259.8714337175312,132.5577006780538,15.466470474419296,38.217474972682425,6.144760998636388,235.6501003319944,0.9758247556685637,10.595110633876686,0.5699778496364385,1024.1328772152906,78.84746489607382,1003.6086115782692,128.7498700381559
2021-12-09,54.98962243828962,13.341853393402241,13.8629462196242,5.845392761354805,23.464957653457766,9.688178434133844,49.43395041790571,261.3445046198811,121.38361612723891,33.873273550697306,48.92439787440762,3.1879039651083496,184.00907454599013,0.9592987062629008,14.380822399157395,0.742677246358134,588.4632606676885,51.753050694155036,828.2858049150428,131.41118439860773
2021-12-10,58.453490049855176,11.797268248968326,13.54938529600281,5.8463042200486735,42.893078520055546,9.988824813284134,60.693513033097446,293.99838674787503,92.8760729569966,65.00852693734637,41.11591527312209,2.7491021643419744,176.5816636157701,2.1187448345939752,9.894835780784025,1.840058929850741,581.1058415913546,71.71991287858552,832.5482408769502,144.11665716538795
2021-12-11,36.05472658822947,15.92520755216648,11.263844059347417,3.7574209033817536,36.64366368843298,7.679226347846411,34.33508306809105,274.74898774181815,66.599886321155,42.08576503773382,33.11295207311326,1.5480569956908743,125.91044850241482,0.47250853049591557,12.017269027831915,0.18384309388939007,599.9769450171773,42.993041163902525,790.5144046610711,144.7999436298136
2021-12-12,74.76777316804495,8.749825369977337,18.281295732447127,4.111824194072051,35.68798114925456,7.598753154994161,29.690028031853974,313.1770313506303,62.9938228423884,38.95511942555903,35.99737192564497,5.738420689888588,172.56819263047365,0.38053038354050495,7.2383876939883205,2.8810455345758146,786.8752022801036,55.923215934873724,1017.9872671951697,148.70717963260057
2021-12-13,71.15831938147869,5.38028080958321,14.966454161585595,5.253547491553285,126.4482615849148,6.682995754792323,39.05801649495685,354.48988180963937,55.710950045118295,37.95209011318821,29.987862254606377,4.769169481592625,188.69958348173606,3.2360922683774325,8.91707701375503,3.9284032261607265,884.0461654167202,63.02107496217156,1031.201312459026,168.81435578414357
2021-12-14,55.99465492403171,6.267087302905303,16.367398412664294,3.496999374577189,10.136207490415373,7.423002456766558,45.74901835789505,325.9331588918867,45.588440428641086,34.612779811774665,34.74045549902053,3.5607349397678547,197.57024916863688,1.1374861924577466,5.829407327720624,3.9516773802732295,774.7204438566296,69.30224537617511,767.2198573949278,172.1592735963469
2021-12-15,75.31168158998767,5.528928261642594,15.905851007418423,3.038979680882173,63.973353571625154,8.664427187362278,28.285209960768753,271.9104321837374,56.79744498453395,35.932879149594086,39.70422097889882,3.164475801678629,169.95042874076253,3.443562416696766,9.472583887596755,-0.10085517539348132,541.5171955827094,68.55293367972315,634.481401091647,170.2679293170014
2021-12-16,63.76959867711827,4.642704885860658,17.23317717610999,4.195391262068451,24.794658794184333,10.815943996191088,19.509212483412355,275.6039304123246,53.355366055003685,35.46537010524118,41.06273275884227,1.6394245419611915,170.7304317409112,1.9003952254416987,5.7835680118791934,7.983468706985962,452.16178531480574,75.98304082185604,506.2501970905791,174.76237622174747
2021-12-17,97.32811645207357,10.281262709473005,14.248706932114423,3.4061008089044913,23.356235087522535,7.239674986964175,64.45025831045791,255.7776975715861,51.35778614647431,29.26880790084142,37.56390121307318,1.4887154819924033,133.96236831224968,1.8959178222789803,6.692167353458757,0.7643932928246263,375.51230095027415,42.74648963172548,436.2666921154391,180.65549846794852
2021-12-18,7.584019878004362,6.845349873994255,16.97857463395613,2.992068141716274,33.3431341264136,7.887304687189362,43.224063343528535,240.55786064026233,52.304482398352604,24.76043351674722,43.95089741996438,1.0574629791129522,126.28047626291652,1.3054114865911708,7.409940420636225,4.177640994194727,501.03450317611026,62.26063028667481,522.8331281086759,178.99896835669225
2021-12-19,51.285288901002325,6.733873956296757,14.23771298946977,3.9857379938903623,25.89775306807335,12.948224275522733,16.3621861501419,221.70573874576417,44.58295540833785,19.053632062316797,48.080287702048295,1.7346011482374104,148.065076131506,2.9994713282363943,7.206765640768804,2.0572837828977693,567.4366339590478,50.503205237870006,787.6699344033386,171.6078271111907
2021-12-20,90.85737089508368,12.503969737372106,9.576359974529975,3.089492768785899,23.465830175063175,7.596202503771375,47.811769699276624,186.74442070478315,44.55790241064323,39.9934717891861,45.06080836128952,6.045687807103935,164.91059227123526,0.7852124969264693,6.69119259106281,3.728068049955565,585.4090740073906,51.23256581938702,848.7876207519953,157.56495372244615
2021-12-21,53.84323913012108,10.247516752173834,15.387529402895488,2.5213686225889917,34.114147024377445,7.085541029397882,81.24528575213004,168.72045982795478,53.751269337090804,25.155865099568977,48.34544677911826,2.612526347248364,152.8938051303343,1.2329090997030954,7.095956272380693,3.0056106280683865,391.8570834452388,56.97979659771134,991.8926351669004,150.85256057285554
2021-12-22,45.291902249543526,10.600086348637126,11.696766432484408,3.937069256951896,24.505677317903256,8.94158173456844,19.946075931602813,146.81211517907298,48.90852717289377,24.132747266008852,51.289646999247395,0.19470270505322465,111.89205531364436,0.5910849969760894,8.948009424267006,0.9232079863922127,209.73231098660366,50.113126115514554,626.6230055936915,144.83718597148373
2021-12-23,36.59094812803691,8.94195949709404,10.643121691482197,2.7543543220437297,23.82974366660158,5.497017731063831,44.720422518771166,137.98146960753084,41.38848379252553,14.49932160138438,44.864111157114465,0.6940867693279336,124.43967871151202,2.2415643729539036,10.18265364347027,1.8461560850578265,138.48433876854918,40.3989618539877,656.7030867803305,128.6587051252516
2021-12-24,12.572832060682572,8.829465219588528,8.600671314073555,1.487768559128883,24.629613385082877,6.224097862908726,17.54945839989489,94.78870692416078,37.46730129472747,14.699795108010715,44.527821380514794,2.240990980876627,83.81855939583644,1.163758235602534,9.006503454726374,1.5618880504134443,172.85941064718853,29.531296593088257,349.31303996887186,113.87248694829451
2021-12-25,48.282603291082324,5.999881397364102,7.835387996918344,2.604506325976474,24.615090948966326,5.634623131251023,24.376168810692327,67.83258971197922,21.52344245787831,13.35953088665852,39.9228323245493,2.0890415843279415,35.83705579315293,0.532431230656361,8.67348312919263,1.08186390733779,232.33580788777982,26.335890051104467,177.60994920343109,93.94799178397058
2021-12-26,70.53545552048091,4.030308555302957,6.976203196084539,2.59500397240749,31.34436843515413,6.809634378765628,29.59421423512901,66.74012830467099,31.24453038432769,15.068857772089,42.78265834804171,1.7488859198882727,78.08591684508312,1.018382051070617,6.860158130629344,1.1864637584871711,535.8773604795465,41.625462009744794,775.4022460130407,94.44931016162873
2021-12-27,65.84628657370422,4.935814902079902,4.944350571640534,2.4189798832831246,58.96672265331929,5.427579086051833,34.845616834244204,67.87025208753096,46.06005971200783,13.125125537447214,45.966089272420085,1.74348908259017,139.2843143637595,0.9957573676912506,6.230726245391924,4.844137709060244,470.9886757191799,42.75202788022779,1509.2630455487997,84.3717251733641
2021-12-28,35.98043638244308,10.007997441182066,3.9711981944149572,3.099331016884575,67.52897153089113,6.694163103914529,129.04189378455723,76.3959117122294,57.82844940808553,17.079099743038764,54.10833632554515,1.9020831287837159,149.7719010822044,2.1499955757509284,6.734118180428231,1.9759943340693047,425.55318784399344,54.62839140999735,1855.5081030180063,74.73636315409712
2021-12-29,35.357669404379536,8.033405854881545,4.718176100425368,3.665834309236617,19.062930021039513,7.788988217500188,38.745148364161956,87.37698458209833,51.27277659311108,18.166888330899013,54.18861911633422,6.726109145214743,102.68485635577451,3.4329627636755218,5.9274865717956615,2.1929418634595383,321.5831409346613,54.56587171475806,1015.1617744565351,63.671516243251645
2021-12-30,90.2383631186835,11.31440407660287,3.088017201203355,2.5970210983977298,36.12583365292549,4.618637591833887,14.814508065954506,126.67260573073663,54.61644168506837,6.2376536670461595,43.58520358111228,6.035415640580157,96.6107632630662,1.30494347346488,4.788970966153457,2.9941019960824673,342.90293006364766,70.19204572642323,1164.5241179991972,57.77581410982726
2021-12-31,64.54206484371456,11.224588390910313,3.1600668451506193,2.125297930057297,76.70172346353799,6.870165764948398,39.210248800826506,112.41715468494563,40.34995174422808,8.961064033686158,41.012204972723154,2.0624817293138813,74.98749036714172,1.825835773065298,5.833782678276727,2.6497609640948987,440.86273838638107,82.60173354995824,733.5291432315863,51.73606805442225
2022-01-01,28.899327194652884,8.762106324571718,5.13927195291623,1.8134178563699705,11.464970657533684,4.923888520495595,42.968465192727216,76.38333984733904,34.61581320987595,9.77643881675647,47.01147574793707,5.709413072431078,50.194320839463344,1.2461667681541215,1.5515108839025213,2.502597179617385,444.2137906514893,66.37805778918263,424.9221943925899,43.17581676761778
2022-01-02,81.30890845231417,9.83299513148383,2.5872672224412874,1.100277117129731,117.69807626854845,6.078301092437727,23.850835002131703,148.0379085561941,50.19638199796417,10.288215688780078,39.93159497096103,4.295602844903804,72.48051169224303,0.6025462235952825,2.162727446043043,2.13837678046814,552.1682945053376,94.1202998153619,1161.9934626734207,37.69531748827541
2022-01-03,64.61688462322849,7.248114295863623,2.239759789469371,2.167238156751794,66.12728296522674,4.330629276162321,32.279061439054686,208.32025291604643,33.32498725800163,13.215513509057207,48.704004698766326,3.1253339147950014,138.1895837934008,0.49134042186112376,9.471813179428615,1.1700995641661445,555.1374768874282,92.79384522328688,1313.6209523215239,42.87310732033272
2022-01-04,45.217361271759266,6.136334501316359,3.116266182597232,1.9032675416513936,20.844302637915078,7.259441740121788,21.256142304499313,177.95782683470404,60.06247824109914,14.747461609099515,54.975859745896116,8.062711890947167,123.38471302919388,3.91719659842075,4.668847283524059,3.68579295599774,557.4242082113421,105.3170927057284,1169.7376499077307,49.835049201521684
2022-01-05,58.37482608964297,11.299574827941377,2.1841537684742267,1.9706819409118208,39.4092287269708,8.790074857580555,36.16801308109335,141.10188512281252,57.551420504531634,19.47210209146059,33.929719385647374,7.503316335937392,118.58230833258955,3.041085459545949,5.888647107366582,1.2952396903742107,455.6111997965398,108.43547112361469,769.1651552167341,88.64140389411469
2022-01-06,33.90002359242726,8.563245378547803,1.7520269830146509,2.837677488644806,39.93013192234097,6.542202177761819,59.042658629803825,144.69758189827223,45.58504447722902,9.925349730045896,48.43973733814768,2.5653286634793893,116.06585700037363,1.4075854558528866,7.24241826504829,5.852048153225319,419.58718857971905,115.30582006025294,1077.7389374327247,75.84877188916596
2022-01-07,72.76570529206747,10.26471505747459,2.3616262918800404,2.808405565697173,92.11067740368674,9.396836610769661,57.28952435502714,162.77000120301832,76.0879372735917,17.307321152453095,51.96908091984315,2.3703868771132304,116.01763281268646,2.499804791069226,6.126145618233725,1.0615441008512234,484.3234719718446,69.04806287875962,866.0534665691717,72.85683214348671
2022-01-08,46.064679871235754,11.547527442853209,4.150845418796083,2.3118951765558204,23.617395923874795,9.994966093162034,28.26187634072975,162.65280875026895,45.52778747354159,22.639464895396777,36.25771160363386,3.2763662829311406,99.42006520952292,2.556696214877494,3.779183293091691,1.4547968409482037,526.3652168012738,109.16726877498554,771.4865093624791,59.361968840817724
2022-01-09,84.77659713448038,8.251609189985544,4.0735558370645,2.5144834371599227,62.4136953449085,6.703802099992259,43.42270557207371,198.38877603836096,51.34066675732899,11.96407181479921,25.762364706024197,3.4220686348857123,106.64617451581594,2.605014498864908,5.115329097366086,2.94019758830267,623.3784397610553,79.41251384826818,1391.2924786801843,69.63565051315209
2022-01-10,52.30270341966186,9.185557298970298,3.5376178726444234,2.136405744477379,64.92006414431862,19.71396920408359,25.97416204055516,244.49393741904908,38.275951520574566,24.091861502239777,40.57562438727568,3.039148465140146,255.89109807015708,0.8859415031755944,2.820135653582579,2.2082492950509693,684.4624571046023,129.31855011107208,1255.0326309643287,63.63581038340221
2022-01-11,67.53670612594725,9.495731230837578,3.102537664531693,1.5039033412490634,24.29283885746004,15.622452066989467,58.309641121395416,193.78065684715125,65.6625778867431,13.318326963225836,35.85712391830215,3.46782802273014,249.49849858896036,3.0789046908261843,4.603419452100352,5.738648993377174,701.5304665884346,123.40159202699837,819.2795799169451,64.4073178427715
2022-01-12,35.98088774474244,9.900896294686554,3.16917345124058,2.5630566735731515,37.029801711753564,6.3980893265760175,24.059400363588782,136.29684148701864,72.33117474670937,16.266744207674737,32.233786662859934,1.8885826118124616,222.23003382811373,2.0265081107757767,7.422628338619482,5.845363278008861,485.01896081744485,122.77941222380113,582.7278956321339,41.27153213990631
2022-01-13,90.77790080730725,10.69612853636043,2.7697742726477057,2.198619090199461,62.23531154949508,13.574097963005489,31.747887903568355,120.54259983982,70.64476254745675,14.638204399726717,31.965242569230885,4.298739354831799,209.62187863255713,1.41675509226209,10.299081251481468,2.070352635960336,442.75012907591355,136.1562729500879,466.50178426299465,36.90864036477899
2022-01-14,33.21482235217028,14.187337999215535,1.824119637191435,1.7410930141209298,28.860030599985357,11.47973371643482,48.27907314787666,123.02576486339923,60.736763972541695,9.725678595908564,29.425351513611403,5.489717934496153,220.32957898442245,1.3342987533452164,6.682411426731695,3.2669498381864277,425.9576371009583,117.29129711385161,353.18040443963145,27.98381526676676
2022-01-15,41.1310613904636,12.294424065228576,1.761225459920782,2.2305836273419457,40.62974980555471,5.896861101445117,43.742533727359465,96.91234227456013,45.151643239444134,7.26655755814244,45.226157408854704,5.928870249840452,153.88973622686493,2.437709838958131,6.460649122814733,2.9782918819333197,479.2535918170963,105.64388779862607,328.87463502179156,34.288836160334775
2022-01-16,54.83231668548714,10.645020383293552,1.8436400922541645,3.7778050800509817,43.44120366036678,6.947940514412203,60.093667812079644,107.33812873466292,60.51593653085604,16.29062676165889,29.61373556799279,6.147847589167556,186.16810934571583,1.3307095327740797,9.507312638047878,8.192265676279447,528.2037752245434,128.22323760088267,530.3741908803659,30.178665234936158
2022-01-17,42.5970820886989,12.835963486704564,1.2701495532497664,4.520331602221309,75.92510278331909,9.695978953132984,63.37340491170963,92.58770080445098,46.61480688763481,14.045108340157437,39.3409856028459,6.532159538141021,194.50587950702663,4.194789998826785,7.66387350676527,3.4271694223936913,642.5541787479126,146.369028343842,758.0581732021574,30.61583114684036
2022-01-18,28.9707099357487,7.532916588301148,1.2318008210650346,6.172610151748489,46.85110718685932,7.672186821326454,18.82356819396354,102.72081993629017,58.31289307781651,5.283849539691442,51.685444736236796,8.527393538280478,206.80490668131108,2.1035883125864814,5.059532749478482,5.969290158049152,549.6889443699534,151.61848229321424,546.4105710556399,26.540348800509708
2022-01-19,50.59621532488907,6.413172032031972,1.2567856369328334,5.906769697989468,57.934522437320645,8.024640237282197,42.47757089908504,69.77649869597326,48.87574135718573,13.995563611821872,43.99288004617303,9.312950907285032,198.58832426433176,1.4823028936806695,7.213228753747187,7.948716204450225,380.8052127944519,181.18616350358724,672.0306165161036,28.543046986676533
2022-01-20,29.51066191228567,6.887863954854192,1.9261921154847659,4.6049309298889,48.20118005524169,9.602022141090597,39.78114018804909,51.10962193715463,129.165634372642,117.63741162094567,41.20430406420371,12.28725929176322,185.44353909854644,1.976749514761781,6.714879137478578,3.320071932906827,391.0755089089023,107.71578181859583,279.54729982536867,35.38918537913912
2022-01-21,36.58773419439809,9.85200701400166,1.2233640329521087,3.6064573756937706,29.05218326257938,6.399318792910719,34.12700885212146,58.186336769164576,114.17553232864827,30.406023592574165,60.11580278460718,5.17919878188901,162.46423423778566,1.9613452952082975,5.730262281366301,8.040506583032888,433.75481794803983,111.53752804510664,445.74943649394385,37.82716640297863
2022-01-22,57.90987814629945,11.491158191195916,1.2486765162783748,4.727960776228297,30.159197093835306,5.4856972284379495,20.133529261029096,53.83388094774454,108.29099107493866,8.943526983670345,44.447342033593216,16.16051955291159,182.26270726793865,1.9482835162310426,5.156531569874183,4.959410361464545,374.82576996853436,120.67750251739699,379.03594262776284,35.62627332398236
2022-01-23,86.16344114794151,10.076822594596694,1.7438510277391939,4.1863257745758204,41.215706850887756,6.232010912911732,24.3869357347226,59.3922895755463,76.71005263454501,15.550895733370762,34.81330491816594,9.139707240771589,207.30037465437871,1.9372104767913347,3.2230696432424715,15.447274191178234,418.60465049787666,187.95452345624918,592.3686760972857,37.537478428842334
2022-01-24,220.56225670930786,11.867079183473393,2.054128602845646,4.33071827722214,80.16303538007665,3.528070582151218,31.014030117620468,54.09457492845959,40.2037985339677,33.09890035950019,46.2064904745766,10.613786719111731,257.1382695831605,2.5145191665068887,11.005396854574734,9.613011741987288,405.13760153364626,198.4302743711313,570.587612901612,34.105196296301315
2022-01-25,52.02800824929862,10.626831011354335,1.7347532832086903,4.39202415235226,74.27215058265827,4.781435770382419,95.82471213497321,40.55877446211449,33.90037616743159,27.649510580258934,47.69878274329269,12.799994288291,262.2149764935493,0.8093893722221686,8.439224861547881,11.388104293207522,335.3084489662093,207.35544265414273,501.0977808464814,33.66043099146306
2022-01-26,102.02399333607511,8.692274133651582,2.9968140079153733,4.176376791234091,134.2667836648286,4.664080340692542,83.17281517439932,51.60972898951631,23.29402398459084,22.933718878917237,40.512907356220865,22.61106381838733,210.34662138505973,1.2540530468467272,5.932560301907589,11.453847023617328,283.19141631655305,144.5019150888013,341.2137677803885,35.718655544085905
2022-01-27,78.4009300066384,11.327750700552372,2.5445165079160925,4.666784318454039,165.43010211005594,6.272576258391451,32.324467612965506,43.33966055698653,37.35277907919196,18.809423343633775,40.79553334162723,17.413241549754737,193.70928428179283,1.1963845956870243,9.518028088007743,5.111587745219062,200.56234231130418,160.5719355991733,374.4060283238813,34.35568056671639
2022-01-28,60.23121193337255,14.263576184175003,2.6887323553074265,3.8492273312904084,103.1514866178971,6.470067076323172,33.74526134729783,37.029256674223824,18.714229623835905,17.734256300963704,45.54386680961257,14.88027656429001,231.69393111408914,2.3208205325615534,11.458910969561053,6.724688460699812,190.9799486378389,187.4078621184402,298.02916393528596,28.999940353602547
2022-01-29,50.29712552964753,11.490882022574853,1.8600196663348612,3.6188435738942433,54.00456202241556,7.430520621664566,35.30062830823859,40.237480444750865,41.31604395247035,12.185116123935508,32.75542105714302,9.590718390483378,253.52044397528937,3.5784569102441792,14.89635863889977,7.165987534670152,224.4745529177967,182.67981559088918,532.8177188005328,30.23974012966037
2022-01-30,71.61503765173953,12.499698395327043,2.0819621092343876,3.6468436654368324,94.71157364236323,4.89638979959399,46.11658807897817,25.293254089937626,26.950965031621976,43.226344909698106,40.19390074564397,5.872934073516774,275.10760188009715,2.602425991806158,11.325535815621137,9.413498404148765,270.8769639056265,187.4726638393812,249.94609235096937,27.490948404184984
2022-01-31,94.40292359784603,14.416867524171936,1.8843012039972777,2.453445257004442,93.58121960754306,5.138140089426264,25.542390449783863,52.18818679805871,30.832636457274457,15.343860896966579,37.352626756270446,15.312595693819341,295.0080052407822,2.644197370830727,11.412632736041076,7.222986360372382,292.80247761318503,193.23351958681462,330.9771620220062,25.63820407525566
2022-02-01,59.849087662056,14.107496495857873,2.2521399728223814,2.6810948766131775,90.59381840914338,5.978210164872828,42.340252176516955,42.34967691895662,36.80058643195489,18.05033425551317,37.80376480128811,10.556059434708768,296.1445880650226,1.5063034825499737,8.242254312261377,5.0469321052585085,236.07503511953803,191.01002026520115,271.48475298117273,25.851257811998515
2022-02-02,90.55299541418388,14.09282808112601,1.0683728051162023,3.2860943204291253,89.64236791191978,5.787155832143416,17.620670921273838,42.99223368004597,26.497165633536397,26.567097396918747,47.46182930699298,4.24954189520771,299.7173932593119,0.8239637083264484,8.362721376707391,7.881200640544281,188.11600836368765,168.92797809635815,177.91777808532464,29.887351774173055
2022-02-03,95.1004466099603,16.090794983181915,0.9699032703058565,3.5159172098079394,48.229054543097575,5.182708606406316,19.764854540921014,39.5229058948777,30.346321713329942,18.39983205978486,49.081446707536045,4.604621106898604,341.8072641094891,0.6798731885579824,4.849442394299108,10.00463250681863,136.97356959053585,178.95857136107395,209.3208815570245,50.86792200329478
2022-02-04,42.069779643915105,16.075080595947025,4.34076005969502,2.7399979984658898,54.09694060925733,7.679647279055706,50.3365964441393,40.37988363225659,32.95935883449185,19.996950289859914,46.525794289783974,6.851939574838886,303.6614235401907,1.144240118544295,8.157068929161152,2.015729177952559,163.69288934042333,149.3944206788274,248.49509657756525,48.755716174026105
2022-02-05,112.48538099128429,14.269644163281182,1.1223848615645635,2.311732271683077,35.8902136934648,8.025986392622647,48.94954422188114,44.093789198197,46.537087797273436,15.238032082678536,45.358790219937916,7.5312305274137445,274.0883811888585,1.689986919141889,5.730496526940178,7.496426711162646,242.08946160043413,180.40413277331044,219.15387259703357,43.90163407245005
2022-02-06,13.978426045267867,8.70499121086456,1.1985535562491005,2.06828417348037,10.964881797240192,3.8761697722282173,8.864507218141528,53.40889860365188,39.191568483551364,11.252457980281395,15.663557169517922,2.608863331041135,302.0225812662932,0.5447753836887799,1.2305197547125175,3.685276115295109,271.26522330886246,169.38220366623233,108.99407725991888,40.451025225165324
2022-02-07,99.85597574251877,7.422327100114201,2.085148840607608,2.991008397408816,82.35795480784009,5.190417015256701,31.63907495314504,55.92694790370422,45.4944769092467,20.49817124454823,31.722397784944068,5.051275838899453,357.32440689565647,2.2029542337828123,6.318840851166161,7.704086219040942,379.74855009246966,225.65595907628054,283.77340999785713,44.78454810094213
2022-02-08,86.55745402619084,11.093371087670938,2.7157676137835027,3.4299697190559937,44.733493731651365,5.551308874932396,40.284302242780804,50.189103117137094,44.22061926923608,24.490239102241254,44.46433836861941,3.3717935979794995,443.07282945635774,0.5451204948428541,5.350303458969368,4.845770974229442,363.63807431378166,179.8295285929226,295.6047256722044,42.37924038370848
2022-02-09,117.03671863800471,7.584954392343391,1.8328786794649616,3.001237547671602,66.60685795524032,3.6262558687035513,46.67027573606422,33.22492570520188,39.10207772052958,10.579806224132778,25.03129737629677,5.968014056390496,394.59136641396526,0.44323322394299014,7.282380306045511,4.305582414066482,277.66896395359925,179.0943850413014,223.28979493205608,53.10836270875532
2022-02-10,104.95944075738703,10.383896936207703,,3.276159615653459,57.66295019701538,3.2984986601511666,26.1728207887535,31.898662272301376,76.06832959164791,17.169578100752904,39.87535822508063,3.6532714556292927,424.8353704668983,0.3567462755141866,7.1463431041520025,4.901942501360242,306.9633676608763,174.81864883383727,178.25838209287326,38.619305717579465
2022-02-11,61.007757139248106,15.39160917024724,,3.0922140858814506,56.17555019624444,5.380416276196346,19.86595331291517,39.19948058825552,52.22787722808215,17.89063634771487,35.562036819325215,5.937645537417614,406.48084052066577,3.803412489727604,5.637008473166635,5.441380393731931,300.53894296008536,170.89687922344228,268.7992343973082,31.088087518508356
2022-02-12,102.79176391108197,9.272495135375944,,1.9253141283829551,34.05004810550393,7.285445830836138,30.04405002685601,46.75447877887667,51.90584723357611,18.337193104775835,18.16695696432024,2.492446367421547,359.2829159999482,2.358424400948982,9.617857139229201,6.421770792938343,366.2283001460516,163.50437457430425,243.8869649082169,26.542997494014656
2022-02-13,62.237116124888814,11.4405887462923,,2.8670895289806184,42.308572548730446,4.0226845490171605,26.61940804914505,41.793280421059265,27.56970483628587,16.27211676136084,24.246673643077294,5.079245974632583,417.43502289351295,1.2638847831222333,9.859458524440996,5.531178289017463,425.19875384215015,200.634494322874,126.90871452880644,30.005799445023175
